frame_number,monkey_ID,monkey_name,monkey_id_confidence,bbox_x1,bbox_y1,bbox_x2,bbox_y2,bbox_confidence,nose_x,nose_y,nose_confidence,left_eye_x,left_eye_y,left_eye_confidence,right_eye_x,right_eye_y,right_eye_confidence,left_ear_x,left_ear_y,left_ear_confidence,right_ear_x,right_ear_y,right_ear_confidence,left_shoulder_x,left_shoulder_y,left_shoulder_confidence,right_shoulder_x,right_shoulder_y,right_shoulder_confidence,left_elbow_x,left_elbow_y,left_elbow_confidence,right_elbow_x,right_elbow_y,right_elbow_confidence,left_wrist_x,left_wrist_y,left_wrist_confidence,right_wrist_x,right_wrist_y,right_wrist_confidence,left_hip_x,left_hip_y,left_hip_confidence,right_hip_x,right_hip_y,right_hip_confidence,left_knee_x,left_knee_y,left_knee_confidence,right_knee_x,right_knee_y,right_knee_confidence,left_ankle_x,left_ankle_y,left_ankle_confidence,right_ankle_x,right_ankle_y,right_ankle_confidence
4,0,Elm,0.5080,1438.3,125.7,1833.8,493.3,0.8878,1768.97,229.15,0.0000,1782.85,209.09,0.0000,1772.82,206.78,0.0000,1832.23,168.97,0.0000,1735.02,145.06,0.0000,1726.54,235.32,0.0000,1672.53,181.32,0.0000,1726.54,287.01,0.0000,1607.73,275.44,0.0000,1748.14,312.47,0.0000,1726.54,274.67,0.0000,1609.27,394.25,0.0000,1498.18,346.42,0.0000,1696.45,347.96,0.0000,1438.00,111.11,0.0000,1600.78,408.91,0.0000,1546.78,414.31,0.0000
5,0,Elm,0.6561,1438.3,124.6,1823.4,498.0,0.9332,1438.00,117.98,0.0000,1788.41,203.71,0.0000,1773.37,192.43,0.0000,1705.70,165.36,0.0000,1729.01,143.55,0.0000,1718.48,228.52,0.0000,1438.00,117.98,0.0000,1707.20,314.24,0.0000,1603.43,274.39,0.0000,1741.04,296.95,0.0000,1719.23,268.38,0.0000,1595.91,393.20,0.0000,1496.65,347.33,0.0000,1679.38,343.57,0.0000,1438.00,117.98,0.0000,1595.91,408.24,0.0000,1544.03,408.24,0.0000
5,1,Jok,0.6168,1621.9,240.5,1872.3,520.2,0.5950,1743.50,323.67,0.0000,1743.50,285.94,0.0000,1750.06,281.56,0.0000,1750.06,264.61,0.0000,1797.09,258.59,0.0000,1802.56,317.11,0.0000,1815.14,285.94,0.0000,1606.78,240.00,0.0000,1711.23,395.86,0.0000,1736.39,323.67,0.0000,1707.41,324.22,0.0000,1756.62,468.59,0.0000,1794.91,468.05,0.0000,1606.78,419.38,0.0000,1739.12,406.80,0.0000,1738.03,425.39,0.0000,1685.53,404.06,0.0000
6,0,Elm,0.7108,1438.5,124.1,1825.4,500.5,0.9382,1438.00,117.95,0.0000,1789.47,204.12,0.0000,1438.00,117.95,0.0000,1824.24,165.57,0.0000,1728.25,143.65,0.0000,1719.94,250.23,0.0000,1438.00,117.95,0.0000,1703.31,315.23,0.0000,1603.53,273.66,0.0000,1745.63,289.53,0.0000,1720.69,262.32,0.0000,1596.73,394.60,0.0000,1496.96,343.20,0.0000,1672.32,331.11,0.0000,1438.00,117.95,0.0000,1596.73,409.71,0.0000,1537.77,408.96,0.0000
6,1,Jok,0.6375,1626.0,248.4,1880.9,518.2,0.8011,1749.40,340.29,0.0000,1742.54,322.36,0.0000,1742.54,322.36,0.0000,1768.38,277.00,0.0000,1786.31,262.77,0.0000,1617.56,248.00,0.0000,1820.59,292.30,0.0000,1617.56,248.00,0.0000,1717.76,397.77,0.0000,1742.54,322.36,0.0000,1724.09,339.76,0.0000,1761.53,478.98,0.0000,1777.88,468.43,0.0000,1617.56,418.86,0.0000,1617.56,418.86,0.0000,1617.56,445.23,0.0000,1617.56,517.47,0.0000
7,0,Elm,0.7283,1437.1,125.1,1827.3,500.8,0.9383,1437.00,117.38,0.0000,1791.20,204.98,0.0000,1437.00,117.38,0.0000,1826.24,165.37,0.0000,1730.26,145.57,0.0000,1721.12,249.16,0.0000,1437.00,117.38,0.0000,1709.70,291.05,0.0000,1603.82,275.06,0.0000,1746.26,291.05,0.0000,1721.88,256.78,0.0000,1596.96,395.41,0.0000,1495.65,344.38,0.0000,1673.13,331.43,0.0000,1437.00,117.38,0.0000,1595.44,411.41,0.0000,1537.55,410.64,0.0000
7,1,Jok,0.6520,1626.3,250.3,1881.0,516.4,0.8557,1686.27,336.76,0.0000,1708.61,329.49,0.0000,1697.70,315.46,0.0000,1763.68,331.57,0.0000,1619.77,250.00,0.0000,1804.20,349.75,0.0000,1813.55,288.45,0.0000,1814.59,398.07,0.0000,1717.96,314.94,0.0000,1619.77,376.25,0.0000,1736.14,250.00,0.0000,1761.60,477.55,0.0000,1777.70,515.48,0.0000,1619.77,418.33,0.0000,1619.77,426.12,0.0000,1619.77,425.60,0.0000,1681.59,515.48,0.0000
8,0,Elm,0.7303,1435.7,125.4,1828.1,502.1,0.9420,1435.00,117.32,0.0000,1785.02,207.13,0.0000,1435.00,117.32,0.0000,1707.49,164.91,0.0000,1732.05,150.33,0.0000,1711.33,252.42,0.0000,1677.55,176.43,0.0000,1695.21,317.66,0.0000,1604.63,276.21,0.0000,1738.96,292.33,0.0000,1722.07,252.42,0.0000,1593.89,348.37,0.0000,1435.00,117.32,0.0000,1658.37,333.01,0.0000,1435.00,117.32,0.0000,1595.42,413.61,0.0000,1543.23,407.47,0.0000
8,1,Jok,0.6592,1622.0,253.7,1877.8,515.6,0.8675,1684.43,332.83,0.0000,1706.95,331.29,0.0000,1699.27,317.48,0.0000,1760.68,331.29,0.0000,1618.93,253.00,0.0000,1618.93,253.00,0.0000,1813.38,285.24,0.0000,1810.82,393.21,0.0000,1715.64,399.86,0.0000,1618.93,373.25,0.0000,1711.55,253.00,0.0000,1726.39,514.49,0.0000,1759.14,514.49,0.0000,1618.93,410.10,0.0000,1618.93,407.03,0.0000,1618.93,434.66,0.0000,1680.34,514.49,0.0000
9,0,Elm,0.7308,1435.8,124.9,1833.2,505.0,0.9481,1435.00,116.23,0.0000,1788.69,208.73,0.0000,1435.00,116.23,0.0000,1832.22,165.20,0.0000,1735.05,149.65,0.0000,1714.84,253.04,0.0000,1435.00,116.23,0.0000,1707.85,319.11,0.0000,1598.24,272.47,0.0000,1749.05,292.68,0.0000,1435.00,116.23,0.0000,1595.91,366.53,0.0000,1435.00,116.23,0.0000,1654.21,334.66,0.0000,1435.00,116.23,0.0000,1596.69,409.29,0.0000,1435.00,116.23,0.0000
9,1,Jok,0.6625,1619.3,257.9,1883.3,515.9,0.8878,1686.03,326.61,0.0000,1713.88,332.80,0.0000,1754.09,326.61,0.0000,1766.47,329.70,0.0000,1798.44,253.91,0.0000,1619.00,253.91,0.0000,1823.70,292.06,0.0000,1619.00,253.91,0.0000,1716.45,400.34,0.0000,1741.20,333.31,0.0000,1735.02,347.75,0.0000,1742.23,479.75,0.0000,1770.08,517.39,0.0000,1619.00,417.88,0.0000,1619.00,411.69,0.0000,1619.00,436.44,0.0000,1619.00,517.39,0.0000
10,0,Elm,0.7310,1435.0,125.0,1834.7,509.1,0.9517,1435.00,117.77,0.0000,1789.58,208.16,0.0000,1435.00,117.77,0.0000,1711.65,166.08,0.0000,1733.47,151.28,0.0000,1714.77,254.92,0.0000,1681.26,188.68,0.0000,1699.18,296.22,0.0000,1597.87,273.62,0.0000,1749.84,279.08,0.0000,1725.68,260.38,0.0000,1510.59,352.33,0.0000,1435.00,117.77,0.0000,1655.54,330.51,0.0000,1435.00,117.77,0.0000,1589.30,410.00,0.0000,1544.88,410.78,0.0000
10,1,Jok,0.6478,1619.4,260.5,1883.8,516.4,0.8923,1685.00,333.73,0.0000,1706.14,332.19,0.0000,1695.83,313.62,0.0000,1766.47,331.67,0.0000,1619.00,255.88,0.0000,1811.84,354.88,0.0000,1818.03,287.84,0.0000,1693.25,382.72,0.0000,1674.17,255.88,0.0000,1619.00,349.72,0.0000,1619.00,352.30,0.0000,1676.23,471.41,0.0000,1760.28,519.36,0.0000,1619.00,413.66,0.0000,1619.00,412.62,0.0000,1619.00,430.16,0.0000,1619.00,519.36,0.0000
11,0,Elm,0.7311,1435.4,125.0,1834.4,511.1,0.9530,1435.00,117.77,0.0000,1790.36,206.61,0.0000,1435.00,117.77,0.0000,1711.65,166.86,0.0000,1734.25,150.50,0.0000,1714.77,254.92,0.0000,1681.26,188.68,0.0000,1699.18,302.46,0.0000,1597.09,274.40,0.0000,1743.60,321.94,0.0000,1726.46,255.70,0.0000,1537.09,352.33,0.0000,1435.00,117.77,0.0000,1649.31,330.51,0.0000,1435.00,117.77,0.0000,1590.08,403.77,0.0000,1435.00,117.77,0.0000
11,1,Jok,0.6371,1615.6,261.2,1879.0,516.8,0.8776,1681.26,333.43,0.0000,1710.03,329.83,0.0000,1709.52,256.89,0.0000,1763.96,329.83,0.0000,1804.03,256.89,0.0000,1797.87,347.81,0.0000,1835.88,295.42,0.0000,1696.16,383.25,0.0000,1670.48,256.89,0.0000,1615.00,367.33,0.0000,1708.49,256.89,0.0000,1682.80,471.61,0.0000,1755.75,519.38,0.0000,1615.00,414.07,0.0000,1615.00,414.07,0.0000,1615.00,430.00,0.0000,1615.00,519.38,0.0000
12,0,Elm,0.7311,1434.4,128.0,1834.0,511.9,0.9527,1434.00,120.19,0.0000,1789.47,209.25,0.0000,1434.00,120.19,0.0000,1711.34,168.62,0.0000,1734.00,149.09,0.0000,1714.47,257.69,0.0000,1434.00,120.19,0.0000,1698.84,324.09,0.0000,1598.06,277.22,0.0000,1744.16,281.91,0.0000,1434.00,120.19,0.0000,1536.34,355.34,0.0000,1434.00,120.19,0.0000,1648.84,333.47,0.0000,1434.00,120.19,0.0000,1588.69,405.34,0.0000,1434.00,120.19,0.0000
12,1,Jok,0.5341,1617.2,262.8,1885.0,516.3,0.9004,1683.75,336.57,0.0000,1711.39,335.53,0.0000,1699.39,318.84,0.0000,1767.19,331.88,0.0000,1617.00,255.74,0.0000,1804.21,347.52,0.0000,1837.07,294.85,0.0000,1711.39,391.85,0.0000,1711.91,405.41,0.0000,1617.00,351.70,0.0000,1658.20,353.78,0.0000,1684.79,471.64,0.0000,1759.89,522.22,0.0000,1617.00,415.32,0.0000,1617.00,415.32,0.0000,1617.00,431.48,0.0000,1617.00,522.22,0.0000
13,0,Elm,0.7311,1434.1,129.2,1832.6,513.4,0.9530,1434.00,121.23,0.0000,1788.47,209.07,0.0000,1434.00,121.23,0.0000,1831.22,169.42,0.0000,1734.05,149.99,0.0000,1713.84,255.71,0.0000,1434.00,121.23,0.0000,1697.52,324.11,0.0000,1597.24,277.47,0.0000,1742.61,286.80,0.0000,1434.00,121.23,0.0000,1535.83,355.21,0.0000,1434.00,121.23,0.0000,1647.77,333.44,0.0000,1434.00,121.23,0.0000,1588.69,405.73,0.0000,1434.00,121.23,0.0000
13,0,Elm,0.6944,1615.5,262.5,1885.5,516.2,0.9020,1683.03,335.83,0.0000,1711.50,334.25,0.0000,1698.32,319.48,0.0000,1767.40,278.35,0.0000,1615.00,253.56,0.0000,1812.23,346.38,0.0000,1837.54,293.64,0.0000,1715.72,397.53,0.0000,1710.45,405.44,0.0000,1710.98,298.39,0.0000,1615.00,253.56,0.0000,1685.14,482.96,0.0000,1759.49,523.04,0.0000,1615.00,414.40,0.0000,1615.00,414.93,0.0000,1615.00,431.80,0.0000,1615.00,523.04,0.0000
14,0,Elm,0.7311,1433.9,129.6,1831.7,513.6,0.9532,1433.00,121.23,0.0000,1787.47,209.07,0.0000,1433.00,121.23,0.0000,1830.22,147.66,0.0000,1733.83,149.99,0.0000,1712.84,255.71,0.0000,1433.00,121.23,0.0000,1711.29,324.11,0.0000,1596.24,277.47,0.0000,1741.61,298.46,0.0000,1723.73,258.82,0.0000,1509.18,354.43,0.0000,1433.00,121.23,0.0000,1659.21,333.44,0.0000,1433.00,121.23,0.0000,1596.24,404.96,0.0000,1433.00,121.23,0.0000
14,0,Elm,0.6919,1615.2,262.9,1886.5,517.2,0.9030,1683.28,336.10,0.0000,1711.86,334.51,0.0000,1698.63,320.22,0.0000,1766.38,330.81,0.0000,1615.00,253.53,0.0000,1812.96,346.69,0.0000,1819.31,285.82,0.0000,1716.62,398.03,0.0000,1711.33,400.15,0.0000,1710.80,372.62,0.0000,1649.93,353.04,0.0000,1685.40,484.30,0.0000,1760.03,524.00,0.0000,1615.00,416.03,0.0000,1615.00,431.90,0.0000,1615.00,432.43,0.0000,1615.00,524.00,0.0000
15,0,Elm,0.7311,1433.5,129.9,1830.3,513.5,0.9530,1433.00,122.80,0.0000,1786.58,208.87,0.0000,1433.00,122.80,0.0000,1829.22,149.16,0.0000,1732.30,151.49,0.0000,1712.14,247.63,0.0000,1433.00,122.80,0.0000,1695.86,300.36,0.0000,1603.59,278.65,0.0000,1740.83,260.04,0.0000,1433.00,122.80,0.0000,1508.99,346.88,0.0000,1433.00,122.80,0.0000,1646.23,334.48,0.0000,1433.00,122.80,0.0000,1595.06,405.81,0.0000,1433.00,122.80,0.0000
15,0,Elm,0.7026,1617.1,262.2,1887.1,516.9,0.9099,1684.50,337.41,0.0000,1707.70,334.77,0.0000,1696.10,319.48,0.0000,1767.29,331.08,0.0000,1617.00,253.56,0.0000,1805.79,346.90,0.0000,1806.84,276.77,0.0000,1717.72,398.05,0.0000,1712.98,298.39,0.0000,1617.00,372.21,0.0000,1674.48,352.70,0.0000,1687.66,484.01,0.0000,1761.49,523.04,0.0000,1617.00,414.93,0.0000,1617.00,431.80,0.0000,1617.00,440.24,0.0000,1617.00,424.95,0.0000
16,0,Elm,0.7311,1433.7,129.2,1829.7,514.0,0.9512,1433.00,122.81,0.0000,1785.69,207.12,0.0000,1433.00,122.81,0.0000,1707.57,149.11,0.0000,1730.00,155.30,0.0000,1710.66,236.51,0.0000,1433.00,122.81,0.0000,1695.20,299.16,0.0000,1602.38,278.27,0.0000,1740.05,287.55,0.0000,1433.00,122.81,0.0000,1534.32,354.84,0.0000,1433.00,122.81,0.0000,1644.92,333.19,0.0000,1433.00,122.81,0.0000,1595.42,405.12,0.0000,1433.00,122.81,0.0000
16,0,Elm,0.7092,1617.4,261.7,1889.5,516.6,0.9131,1685.00,337.50,0.0000,1707.84,334.31,0.0000,1696.69,318.38,0.0000,1760.44,331.66,0.0000,1617.00,252.50,0.0000,1806.66,346.53,0.0000,1757.78,275.34,0.0000,1718.47,398.06,0.0000,1686.06,297.12,0.0000,1617.00,372.03,0.0000,1658.44,351.84,0.0000,1688.19,484.66,0.0000,1762.56,523.97,0.0000,1617.00,421.44,0.0000,1617.00,432.59,0.0000,1617.00,440.56,0.0000,1617.00,383.72,0.0000
17,0,Elm,0.7311,1433.4,128.6,1832.1,514.5,0.9518,1433.00,121.77,0.0000,1788.36,208.27,0.0000,1433.00,121.77,0.0000,1831.22,148.26,0.0000,1731.47,150.60,0.0000,1712.77,209.05,0.0000,1433.00,121.77,0.0000,1711.99,299.45,0.0000,1598.99,278.40,0.0000,1742.38,299.45,0.0000,1724.46,259.70,0.0000,1508.59,346.20,0.0000,1433.00,121.77,0.0000,1646.53,333.73,0.0000,1433.00,121.77,0.0000,1596.65,405.43,0.0000,1433.00,121.77,0.0000
17,0,Elm,0.7014,1617.9,262.5,1888.4,516.5,0.9100,1684.75,338.22,0.0000,1707.51,335.04,0.0000,1696.39,317.58,0.0000,1763.09,331.34,0.0000,1617.00,253.53,0.0000,1805.43,347.22,0.0000,1756.73,273.12,0.0000,1812.31,412.32,0.0000,1685.81,298.52,0.0000,1617.00,373.15,0.0000,1617.00,358.86,0.0000,1687.93,485.36,0.0000,1617.00,524.00,0.0000,1617.00,421.32,0.0000,1617.00,431.90,0.0000,1617.00,432.43,0.0000,1617.00,384.80,0.0000
18,0,Elm,0.7311,1433.8,128.2,1833.9,514.4,0.9534,1433.00,121.75,0.0000,1788.47,207.69,0.0000,1433.00,121.75,0.0000,1710.34,148.31,0.0000,1733.00,150.66,0.0000,1713.47,170.19,0.0000,1433.00,121.75,0.0000,1712.69,287.38,0.0000,1603.31,278.78,0.0000,1747.84,282.69,0.0000,1725.19,260.03,0.0000,1508.78,346.75,0.0000,1433.00,121.75,0.0000,1647.84,334.25,0.0000,1433.00,121.75,0.0000,1597.06,406.91,0.0000,1433.00,121.75,0.0000
18,0,Elm,0.6931,1617.7,261.5,1886.9,517.1,0.9071,1684.78,335.08,0.0000,1714.20,335.08,0.0000,1713.67,254.70,0.0000,1768.31,273.61,0.0000,1810.87,254.70,0.0000,1813.50,339.28,0.0000,1839.24,294.10,0.0000,1809.82,398.13,0.0000,1712.10,399.70,0.0000,1713.67,254.70,0.0000,1617.00,353.47,0.0000,1683.20,483.77,0.0000,1617.00,523.17,0.0000,1617.00,421.77,0.0000,1617.00,424.92,0.0000,1617.00,432.28,0.0000,1617.00,523.17,0.0000
19,0,Elm,0.7311,1433.4,128.5,1834.1,514.3,0.9546,1433.00,120.17,0.0000,1789.36,207.89,0.0000,1433.00,120.17,0.0000,1833.22,146.80,0.0000,1732.97,153.85,0.0000,1714.17,258.01,0.0000,1681.28,192.22,0.0000,1698.51,298.74,0.0000,1597.47,278.38,0.0000,1744.71,258.01,0.0000,1725.92,258.79,0.0000,1508.97,345.73,0.0000,1494.09,339.46,0.0000,1647.60,333.20,0.0000,1433.00,120.17,0.0000,1597.47,406.04,0.0000,1433.00,120.17,0.0000
19,0,Elm,0.6825,1617.8,258.5,1886.2,517.7,0.9032,1684.25,337.33,0.0000,1707.37,333.66,0.0000,1699.49,322.10,0.0000,1768.31,329.45,0.0000,1728.38,252.75,0.0000,1805.09,345.21,0.0000,1819.28,292.15,0.0000,1717.35,396.70,0.0000,1716.30,404.06,0.0000,1617.00,370.96,0.0000,1674.79,350.99,0.0000,1686.88,521.22,0.0000,1760.96,521.22,0.0000,1617.00,420.35,0.0000,1617.00,413.52,0.0000,1617.00,449.24,0.0000,1617.00,521.22,0.0000
20,0,Elm,0.7311,1433.8,129.2,1830.3,513.6,0.9534,1433.00,122.80,0.0000,1786.58,208.87,0.0000,1433.00,122.80,0.0000,1708.26,149.16,0.0000,1730.75,156.14,0.0000,1712.14,256.16,0.0000,1678.80,194.13,0.0000,1695.86,325.17,0.0000,1602.81,278.65,0.0000,1747.03,260.82,0.0000,1735.40,260.04,0.0000,1519.07,346.11,0.0000,1433.00,122.80,0.0000,1646.23,333.70,0.0000,1433.00,122.80,0.0000,1595.83,405.81,0.0000,1433.00,122.80,0.0000
20,0,Elm,0.7013,1616.5,263.6,1886.0,517.6,0.8959,1684.30,336.55,0.0000,1713.20,337.08,0.0000,1715.30,255.64,0.0000,1773.62,332.35,0.0000,1798.84,255.64,0.0000,1804.62,339.71,0.0000,1824.58,288.22,0.0000,1809.34,399.08,0.0000,1684.83,406.43,0.0000,1616.00,373.86,0.0000,1616.00,354.42,0.0000,1682.72,484.71,0.0000,1732.64,524.12,0.0000,1616.00,416.94,0.0000,1616.00,416.41,0.0000,1616.00,433.23,0.0000,1616.00,524.12,0.0000
21,0,Elm,0.7311,1434.3,130.8,1830.2,513.8,0.9524,1434.00,123.81,0.0000,1786.69,211.21,0.0000,1434.00,123.81,0.0000,1708.57,150.11,0.0000,1732.55,156.30,0.0000,1711.66,249.11,0.0000,1679.18,194.20,0.0000,1696.20,325.68,0.0000,1603.38,279.27,0.0000,1741.83,260.71,0.0000,1434.00,123.81,0.0000,1519.85,347.34,0.0000,1434.00,123.81,0.0000,1646.70,334.19,0.0000,1434.00,123.81,0.0000,1595.65,406.12,0.0000,1434.00,123.81,0.0000
21,0,Elm,0.6918,1616.9,262.5,1887.0,517.3,0.9053,1684.28,335.57,0.0000,1711.27,334.51,0.0000,1700.16,319.69,0.0000,1768.44,331.34,0.0000,1616.00,253.53,0.0000,1805.49,338.75,0.0000,1820.31,285.82,0.0000,1717.10,398.03,0.0000,1684.81,297.99,0.0000,1616.00,372.62,0.0000,1616.00,353.04,0.0000,1686.93,484.83,0.0000,1761.03,524.00,0.0000,1616.00,415.50,0.0000,1616.00,415.50,0.0000,1616.00,432.43,0.0000,1616.00,524.00,0.0000
22,0,Elm,0.7311,1434.8,132.2,1828.6,514.2,0.9520,1434.00,125.84,0.0000,1784.91,213.57,0.0000,1434.00,125.84,0.0000,1707.18,152.01,0.0000,1731.04,158.93,0.0000,1710.26,250.51,0.0000,1434.00,125.84,0.0000,1694.87,302.07,0.0000,1603.30,280.52,0.0000,1739.50,285.14,0.0000,1434.00,125.84,0.0000,1509.41,348.24,0.0000,1434.00,125.84,0.0000,1644.85,335.93,0.0000,1434.00,125.84,0.0000,1594.83,406.72,0.0000,1434.00,125.84,0.0000
22,0,Elm,0.6940,1617.1,263.2,1886.9,516.8,0.9040,1684.78,336.55,0.0000,1707.37,334.98,0.0000,1700.01,316.59,0.0000,1766.74,331.83,0.0000,1617.00,254.59,0.0000,1795.11,347.06,0.0000,1806.14,277.71,0.0000,1717.88,398.03,0.0000,1671.64,294.00,0.0000,1617.00,367.55,0.0000,1617.00,352.84,0.0000,1687.40,483.66,0.0000,1760.96,523.07,0.0000,1617.00,415.89,0.0000,1617.00,414.84,0.0000,1617.00,432.18,0.0000,1617.00,373.33,0.0000
23,0,Elm,0.7311,1434.5,131.7,1828.3,514.2,0.9533,1434.00,124.84,0.0000,1784.91,211.80,0.0000,1434.00,124.84,0.0000,1707.18,150.24,0.0000,1730.27,157.93,0.0000,1710.26,218.73,0.0000,1677.94,194.87,0.0000,1694.87,301.07,0.0000,1601.76,279.52,0.0000,1740.27,300.30,0.0000,1434.00,124.84,0.0000,1509.41,346.47,0.0000,1494.02,340.31,0.0000,1645.62,334.16,0.0000,1434.00,124.84,0.0000,1595.60,405.72,0.0000,1434.00,124.84,0.0000
23,0,Elm,0.6858,1615.6,263.0,1886.9,516.7,0.9039,1683.28,337.63,0.0000,1706.04,334.46,0.0000,1698.63,320.16,0.0000,1762.14,331.28,0.0000,1615.00,253.47,0.0000,1803.96,347.16,0.0000,1798.14,276.23,0.0000,1813.49,402.73,0.0000,1683.81,298.46,0.0000,1615.00,372.56,0.0000,1615.00,352.45,0.0000,1697.57,485.30,0.0000,1760.03,523.94,0.0000,1615.00,415.97,0.0000,1615.00,414.91,0.0000,1615.00,432.38,0.0000,1615.00,383.68,0.0000
24,0,Elm,0.7311,1435.0,129.8,1825.1,513.3,0.9536,1434.00,125.95,0.0000,1789.11,209.95,0.0000,1434.00,125.95,0.0000,1705.10,125.95,0.0000,1730.30,154.20,0.0000,1708.92,219.11,0.0000,1676.08,182.46,0.0000,1692.88,325.26,0.0000,1434.00,125.95,0.0000,1737.18,261.12,0.0000,1434.00,125.95,0.0000,1534.04,355.81,0.0000,1434.00,125.95,0.0000,1644.01,333.66,0.0000,1434.00,125.95,0.0000,1594.37,403.92,0.0000,1434.00,125.95,0.0000
24,0,Elm,0.6841,1612.6,262.3,1884.9,516.6,0.9060,1681.06,334.78,0.0000,1709.75,334.25,0.0000,1701.25,315.66,0.0000,1759.69,329.47,0.0000,1612.00,253.50,0.0000,1801.12,347.00,0.0000,1765.53,273.16,0.0000,1713.47,399.06,0.0000,1670.44,253.50,0.0000,1612.00,382.59,0.0000,1612.00,352.84,0.0000,1694.88,485.66,0.0000,1757.56,524.97,0.0000,1612.00,416.06,0.0000,1612.00,415.53,0.0000,1612.00,433.06,0.0000,1612.00,388.44,0.0000
25,0,Elm,0.7311,1433.8,129.7,1829.6,513.8,0.9520,1433.00,122.81,0.0000,1785.69,210.21,0.0000,1433.00,122.81,0.0000,1707.57,122.81,0.0000,1732.32,151.43,0.0000,1711.44,217.95,0.0000,1677.41,180.82,0.0000,1695.20,324.68,0.0000,1603.16,278.27,0.0000,1743.92,259.71,0.0000,1433.00,122.81,0.0000,1534.32,355.62,0.0000,1433.00,122.81,0.0000,1645.70,333.19,0.0000,1433.00,122.81,0.0000,1595.42,405.12,0.0000,1433.00,122.81,0.0000
25,0,Elm,0.6389,1613.3,262.9,1886.1,516.6,0.9042,1682.32,335.05,0.0000,1710.58,333.45,0.0000,1702.04,314.25,0.0000,1764.96,328.65,0.0000,1613.00,252.40,0.0000,1793.76,346.25,0.0000,1802.29,284.39,0.0000,1714.84,398.50,0.0000,1681.78,252.40,0.0000,1681.78,372.37,0.0000,1671.65,352.64,0.0000,1696.18,485.95,0.0000,1759.10,524.87,0.0000,1613.00,415.56,0.0000,1613.00,415.03,0.0000,1613.00,425.16,0.0000,1613.00,384.64,0.0000
26,0,Elm,0.7311,1433.7,128.9,1832.7,513.4,0.9543,1433.00,121.77,0.0000,1788.36,209.83,0.0000,1433.00,121.77,0.0000,1709.65,121.77,0.0000,1733.03,150.60,0.0000,1712.77,217.62,0.0000,1679.26,181.77,0.0000,1697.18,300.22,0.0000,1596.65,279.18,0.0000,1742.38,259.70,0.0000,1433.00,121.77,0.0000,1519.50,355.55,0.0000,1493.79,345.42,0.0000,1646.53,333.73,0.0000,1433.00,121.77,0.0000,1596.65,405.43,0.0000,1433.00,121.77,0.0000
26,0,Elm,0.6750,1613.4,261.3,1886.4,516.9,0.9090,1682.32,334.05,0.0000,1709.51,331.92,0.0000,1704.71,314.85,0.0000,1764.43,328.72,0.0000,1613.00,252.47,0.0000,1793.76,338.31,0.0000,1802.29,272.20,0.0000,1714.84,402.83,0.0000,1714.84,403.90,0.0000,1711.11,367.11,0.0000,1695.11,352.71,0.0000,1696.18,484.95,0.0000,1759.10,524.94,0.0000,1613.00,415.63,0.0000,1613.00,415.10,0.0000,1613.00,424.69,0.0000,1613.00,387.90,0.0000
27,0,Elm,0.7311,1433.2,128.3,1831.9,514.2,0.9551,1433.00,121.78,0.0000,1787.47,207.29,0.0000,1433.00,121.78,0.0000,1708.96,148.21,0.0000,1730.72,150.54,0.0000,1712.84,255.48,0.0000,1679.42,192.52,0.0000,1711.29,299.79,0.0000,1595.46,278.03,0.0000,1741.61,325.45,0.0000,1723.73,260.15,0.0000,1509.18,345.66,0.0000,1493.63,344.88,0.0000,1646.77,333.22,0.0000,1433.00,121.78,0.0000,1596.24,405.51,0.0000,1433.00,121.78,0.0000
27,0,Elm,0.6856,1615.3,261.1,1887.9,517.3,0.9072,1683.00,334.31,0.0000,1706.38,331.66,0.0000,1698.94,314.66,0.0000,1762.16,330.59,0.0000,1615.00,252.50,0.0000,1795.09,346.00,0.0000,1798.81,272.69,0.0000,1814.22,401.78,0.0000,1711.69,284.38,0.0000,1615.00,366.72,0.0000,1673.44,352.38,0.0000,1697.88,485.19,0.0000,1760.03,523.97,0.0000,1615.00,415.06,0.0000,1615.00,397.00,0.0000,1615.00,432.06,0.0000,1615.00,383.72,0.0000
28,0,Elm,0.7311,1433.2,128.4,1833.7,513.8,0.9533,1433.00,120.19,0.0000,1784.56,206.91,0.0000,1433.00,120.19,0.0000,1832.22,146.75,0.0000,1731.44,149.09,0.0000,1713.47,257.69,0.0000,1433.00,120.19,0.0000,1697.84,286.59,0.0000,1596.28,278.00,0.0000,1747.06,257.69,0.0000,1433.00,120.19,0.0000,1509.56,345.19,0.0000,1433.00,120.19,0.0000,1647.84,333.47,0.0000,1433.00,120.19,0.0000,1597.06,405.34,0.0000,1433.00,120.19,0.0000
28,0,Elm,0.6889,1616.7,260.9,1888.5,517.0,0.9140,1684.00,333.84,0.0000,1706.31,332.25,0.0000,1696.22,316.84,0.0000,1763.16,330.12,0.0000,1616.00,251.50,0.0000,1805.66,348.19,0.0000,1804.59,284.44,0.0000,1717.47,397.06,0.0000,1712.16,251.50,0.0000,1616.00,371.03,0.0000,1674.44,351.38,0.0000,1698.34,483.12,0.0000,1761.56,522.97,0.0000,1616.00,414.06,0.0000,1616.00,413.53,0.0000,1616.00,431.06,0.0000,1616.00,383.25,0.0000
29,0,Elm,0.7311,1433.5,129.2,1830.1,513.9,0.9520,1433.00,122.80,0.0000,1782.70,209.64,0.0000,1433.00,122.80,0.0000,1708.26,122.80,0.0000,1729.97,155.36,0.0000,1708.26,170.87,0.0000,1433.00,122.80,0.0000,1711.37,260.04,0.0000,1595.83,278.65,0.0000,1761.77,263.92,0.0000,1433.00,122.80,0.0000,1508.21,346.11,0.0000,1433.00,122.80,0.0000,1646.23,333.70,0.0000,1433.00,122.80,0.0000,1595.83,405.04,0.0000,1433.00,122.80,0.0000
29,0,Elm,0.6839,1617.3,262.2,1887.2,516.8,0.9114,1684.50,334.25,0.0000,1707.70,334.77,0.0000,1700.32,320.01,0.0000,1769.40,270.44,0.0000,1617.00,253.56,0.0000,1806.32,333.72,0.0000,1826.36,293.11,0.0000,1717.72,391.20,0.0000,1712.98,398.58,0.0000,1712.45,352.18,0.0000,1667.10,364.30,0.0000,1685.55,476.10,0.0000,1761.49,523.04,0.0000,1617.00,415.46,0.0000,1617.00,414.93,0.0000,1617.00,431.80,0.0000,1617.00,523.04,0.0000
30,0,Elm,0.7311,1433.1,130.1,1831.7,513.6,0.9533,1433.00,122.23,0.0000,1786.69,210.07,0.0000,1433.00,122.23,0.0000,1830.22,147.88,0.0000,1731.50,150.21,0.0000,1712.07,255.93,0.0000,1433.00,122.23,0.0000,1711.29,287.02,0.0000,1596.24,282.36,0.0000,1748.60,263.70,0.0000,1433.00,122.23,0.0000,1519.29,346.88,0.0000,1433.00,122.23,0.0000,1646.77,333.66,0.0000,1433.00,122.23,0.0000,1596.24,405.96,0.0000,1433.00,122.23,0.0000
30,0,Elm,0.6744,1615.0,262.6,1887.2,517.4,0.9088,1683.32,333.45,0.0000,1712.64,335.05,0.0000,1712.11,253.47,0.0000,1768.10,253.47,0.0000,1804.35,263.60,0.0000,1805.42,334.52,0.0000,1819.28,292.93,0.0000,1715.84,392.63,0.0000,1711.04,399.57,0.0000,1710.51,350.51,0.0000,1672.65,353.71,0.0000,1685.45,486.48,0.0000,1760.10,525.94,0.0000,1614.00,416.63,0.0000,1614.00,416.63,0.0000,1614.00,433.16,0.0000,1614.00,525.94,0.0000
31,0,Elm,0.7311,1433.2,129.8,1830.1,513.7,0.9522,1433.00,122.80,0.0000,1785.80,208.87,0.0000,1433.00,122.80,0.0000,1829.22,148.38,0.0000,1729.97,151.49,0.0000,1711.37,209.64,0.0000,1433.00,122.80,0.0000,1711.37,287.18,0.0000,1595.83,278.65,0.0000,1764.09,271.67,0.0000,1735.40,263.92,0.0000,1508.99,346.11,0.0000,1433.00,122.80,0.0000,1646.23,333.70,0.0000,1433.00,122.80,0.0000,1595.83,405.81,0.0000,1433.00,122.80,0.0000
31,0,Elm,0.6765,1616.6,264.6,1886.4,517.1,0.9114,1684.03,334.14,0.0000,1713.56,335.19,0.0000,1713.03,255.56,0.0000,1782.64,255.56,0.0000,1805.32,266.11,0.0000,1805.32,332.55,0.0000,1825.88,294.59,0.0000,1716.20,393.20,0.0000,1711.45,400.58,0.0000,1712.50,255.56,0.0000,1673.48,354.70,0.0000,1686.14,485.48,0.0000,1760.49,525.04,0.0000,1616.00,416.93,0.0000,1616.00,416.93,0.0000,1616.00,433.80,0.0000,1616.00,525.04,0.0000
32,0,Elm,0.7311,1433.5,129.6,1831.2,512.8,0.9526,1433.00,121.23,0.0000,1786.69,208.29,0.0000,1433.00,121.23,0.0000,1830.22,147.66,0.0000,1730.72,149.99,0.0000,1712.84,255.71,0.0000,1433.00,121.23,0.0000,1712.07,286.02,0.0000,1595.46,281.36,0.0000,1749.38,270.48,0.0000,1736.16,263.48,0.0000,1524.73,345.88,0.0000,1493.63,338.88,0.0000,1645.99,332.66,0.0000,1433.00,121.23,0.0000,1596.24,404.96,0.0000,1433.00,121.23,0.0000
32,0,Elm,0.6797,1615.2,262.5,1887.6,516.6,0.9125,1696.28,253.50,0.0000,1732.41,253.50,0.0000,1720.72,253.50,0.0000,1784.47,253.50,0.0000,1805.19,253.50,0.0000,1805.72,331.06,0.0000,1825.91,292.81,0.0000,1716.47,392.16,0.0000,1711.16,399.59,0.0000,1712.75,253.50,0.0000,1711.16,352.84,0.0000,1685.66,485.12,0.0000,1760.56,524.97,0.0000,1615.00,416.06,0.0000,1615.00,416.06,0.0000,1615.00,433.06,0.0000,1615.00,524.97,0.0000
33,0,Elm,0.7311,1434.2,129.8,1830.3,512.3,0.9527,1434.00,122.81,0.0000,1786.69,207.89,0.0000,1434.00,122.81,0.0000,1708.57,149.11,0.0000,1730.23,151.43,0.0000,1708.57,209.44,0.0000,1434.00,122.81,0.0000,1711.66,286.01,0.0000,1597.20,282.14,0.0000,1776.63,271.31,0.0000,1735.64,263.58,0.0000,1509.02,345.56,0.0000,1434.00,122.81,0.0000,1646.70,333.19,0.0000,1434.00,122.81,0.0000,1596.42,404.34,0.0000,1543.83,406.66,0.0000
33,0,Elm,0.6625,1614.9,262.3,1886.3,516.7,0.9126,1683.06,335.31,0.0000,1721.31,334.78,0.0000,1712.28,253.50,0.0000,1783.47,270.50,0.0000,1805.25,264.12,0.0000,1804.72,331.06,0.0000,1825.44,293.34,0.0000,1715.47,392.16,0.0000,1690.50,404.38,0.0000,1711.22,253.50,0.0000,1614.00,253.50,0.0000,1685.19,485.12,0.0000,1759.56,524.97,0.0000,1614.00,416.06,0.0000,1614.00,416.06,0.0000,1614.00,433.06,0.0000,1614.00,524.97,0.0000
34,0,Elm,0.7311,1434.6,130.0,1828.2,512.0,0.9528,1434.00,123.84,0.0000,1784.91,208.49,0.0000,1434.00,123.84,0.0000,1707.18,149.24,0.0000,1729.50,152.32,0.0000,1707.18,210.03,0.0000,1677.17,193.87,0.0000,1709.49,286.98,0.0000,1595.60,282.37,0.0000,1763.36,271.59,0.0000,1734.12,260.82,0.0000,1509.41,345.47,0.0000,1434.00,123.84,0.0000,1644.85,333.16,0.0000,1434.00,123.84,0.0000,1595.60,403.95,0.0000,1434.00,123.84,0.0000
34,0,Elm,0.6434,1614.5,265.0,1884.4,516.5,0.9094,1685.72,336.72,0.0000,1711.56,336.19,0.0000,1708.92,255.51,0.0000,1766.40,255.51,0.0000,1804.37,255.51,0.0000,1803.32,335.66,0.0000,1823.88,295.06,0.0000,1714.72,393.14,0.0000,1682.55,405.27,0.0000,1709.45,351.48,0.0000,1614.00,354.65,0.0000,1683.08,478.05,0.0000,1614.00,524.98,0.0000,1614.00,416.88,0.0000,1614.00,416.88,0.0000,1614.00,433.22,0.0000,1614.00,524.98,0.0000
35,0,Elm,0.7311,1433.9,130.3,1830.6,511.9,0.9531,1433.00,122.25,0.0000,1785.80,207.54,0.0000,1433.00,122.25,0.0000,1829.22,147.83,0.0000,1730.75,150.94,0.0000,1711.37,255.61,0.0000,1433.00,122.25,0.0000,1695.86,299.81,0.0000,1595.83,278.88,0.0000,1761.77,263.37,0.0000,1735.40,260.27,0.0000,1534.58,346.33,0.0000,1433.00,122.25,0.0000,1646.23,333.15,0.0000,1433.00,122.25,0.0000,1595.83,405.26,0.0000,1433.00,122.25,0.0000
35,0,Elm,0.6726,1615.2,261.7,1888.1,516.5,0.9145,1683.78,336.18,0.0000,1712.58,334.58,0.0000,1705.64,327.12,0.0000,1775.49,252.47,0.0000,1615.00,252.47,0.0000,1805.89,338.31,0.0000,1820.28,292.46,0.0000,1716.84,398.03,0.0000,1712.58,399.10,0.0000,1710.98,366.57,0.0000,1673.65,364.44,0.0000,1686.45,485.48,0.0000,1761.10,524.94,0.0000,1615.00,415.63,0.0000,1615.00,415.63,0.0000,1615.00,432.69,0.0000,1615.00,524.94,0.0000
36,0,Elm,0.7311,1434.0,130.6,1829.0,511.7,0.9522,1434.00,122.29,0.0000,1785.80,207.92,0.0000,1434.00,122.29,0.0000,1828.23,148.52,0.0000,1730.25,150.83,0.0000,1711.73,217.18,0.0000,1434.00,122.29,0.0000,1710.19,323.64,0.0000,1602.96,281.21,0.0000,1776.54,270.41,0.0000,1734.88,261.15,0.0000,1535.06,344.47,0.0000,1434.00,122.29,0.0000,1646.16,332.13,0.0000,1434.00,122.29,0.0000,1596.01,403.88,0.0000,1543.55,407.73,0.0000
36,0,Elm,0.6578,1615.8,264.4,1885.1,516.5,0.9087,1683.03,335.19,0.0000,1711.50,335.19,0.0000,1705.18,320.43,0.0000,1767.40,254.51,0.0000,1726.80,264.53,0.0000,1803.79,331.50,0.0000,1818.55,294.06,0.0000,1715.72,392.14,0.0000,1710.98,400.05,0.0000,1710.45,349.96,0.0000,1649.80,365.25,0.0000,1685.14,477.57,0.0000,1759.49,523.98,0.0000,1615.00,415.88,0.0000,1615.00,415.88,0.0000,1615.00,432.75,0.0000,1615.00,523.98,0.0000
37,0,Elm,0.7311,1434.8,131.3,1830.8,512.2,0.9511,1434.00,123.27,0.0000,1785.91,208.34,0.0000,1434.00,123.27,0.0000,1708.57,149.56,0.0000,1729.45,155.75,0.0000,1711.66,257.07,0.0000,1678.41,194.42,0.0000,1696.20,299.61,0.0000,1595.65,282.59,0.0000,1763.48,271.77,0.0000,1434.00,123.27,0.0000,1509.02,346.79,0.0000,1494.33,339.83,0.0000,1645.92,333.64,0.0000,1434.00,123.27,0.0000,1596.42,405.57,0.0000,1434.00,123.27,0.0000
37,0,Elm,0.6653,1616.3,264.3,1885.4,517.0,0.9107,1683.78,334.93,0.0000,1712.15,335.98,0.0000,1706.37,255.59,0.0000,1767.84,332.83,0.0000,1725.28,266.10,0.0000,1804.09,340.18,0.0000,1825.11,288.17,0.0000,1716.88,392.72,0.0000,1684.30,300.25,0.0000,1616.00,367.50,0.0000,1616.00,353.84,0.0000,1685.88,484.66,0.0000,1759.96,524.07,0.0000,1616.00,416.36,0.0000,1616.00,416.36,0.0000,1616.00,433.18,0.0000,1616.00,385.89,0.0000
38,0,Elm,0.7311,1434.3,132.4,1829.4,512.1,0.9506,1434.00,124.29,0.0000,1785.03,208.38,0.0000,1434.00,124.29,0.0000,1707.88,124.29,0.0000,1729.48,156.69,0.0000,1710.96,172.12,0.0000,1434.00,124.29,0.0000,1695.53,287.84,0.0000,1602.18,280.12,0.0000,1764.20,263.92,0.0000,1434.00,124.29,0.0000,1509.61,346.47,0.0000,1434.00,124.29,0.0000,1652.33,334.90,0.0000,1434.00,124.29,0.0000,1596.01,405.88,0.0000,1434.00,124.29,0.0000
38,0,Elm,0.6916,1616.4,259.9,1888.0,516.8,0.9151,1695.69,333.91,0.0000,1723.31,251.56,0.0000,1713.75,251.56,0.0000,1786.00,268.56,0.0000,1805.12,251.56,0.0000,1806.72,329.12,0.0000,1826.91,291.41,0.0000,1717.47,390.22,0.0000,1717.47,401.91,0.0000,1712.16,364.72,0.0000,1712.16,350.91,0.0000,1714.28,476.28,0.0000,1761.56,490.62,0.0000,1616.00,417.84,0.0000,1616.00,431.12,0.0000,1616.00,450.25,0.0000,1616.00,523.03,0.0000
39,0,Elm,0.7311,1433.9,132.0,1829.9,512.7,0.9535,1433.00,124.27,0.0000,1784.91,207.80,0.0000,1433.00,124.27,0.0000,1707.57,149.79,0.0000,1729.23,156.75,0.0000,1710.66,210.89,0.0000,1433.00,124.27,0.0000,1709.89,288.23,0.0000,1601.61,280.50,0.0000,1775.63,271.99,0.0000,1734.64,261.94,0.0000,1518.85,347.02,0.0000,1433.00,124.27,0.0000,1651.11,335.41,0.0000,1433.00,124.27,0.0000,1595.42,406.57,0.0000,1433.00,124.27,0.0000
39,0,Elm,0.6616,1615.4,264.0,1885.5,517.4,0.9101,1683.55,337.30,0.0000,1712.03,336.77,0.0000,1704.65,319.37,0.0000,1766.35,333.08,0.0000,1615.00,255.56,0.0000,1804.32,340.99,0.0000,1818.03,288.26,0.0000,1817.50,399.53,0.0000,1710.45,405.33,0.0000,1710.45,368.41,0.0000,1669.84,354.70,0.0000,1697.27,485.48,0.0000,1759.49,525.04,0.0000,1615.00,416.93,0.0000,1615.00,416.40,0.0000,1615.00,433.80,0.0000,1615.00,525.04,0.0000
40,0,Elm,0.7311,1434.2,132.1,1830.3,512.4,0.9510,1434.00,124.27,0.0000,1785.91,204.70,0.0000,1434.00,124.27,0.0000,1708.57,150.56,0.0000,1728.68,156.75,0.0000,1708.57,210.89,0.0000,1434.00,124.27,0.0000,1710.89,288.23,0.0000,1595.65,279.73,0.0000,1776.63,272.77,0.0000,1735.64,265.80,0.0000,1509.02,347.79,0.0000,1434.00,124.27,0.0000,1646.70,334.64,0.0000,1434.00,124.27,0.0000,1596.42,406.57,0.0000,1434.00,124.27,0.0000
40,0,Elm,0.6729,1616.7,263.2,1886.3,516.7,0.9125,1684.03,335.77,0.0000,1713.56,336.30,0.0000,1710.39,254.56,0.0000,1783.70,271.44,0.0000,1805.84,265.11,0.0000,1804.26,331.55,0.0000,1830.10,298.33,0.0000,1712.50,392.20,0.0000,1716.20,403.80,0.0000,1711.45,350.01,0.0000,1711.45,353.70,0.0000,1686.66,483.96,0.0000,1760.49,524.04,0.0000,1616.00,415.93,0.0000,1616.00,425.95,0.0000,1616.00,432.80,0.0000,1616.00,524.04,0.0000
41,0,Elm,0.7311,1434.0,131.5,1828.2,513.0,0.9510,1434.00,124.84,0.0000,1784.14,204.11,0.0000,1434.00,124.84,0.0000,1707.18,151.01,0.0000,1727.19,157.16,0.0000,1710.26,211.03,0.0000,1434.00,124.84,0.0000,1709.49,287.98,0.0000,1594.83,280.29,0.0000,1762.59,278.75,0.0000,1734.12,265.67,0.0000,1508.64,346.47,0.0000,1494.02,340.31,0.0000,1645.62,334.93,0.0000,1434.00,124.84,0.0000,1595.60,405.72,0.0000,1434.00,124.84,0.0000
41,0,Elm,0.6896,1615.4,261.9,1886.8,517.2,0.9173,1683.28,335.63,0.0000,1712.39,335.10,0.0000,1706.04,253.59,0.0000,1782.26,277.41,0.0000,1615.00,253.59,0.0000,1803.96,338.28,0.0000,1829.89,298.05,0.0000,1716.10,391.74,0.0000,1711.33,403.91,0.0000,1710.27,349.92,0.0000,1670.05,353.10,0.0000,1697.57,483.83,0.0000,1760.03,524.06,0.0000,1615.00,416.08,0.0000,1615.00,432.49,0.0000,1615.00,433.02,0.0000,1615.00,524.06,0.0000
42,0,Elm,0.7311,1433.7,132.7,1834.1,512.8,0.9517,1433.00,121.04,0.0000,1786.22,203.27,0.0000,1433.00,121.04,0.0000,1833.22,150.80,0.0000,1729.83,155.50,0.0000,1711.04,169.59,0.0000,1433.00,121.04,0.0000,1713.39,287.07,0.0000,1596.69,282.38,0.0000,1780.74,259.66,0.0000,1725.92,259.66,0.0000,1508.97,346.60,0.0000,1433.00,121.04,0.0000,1647.60,334.07,0.0000,1433.00,121.04,0.0000,1588.86,404.55,0.0000,1433.00,121.04,0.0000
42,0,Elm,0.6944,1616.8,262.7,1888.1,517.4,0.9135,1684.53,338.50,0.0000,1711.09,335.31,0.0000,1699.94,320.44,0.0000,1763.69,331.59,0.0000,1616.00,253.50,0.0000,1806.19,347.53,0.0000,1807.25,286.44,0.0000,1699.94,398.53,0.0000,1684.53,253.50,0.0000,1616.00,373.03,0.0000,1674.44,359.75,0.0000,1698.88,486.19,0.0000,1761.56,524.97,0.0000,1616.00,416.06,0.0000,1616.00,433.59,0.0000,1616.00,433.06,0.0000,1616.00,385.25,0.0000
43,0,Elm,0.7311,1435.3,132.9,1828.4,511.7,0.9527,1435.00,124.32,0.0000,1785.78,208.76,0.0000,1435.00,124.32,0.0000,1827.23,150.42,0.0000,1729.75,157.33,0.0000,1711.33,257.12,0.0000,1435.00,124.32,0.0000,1709.79,324.66,0.0000,1601.56,282.45,0.0000,1775.80,282.45,0.0000,1722.07,260.95,0.0000,1509.46,345.39,0.0000,1494.87,339.25,0.0000,1652.22,333.11,0.0000,1435.00,124.32,0.0000,1596.19,404.49,0.0000,1435.00,124.32,0.0000
43,0,Elm,0.6713,1614.6,263.3,1886.8,516.9,0.9082,1682.53,338.44,0.0000,1711.22,335.25,0.0000,1698.47,320.38,0.0000,1773.91,337.38,0.0000,1614.00,253.44,0.0000,1804.19,339.50,0.0000,1824.91,293.28,0.0000,1690.50,392.09,0.0000,1683.06,405.91,0.0000,1704.84,335.25,0.0000,1710.16,253.44,0.0000,1696.88,485.59,0.0000,1759.56,524.91,0.0000,1614.00,416.00,0.0000,1614.00,415.47,0.0000,1614.00,433.00,0.0000,1614.00,524.91,0.0000
44,0,Elm,0.7311,1435.6,131.4,1833.8,511.8,0.9516,1435.00,121.67,0.0000,1790.25,209.51,0.0000,1435.00,121.67,0.0000,1710.96,148.10,0.0000,1735.05,150.43,0.0000,1714.84,258.48,0.0000,1681.42,193.19,0.0000,1698.52,324.56,0.0000,1598.24,277.92,0.0000,1748.27,305.90,0.0000,1724.95,260.82,0.0000,1510.40,346.32,0.0000,1495.63,339.33,0.0000,1647.99,333.11,0.0000,1435.00,121.67,0.0000,1598.24,405.40,0.0000,1435.00,121.67,0.0000
44,0,Elm,0.6661,1613.7,264.8,1886.4,517.5,0.9086,1685.52,340.78,0.0000,1711.11,336.52,0.0000,1702.04,321.59,0.0000,1764.96,332.25,0.0000,1613.00,254.40,0.0000,1803.89,340.78,0.0000,1802.29,254.40,0.0000,1714.84,399.97,0.0000,1681.78,286.39,0.0000,1613.00,374.37,0.0000,1613.00,286.93,0.0000,1682.32,475.15,0.0000,1613.00,526.87,0.0000,1613.00,417.56,0.0000,1613.00,435.69,0.0000,1613.00,427.16,0.0000,1613.00,526.87,0.0000
45,0,Elm,0.7311,1435.4,129.6,1831.5,512.1,0.9528,1435.00,122.81,0.0000,1794.65,210.21,0.0000,1435.00,122.81,0.0000,1709.57,122.81,0.0000,1735.87,151.43,0.0000,1724.27,236.51,0.0000,1684.05,180.82,0.0000,1711.89,324.68,0.0000,1605.93,277.50,0.0000,1746.70,287.55,0.0000,1435.00,122.81,0.0000,1510.02,355.62,0.0000,1496.10,339.38,0.0000,1647.70,333.19,0.0000,1435.00,122.81,0.0000,1597.42,405.12,0.0000,1435.00,122.81,0.0000
45,0,Elm,0.6691,1611.4,262.1,1885.6,517.4,0.9104,1683.78,334.78,0.0000,1709.47,333.71,0.0000,1703.05,317.12,0.0000,1764.05,331.04,0.0000,1611.00,252.37,0.0000,1801.52,346.55,0.0000,1810.61,285.55,0.0000,1713.75,398.46,0.0000,1665.59,284.48,0.0000,1707.33,366.89,0.0000,1669.87,352.98,0.0000,1694.48,486.23,0.0000,1757.63,525.83,0.0000,1611.00,416.12,0.0000,1611.00,384.02,0.0000,1611.00,433.25,0.0000,1611.00,384.55,0.0000
46,0,Elm,0.7311,1435.3,128.1,1836.5,512.4,0.9508,1435.00,120.17,0.0000,1792.14,210.24,0.0000,1435.00,120.17,0.0000,1713.04,168.73,0.0000,1738.10,153.06,0.0000,1716.95,258.01,0.0000,1683.28,191.44,0.0000,1700.51,324.58,0.0000,1435.00,120.17,0.0000,1745.93,324.58,0.0000,1435.00,120.17,0.0000,1510.97,355.91,0.0000,1496.09,344.16,0.0000,1650.38,333.98,0.0000,1435.00,120.17,0.0000,1598.69,406.04,0.0000,1435.00,120.17,0.0000
46,0,Elm,0.6809,1612.6,263.4,1886.8,517.1,0.9158,1684.78,335.78,0.0000,1709.93,335.25,0.0000,1701.37,315.98,0.0000,1760.24,332.04,0.0000,1612.00,253.37,0.0000,1802.52,347.55,0.0000,1797.16,285.48,0.0000,1682.11,399.46,0.0000,1667.12,253.37,0.0000,1612.00,373.78,0.0000,1612.00,359.86,0.0000,1696.02,479.74,0.0000,1612.00,526.83,0.0000,1612.00,417.66,0.0000,1612.00,399.46,0.0000,1612.00,433.71,0.0000,1612.00,386.09,0.0000
47,0,Elm,0.7311,1436.6,127.8,1837.5,512.2,0.9524,1436.00,119.17,0.0000,1793.14,209.24,0.0000,1436.00,119.17,0.0000,1836.22,167.73,0.0000,1738.32,152.85,0.0000,1717.95,257.01,0.0000,1683.49,191.22,0.0000,1701.51,323.58,0.0000,1599.69,276.59,0.0000,1747.71,297.74,0.0000,1436.00,119.17,0.0000,1511.97,354.91,0.0000,1497.09,338.46,0.0000,1651.38,332.20,0.0000,1436.00,119.17,0.0000,1591.86,405.82,0.0000,1436.00,119.17,0.0000
47,0,Elm,0.6714,1612.8,264.8,1886.2,517.4,0.9135,1684.25,335.71,0.0000,1710.47,335.18,0.0000,1701.37,318.05,0.0000,1763.98,331.43,0.0000,1612.00,253.30,0.0000,1803.05,356.05,0.0000,1801.98,286.48,0.0000,1812.68,404.75,0.0000,1667.12,253.30,0.0000,1612.00,378.52,0.0000,1708.86,253.30,0.0000,1683.18,479.13,0.0000,1612.00,526.76,0.0000,1612.00,417.05,0.0000,1612.00,399.39,0.0000,1612.00,426.69,0.0000,1612.00,386.02,0.0000
48,0,Elm,0.7311,1436.5,129.5,1836.7,511.5,0.9507,1436.00,119.62,0.0000,1793.03,211.81,0.0000,1436.00,119.62,0.0000,1713.34,168.84,0.0000,1738.34,152.44,0.0000,1717.25,257.12,0.0000,1689.91,191.50,0.0000,1715.69,323.53,0.0000,1436.00,119.62,0.0000,1746.94,323.53,0.0000,1728.19,256.34,0.0000,1511.78,354.00,0.0000,1496.94,343.06,0.0000,1650.84,332.12,0.0000,1436.00,119.62,0.0000,1600.06,404.78,0.0000,1436.00,119.62,0.0000
48,0,Elm,0.6702,1612.1,263.2,1885.5,517.5,0.9107,1681.32,334.45,0.0000,1709.58,332.32,0.0000,1702.64,314.72,0.0000,1763.96,329.12,0.0000,1612.00,253.40,0.0000,1802.35,348.31,0.0000,1801.29,285.93,0.0000,1714.38,398.43,0.0000,1667.45,253.40,0.0000,1612.00,366.97,0.0000,1612.00,360.04,0.0000,1695.18,485.35,0.0000,1758.10,525.87,0.0000,1612.00,416.56,0.0000,1612.00,398.43,0.0000,1612.00,425.63,0.0000,1612.00,385.64,0.0000
49,0,Elm,0.7311,1435.5,128.0,1839.8,513.3,0.9510,1435.00,117.53,0.0000,1794.02,211.43,0.0000,1435.00,117.53,0.0000,1715.12,166.45,0.0000,1739.58,151.46,0.0000,1718.27,257.20,0.0000,1685.13,189.34,0.0000,1702.49,323.48,0.0000,1600.70,276.13,0.0000,1748.26,256.41,0.0000,1730.11,257.20,0.0000,1511.54,354.25,0.0000,1496.55,344.78,0.0000,1641.73,332.16,0.0000,1435.00,117.53,0.0000,1592.81,405.54,0.0000,1435.00,117.53,0.0000
49,0,Elm,0.6506,1613.5,264.2,1887.3,517.2,0.9101,1682.57,334.64,0.0000,1709.33,334.11,0.0000,1698.62,314.30,0.0000,1762.31,331.96,0.0000,1613.00,253.30,0.0000,1794.42,350.16,0.0000,1802.98,285.41,0.0000,1813.68,404.75,0.0000,1668.66,253.30,0.0000,1613.00,373.71,0.0000,1671.87,353.91,0.0000,1684.71,486.09,0.0000,1613.00,526.76,0.0000,1613.00,417.59,0.0000,1613.00,404.75,0.0000,1613.00,434.18,0.0000,1613.00,386.02,0.0000
50,0,Elm,0.7311,1435.0,125.4,1838.0,513.6,0.9522,1434.00,117.13,0.0000,1792.92,207.65,0.0000,1434.00,117.13,0.0000,1713.42,143.89,0.0000,1736.25,150.19,0.0000,1716.57,255.66,0.0000,1683.51,189.54,0.0000,1700.83,322.56,0.0000,1599.29,275.34,0.0000,1746.48,296.59,0.0000,1727.59,256.45,0.0000,1510.35,354.05,0.0000,1496.18,343.03,0.0000,1649.67,332.01,0.0000,1434.00,117.13,0.0000,1590.63,405.21,0.0000,1434.00,117.13,0.0000
50,0,Elm,0.6724,1612.9,262.7,1887.3,517.1,0.9047,1684.51,336.66,0.0000,1709.75,334.51,0.0000,1697.94,315.71,0.0000,1761.32,331.29,0.0000,1612.00,252.33,0.0000,1803.21,347.40,0.0000,1802.67,284.56,0.0000,1813.42,414.54,0.0000,1668.40,406.48,0.0000,1612.00,378.02,0.0000,1670.54,353.31,0.0000,1695.79,486.51,0.0000,1612.00,526.79,0.0000,1612.00,417.22,0.0000,1612.00,404.87,0.0000,1612.00,433.88,0.0000,1612.00,385.54,0.0000
51,0,Elm,0.7311,1433.6,125.1,1840.4,513.2,0.9566,1433.00,115.46,0.0000,1790.71,206.88,0.0000,1433.00,115.46,0.0000,1715.20,164.75,0.0000,1739.04,148.85,0.0000,1718.38,255.37,0.0000,1433.00,115.46,0.0000,1702.48,322.94,0.0000,1599.93,275.24,0.0000,1756.53,256.16,0.0000,1730.30,256.16,0.0000,1527.60,354.73,0.0000,1495.00,344.40,0.0000,1651.60,332.47,0.0000,1433.00,115.46,0.0000,1591.98,405.61,0.0000,1433.00,115.46,0.0000
51,0,Elm,0.6752,1613.8,264.6,1882.4,517.5,0.8885,1680.78,334.40,0.0000,1709.15,333.88,0.0000,1697.06,313.91,0.0000,1762.74,332.30,0.0000,1613.00,255.59,0.0000,1800.04,348.06,0.0000,1808.97,287.64,0.0000,1688.66,385.37,0.0000,1667.12,255.59,0.0000,1613.00,373.81,0.0000,1613.00,373.81,0.0000,1694.96,485.19,0.0000,1613.00,524.07,0.0000,1613.00,416.36,0.0000,1613.00,399.03,0.0000,1613.00,432.65,0.0000,1613.00,524.07,0.0000
52,0,Elm,0.7311,1436.5,128.1,1841.7,512.2,0.9536,1436.00,116.93,0.0000,1796.70,209.47,0.0000,1436.00,116.93,0.0000,1716.81,165.97,0.0000,1741.33,150.94,0.0000,1719.97,256.14,0.0000,1436.00,116.93,0.0000,1704.15,323.38,0.0000,1601.32,277.50,0.0000,1750.03,256.14,0.0000,1731.05,256.14,0.0000,1512.73,345.53,0.0000,1497.70,343.16,0.0000,1643.25,332.08,0.0000,1436.00,116.93,0.0000,1588.67,405.65,0.0000,1436.00,116.93,0.0000
52,0,Elm,0.6682,1612.6,264.1,1883.6,517.4,0.8924,1680.81,335.46,0.0000,1708.86,334.93,0.0000,1700.39,315.87,0.0000,1763.38,332.28,0.0000,1612.00,254.47,0.0000,1800.96,348.16,0.0000,1809.43,286.76,0.0000,1713.10,399.50,0.0000,1680.28,254.47,0.0000,1612.00,373.56,0.0000,1669.69,365.62,0.0000,1682.93,485.25,0.0000,1612.00,524.94,0.0000,1612.00,415.91,0.0000,1612.00,415.38,0.0000,1612.00,433.38,0.0000,1612.00,385.21,0.0000
53,0,Elm,0.6924,1612.4,259.9,1888.8,517.3,0.9165,1684.77,336.62,0.0000,1709.03,333.39,0.0000,1697.71,318.30,0.0000,1761.86,332.31,0.0000,1612.00,250.38,0.0000,1805.52,345.79,0.0000,1806.06,289.19,0.0000,1814.15,402.93,0.0000,1682.08,405.09,0.0000,1612.00,371.66,0.0000,1671.30,363.58,0.0000,1696.09,486.48,0.0000,1759.70,525.84,0.0000,1612.00,415.87,0.0000,1612.00,397.00,0.0000,1612.00,432.58,0.0000,1612.00,384.06,0.0000
53,0,Elm,0.7311,1438.2,134.9,1846.0,511.7,0.9439,1438.00,119.69,0.0000,1808.43,217.47,0.0000,1438.00,119.69,0.0000,1720.99,169.77,0.0000,1753.58,166.59,0.0000,1734.51,259.60,0.0000,1438.00,119.69,0.0000,1717.02,327.17,0.0000,1438.00,119.69,0.0000,1752.79,327.17,0.0000,1438.00,119.69,0.0000,1515.11,358.96,0.0000,1500.00,341.47,0.0000,1656.60,336.71,0.0000,1438.00,119.69,0.0000,1591.42,410.63,0.0000,1438.00,119.69,0.0000
54,0,Elm,0.6466,1610.7,268.4,1885.0,517.7,0.9014,1682.78,337.04,0.0000,1707.93,336.50,0.0000,1698.84,314.02,0.0000,1766.80,339.18,0.0000,1720.78,265.86,0.0000,1801.05,349.34,0.0000,1800.52,288.34,0.0000,1810.68,414.63,0.0000,1679.04,287.27,0.0000,1610.00,380.38,0.0000,1610.00,255.16,0.0000,1681.71,480.99,0.0000,1610.00,528.62,0.0000,1610.00,419.45,0.0000,1610.00,344.53,0.0000,1610.00,428.55,0.0000,1610.00,387.88,0.0000
54,0,Elm,0.7311,1438.5,147.4,1846.7,509.9,0.9439,1438.00,124.69,0.0000,1824.48,237.05,0.0000,1438.00,124.69,0.0000,1845.20,193.22,0.0000,1774.28,184.45,0.0000,1754.36,253.78,0.0000,1438.00,124.69,0.0000,1723.28,332.67,0.0000,1438.00,124.69,0.0000,1753.56,306.38,0.0000,1438.00,124.69,0.0000,1591.00,381.28,0.0000,1438.00,124.69,0.0000,1669.89,349.41,0.0000,1438.00,124.69,0.0000,1591.80,415.55,0.0000,1438.00,124.69,0.0000
55,0,Elm,0.6327,1611.6,266.3,1885.1,517.4,0.9024,1680.57,338.78,0.0000,1707.33,336.64,0.0000,1696.09,319.52,0.0000,1766.20,338.78,0.0000,1611.00,254.23,0.0000,1802.05,348.95,0.0000,1800.98,287.41,0.0000,1816.50,405.68,0.0000,1680.57,254.23,0.0000,1611.00,379.45,0.0000,1611.00,254.23,0.0000,1694.48,487.02,0.0000,1757.63,527.69,0.0000,1611.00,417.98,0.0000,1611.00,416.91,0.0000,1611.00,435.11,0.0000,1611.00,527.69,0.0000
55,0,Elm,0.7311,1439.7,147.7,1849.6,506.3,0.9373,1439.00,121.38,0.0000,1818.57,240.69,0.0000,1439.00,121.38,0.0000,1728.08,194.25,0.0000,1776.13,189.44,0.0000,1751.30,251.10,0.0000,1439.00,121.38,0.0000,1725.68,330.38,0.0000,1439.00,121.38,0.0000,1756.11,330.38,0.0000,1738.49,274.32,0.0000,1534.29,379.23,0.0000,1439.00,121.38,0.0000,1658.41,347.20,0.0000,1439.00,121.38,0.0000,1593.55,413.66,0.0000,1439.00,121.38,0.0000
56,0,Elm,0.6733,1612.1,264.7,1885.4,517.7,0.9039,1684.52,338.65,0.0000,1709.58,337.05,0.0000,1696.78,321.05,0.0000,1765.03,338.12,0.0000,1612.00,254.40,0.0000,1802.89,348.78,0.0000,1810.88,293.86,0.0000,1811.95,405.83,0.0000,1709.04,407.43,0.0000,1612.00,379.17,0.0000,1612.00,254.40,0.0000,1695.71,487.41,0.0000,1612.00,526.87,0.0000,1612.00,423.96,0.0000,1612.00,417.03,0.0000,1612.00,434.62,0.0000,1612.00,526.87,0.0000
56,0,Elm,0.7311,1439.7,149.1,1849.6,506.6,0.9425,1439.00,121.77,0.0000,1818.57,241.09,0.0000,1439.00,121.77,0.0000,1728.08,194.64,0.0000,1776.13,193.84,0.0000,1751.30,250.70,0.0000,1439.00,121.77,0.0000,1720.07,330.78,0.0000,1439.00,121.77,0.0000,1755.31,330.78,0.0000,1439.00,121.77,0.0000,1533.49,378.82,0.0000,1439.00,121.77,0.0000,1659.21,347.59,0.0000,1439.00,121.77,0.0000,1593.55,414.06,0.0000,1439.00,121.77,0.0000
57,0,Elm,0.6524,1610.9,266.9,1884.7,517.2,0.9036,1682.78,338.25,0.0000,1708.47,336.64,0.0000,1699.37,317.91,0.0000,1765.73,338.25,0.0000,1728.27,265.46,0.0000,1801.05,348.95,0.0000,1800.52,293.83,0.0000,1807.47,426.55,0.0000,1679.57,408.35,0.0000,1610.00,379.45,0.0000,1610.00,254.23,0.0000,1680.64,475.78,0.0000,1610.00,527.69,0.0000,1610.00,418.52,0.0000,1610.00,416.91,0.0000,1610.00,434.57,0.0000,1610.00,527.69,0.0000
57,0,Elm,0.7311,1439.9,147.1,1851.0,505.4,0.9400,1439.00,119.71,0.0000,1829.13,239.31,0.0000,1439.00,119.71,0.0000,1729.59,188.74,0.0000,1777.75,188.74,0.0000,1752.07,249.75,0.0000,1439.00,119.71,0.0000,1720.76,329.22,0.0000,1439.00,119.71,0.0000,1756.08,329.22,0.0000,1439.00,119.71,0.0000,1544.16,378.19,0.0000,1439.00,119.71,0.0000,1659.75,346.08,0.0000,1439.00,119.71,0.0000,1593.93,412.71,0.0000,1439.00,119.71,0.0000
58,0,Elm,0.6799,1610.5,260.5,1888.6,517.2,0.9119,1683.84,336.56,0.0000,1707.73,334.93,0.0000,1696.33,318.10,0.0000,1764.75,334.39,0.0000,1610.00,249.14,0.0000,1804.38,345.25,0.0000,1802.75,289.32,0.0000,1810.36,403.34,0.0000,1680.04,343.62,0.0000,1610.00,381.08,0.0000,1610.00,381.08,0.0000,1694.70,485.88,0.0000,1758.77,526.60,0.0000,1610.00,421.80,0.0000,1610.00,396.83,0.0000,1610.00,448.95,0.0000,1610.00,414.75,0.0000
58,0,Elm,0.7311,1440.7,132.5,1866.6,505.4,0.9303,1440.00,105.38,0.0000,1827.73,221.86,0.0000,1440.00,105.38,0.0000,1865.17,176.10,0.0000,1778.64,158.62,0.0000,1751.18,251.81,0.0000,1440.00,105.38,0.0000,1738.70,322.54,0.0000,1440.00,105.38,0.0000,1769.48,310.05,0.0000,1740.36,264.29,0.0000,1520.71,355.82,0.0000,1440.00,105.38,0.0000,1667.98,345.00,0.0000,1440.00,105.38,0.0000,1585.61,410.73,0.0000,1440.00,105.38,0.0000
59,0,Elm,0.6852,1609.8,258.5,1888.0,517.1,0.9113,1683.11,335.38,0.0000,1708.18,332.65,0.0000,1695.10,316.31,0.0000,1763.76,334.29,0.0000,1609.00,248.19,0.0000,1804.08,356.63,0.0000,1802.45,289.06,0.0000,1809.53,402.40,0.0000,1668.40,347.37,0.0000,1609.00,381.15,0.0000,1609.00,380.61,0.0000,1694.01,478.69,0.0000,1609.00,526.65,0.0000,1609.00,422.02,0.0000,1609.00,413.85,0.0000,1609.00,448.72,0.0000,1609.00,412.76,0.0000
59,0,Elm,0.7311,1440.8,126.8,1867.1,505.6,0.9282,1440.00,102.65,0.0000,1440.00,102.65,0.0000,1440.00,102.65,0.0000,1866.17,174.37,0.0000,1777.76,151.85,0.0000,1751.91,250.26,0.0000,1711.88,179.38,0.0000,1739.40,320.32,0.0000,1440.00,102.65,0.0000,1769.42,320.32,0.0000,1740.23,261.94,0.0000,1520.90,353.68,0.0000,1440.00,102.65,0.0000,1668.51,337.83,0.0000,1440.00,102.65,0.0000,1586.78,407.89,0.0000,1440.00,102.65,0.0000
60,0,Elm,0.7000,1610.8,258.0,1888.5,517.2,0.9115,1683.84,335.73,0.0000,1708.82,334.64,0.0000,1695.79,317.27,0.0000,1764.20,334.10,0.0000,1610.00,248.31,0.0000,1803.84,352.56,0.0000,1802.75,288.49,0.0000,1813.61,402.52,0.0000,1712.62,377.00,0.0000,1610.00,380.25,0.0000,1693.62,369.94,0.0000,1694.70,485.05,0.0000,1758.77,525.77,0.0000,1610.00,420.43,0.0000,1610.00,401.97,0.0000,1610.00,448.12,0.0000,1610.00,396.00,0.0000
60,0,Elm,0.7311,1441.5,126.5,1864.9,505.0,0.9334,1441.00,104.52,0.0000,1441.00,104.52,0.0000,1441.00,104.52,0.0000,1863.17,175.57,0.0000,1773.12,146.65,0.0000,1749.99,249.93,0.0000,1711.16,180.53,0.0000,1737.60,320.15,0.0000,1441.00,104.52,0.0000,1769.82,320.15,0.0000,1749.16,262.32,0.0000,1521.14,353.20,0.0000,1441.00,104.52,0.0000,1668.20,337.50,0.0000,1441.00,104.52,0.0000,1585.58,407.72,0.0000,1441.00,104.52,0.0000
61,0,Elm,0.6773,1611.5,259.6,1886.0,517.0,0.9140,1683.78,334.99,0.0000,1709.47,332.32,0.0000,1703.05,321.08,0.0000,1763.52,334.46,0.0000,1743.18,261.68,0.0000,1803.12,345.16,0.0000,1810.61,290.04,0.0000,1808.47,402.42,0.0000,1680.57,332.85,0.0000,1707.86,376.20,0.0000,1707.86,250.44,0.0000,1710.00,484.84,0.0000,1757.63,523.90,0.0000,1611.00,420.62,0.0000,1611.00,396.54,0.0000,1611.00,450.59,0.0000,1611.00,414.20,0.0000
61,0,Elm,0.7311,1442.5,137.2,1857.6,504.3,0.9278,1442.00,112.68,0.0000,1823.77,227.78,0.0000,1442.00,112.68,0.0000,1856.19,182.39,0.0000,1784.05,163.75,0.0000,1758.11,256.15,0.0000,1442.00,112.68,0.0000,1732.99,341.26,0.0000,1442.00,112.68,0.0000,1762.17,324.24,0.0000,1442.00,112.68,0.0000,1597.62,385.84,0.0000,1442.00,112.68,0.0000,1664.90,341.26,0.0000,1442.00,112.68,0.0000,1584.66,416.64,0.0000,1442.00,112.68,0.0000
62,0,Elm,0.6336,1609.9,273.0,1883.2,517.2,0.9057,1682.32,338.89,0.0000,1706.93,332.47,0.0000,1697.84,316.95,0.0000,1762.59,335.68,0.0000,1750.82,257.02,0.0000,1800.59,351.20,0.0000,1821.46,301.43,0.0000,1719.24,389.20,0.0000,1710.14,385.99,0.0000,1609.00,377.43,0.0000,1667.87,382.78,0.0000,1676.43,452.88,0.0000,1609.00,530.48,0.0000,1609.00,420.77,0.0000,1609.00,420.77,0.0000,1609.00,429.87,0.0000,1609.00,530.48,0.0000
62,0,Elm,0.7311,1442.2,147.9,1866.0,503.2,0.9318,1442.00,112.22,0.0000,1827.91,248.03,0.0000,1442.00,112.22,0.0000,1757.52,187.58,0.0000,1442.00,112.22,0.0000,1751.72,258.80,0.0000,1442.00,112.22,0.0000,1722.73,345.75,0.0000,1442.00,112.22,0.0000,1769.94,328.36,0.0000,1442.00,112.22,0.0000,1550.48,391.30,0.0000,1442.00,112.22,0.0000,1668.91,349.89,0.0000,1442.00,112.22,0.0000,1586.09,414.48,0.0000,1442.00,112.22,0.0000
63,0,Elm,0.6531,1606.4,272.2,1882.1,518.4,0.8978,1681.47,338.30,0.0000,1705.19,332.91,0.0000,1697.64,316.20,0.0000,1762.87,336.15,0.0000,1739.15,256.91,0.0000,1797.91,355.02,0.0000,1807.07,297.34,0.0000,1717.05,397.60,0.0000,1664.22,386.82,0.0000,1606.00,387.36,0.0000,1665.30,383.59,0.0000,1673.92,454.20,0.0000,1606.00,532.37,0.0000,1628.10,421.86,0.0000,1606.00,414.85,0.0000,1606.00,438.57,0.0000,1606.00,532.37,0.0000
63,0,Elm,0.7311,1442.6,150.6,1861.0,501.8,0.9328,1442.00,115.71,0.0000,1827.34,251.23,0.0000,1442.00,115.71,0.0000,1753.87,185.92,0.0000,1442.00,115.71,0.0000,1747.34,259.40,0.0000,1442.00,115.71,0.0000,1717.95,328.79,0.0000,1442.00,115.71,0.0000,1765.30,328.79,0.0000,1442.00,115.71,0.0000,1548.95,362.27,0.0000,1442.00,115.71,0.0000,1665.70,345.94,0.0000,1442.00,115.71,0.0000,1585.69,413.70,0.0000,1442.00,115.71,0.0000
64,0,Elm,0.6516,1607.9,271.8,1882.7,518.3,0.9029,1681.66,340.82,0.0000,1706.37,338.14,0.0000,1698.85,319.88,0.0000,1763.84,335.99,0.0000,1799.82,257.04,0.0000,1798.21,352.10,0.0000,1833.66,297.32,0.0000,1717.64,389.70,0.0000,1704.75,411.72,0.0000,1607.00,383.26,0.0000,1665.54,257.04,0.0000,1674.68,453.62,0.0000,1607.00,531.50,0.0000,1607.00,421.39,0.0000,1607.00,419.24,0.0000,1607.00,430.52,0.0000,1607.00,531.50,0.0000
64,0,Elm,0.7311,1441.9,150.5,1860.1,502.9,0.9301,1441.00,117.27,0.0000,1827.27,248.20,0.0000,1441.00,117.27,0.0000,1752.79,191.74,0.0000,1441.00,117.27,0.0000,1747.07,261.30,0.0000,1441.00,117.27,0.0000,1718.42,330.86,0.0000,1441.00,117.27,0.0000,1765.07,330.86,0.0000,1441.00,117.27,0.0000,1570.30,380.78,0.0000,1441.00,117.27,0.0000,1665.23,348.04,0.0000,1441.00,117.27,0.0000,1585.85,415.97,0.0000,1441.00,117.27,0.0000
65,0,Elm,0.6393,1609.4,269.6,1883.9,518.0,0.8983,1682.32,341.78,0.0000,1707.47,338.04,0.0000,1698.37,323.05,0.0000,1765.27,339.64,0.0000,1728.88,271.14,0.0000,1799.52,353.02,0.0000,1798.98,295.76,0.0000,1719.24,401.72,0.0000,1678.57,301.64,0.0000,1609.00,385.66,0.0000,1664.66,288.27,0.0000,1679.64,480.39,0.0000,1755.63,529.62,0.0000,1609.00,420.45,0.0000,1609.00,419.38,0.0000,1609.00,429.01,0.0000,1609.00,529.62,0.0000
65,0,Elm,0.7311,1442.5,150.5,1858.0,501.6,0.9383,1442.00,117.50,0.0000,1824.69,251.56,0.0000,1442.00,117.50,0.0000,1752.38,191.44,0.0000,1442.00,117.50,0.0000,1745.88,260.50,0.0000,1442.00,117.50,0.0000,1717.44,329.56,0.0000,1442.00,117.50,0.0000,1763.75,329.56,0.0000,1442.00,117.50,0.0000,1548.44,379.12,0.0000,1442.00,117.50,0.0000,1664.62,346.62,0.0000,1442.00,117.50,0.0000,1585.81,414.06,0.0000,1442.00,117.50,0.0000
66,0,Elm,0.6473,1608.8,272.5,1883.2,517.8,0.8967,1682.12,341.82,0.0000,1706.83,339.14,0.0000,1697.16,319.80,0.0000,1761.61,340.75,0.0000,1742.28,256.96,0.0000,1790.08,354.18,0.0000,1808.34,297.24,0.0000,1718.64,397.15,0.0000,1677.82,411.65,0.0000,1608.00,386.94,0.0000,1667.08,296.71,0.0000,1675.68,475.56,0.0000,1608.00,531.42,0.0000,1608.00,421.85,0.0000,1608.00,420.78,0.0000,1608.00,422.93,0.0000,1608.00,531.42,0.0000
66,0,Elm,0.7311,1441.8,150.6,1860.0,502.9,0.9369,1441.00,117.34,0.0000,1825.53,247.97,0.0000,1441.00,117.34,0.0000,1752.05,191.64,0.0000,1441.00,117.34,0.0000,1746.34,261.03,0.0000,1441.00,117.34,0.0000,1717.76,330.43,0.0000,1441.00,117.34,0.0000,1764.30,330.43,0.0000,1441.00,117.34,0.0000,1547.95,363.90,0.0000,1441.00,117.34,0.0000,1654.90,348.39,0.0000,1441.00,117.34,0.0000,1585.50,415.33,0.0000,1441.00,117.34,0.0000
67,0,Elm,0.6241,1609.7,270.1,1881.8,517.6,0.8954,1682.31,343.31,0.0000,1706.75,339.06,0.0000,1693.47,327.38,0.0000,1761.47,340.66,0.0000,1728.00,268.41,0.0000,1789.09,351.28,0.0000,1807.16,297.09,0.0000,1718.44,401.75,0.0000,1708.34,257.25,0.0000,1609.00,382.09,0.0000,1705.16,257.25,0.0000,1679.66,473.47,0.0000,1754.56,528.72,0.0000,1609.00,419.81,0.0000,1609.00,418.75,0.0000,1609.00,428.84,0.0000,1609.00,528.72,0.0000
67,0,Elm,0.7311,1442.8,150.0,1857.4,502.6,0.9353,1442.00,119.20,0.0000,1825.39,245.64,0.0000,1442.00,119.20,0.0000,1750.82,188.91,0.0000,1442.00,119.20,0.0000,1745.14,261.86,0.0000,1442.00,119.20,0.0000,1716.78,330.75,0.0000,1442.00,119.20,0.0000,1762.98,318.59,0.0000,1442.00,119.20,0.0000,1548.18,379.38,0.0000,1442.00,119.20,0.0000,1654.36,347.77,0.0000,1442.00,119.20,0.0000,1585.47,415.05,0.0000,1442.00,119.20,0.0000
68,0,Elm,0.7311,1443.7,142.9,1858.5,500.1,0.9361,1443.00,112.82,0.0000,1825.58,235.21,0.0000,1443.00,112.82,0.0000,1751.82,181.72,0.0000,1779.38,180.10,0.0000,1759.11,256.29,0.0000,1443.00,112.82,0.0000,1717.78,324.37,0.0000,1608.35,268.45,0.0000,1763.98,324.37,0.0000,1443.00,112.82,0.0000,1549.18,357.61,0.0000,1443.00,112.82,0.0000,1655.36,341.39,0.0000,1443.00,112.82,0.0000,1586.47,410.29,0.0000,1443.00,112.82,0.0000
68,0,Elm,0.6626,1610.0,266.9,1882.8,518.0,0.8913,1682.05,344.38,0.0000,1706.04,337.98,0.0000,1698.04,325.72,0.0000,1761.50,339.05,0.0000,1734.84,266.00,0.0000,1799.89,349.18,0.0000,1807.88,294.79,0.0000,1718.84,400.90,0.0000,1706.04,300.66,0.0000,1609.00,375.31,0.0000,1700.18,255.34,0.0000,1679.92,476.08,0.0000,1609.00,527.80,0.0000,1609.00,424.89,0.0000,1609.00,417.96,0.0000,1609.00,435.56,0.0000,1609.00,527.80,0.0000
69,0,Elm,0.7311,1442.6,132.0,1863.6,502.0,0.9324,1442.00,106.33,0.0000,1824.35,220.63,0.0000,1442.00,106.33,0.0000,1755.28,158.13,0.0000,1775.84,167.18,0.0000,1748.71,250.23,0.0000,1442.00,106.33,0.0000,1737.19,320.94,0.0000,1610.56,271.61,0.0000,1767.62,320.94,0.0000,1442.00,106.33,0.0000,1549.72,354.66,0.0000,1442.00,106.33,0.0000,1657.43,338.21,0.0000,1442.00,106.33,0.0000,1585.90,413.04,0.0000,1442.00,106.33,0.0000
69,0,Elm,0.6712,1612.2,264.5,1887.4,517.6,0.9036,1686.12,347.79,0.0000,1710.29,340.81,0.0000,1696.86,328.45,0.0000,1765.08,337.58,0.0000,1612.00,253.26,0.0000,1812.88,347.79,0.0000,1802.67,291.93,0.0000,1813.42,414.39,0.0000,1714.05,393.44,0.0000,1732.31,379.48,0.0000,1695.25,347.25,0.0000,1695.79,487.97,0.0000,1759.17,527.72,0.0000,1612.00,424.60,0.0000,1612.00,416.54,0.0000,1612.00,435.34,0.0000,1612.00,417.61,0.0000
70,0,Elm,0.6887,1613.1,262.8,1889.3,518.0,0.8962,1682.54,343.40,0.0000,1705.72,339.09,0.0000,1697.63,323.99,0.0000,1762.32,337.47,0.0000,1613.00,252.30,0.0000,1806.52,350.41,0.0000,1804.37,291.65,0.0000,1811.91,414.02,0.0000,1721.35,392.99,0.0000,1613.00,382.75,0.0000,1682.54,352.56,0.0000,1697.09,487.33,0.0000,1613.00,527.76,0.0000,1613.00,424.26,0.0000,1613.00,415.63,0.0000,1613.00,435.58,0.0000,1613.00,417.25,0.0000
71,0,Elm,0.6819,1613.8,262.1,1889.0,518.0,0.9088,1682.82,344.18,0.0000,1705.38,338.81,0.0000,1697.86,326.99,0.0000,1758.02,337.20,0.0000,1613.00,252.33,0.0000,1805.82,346.86,0.0000,1803.67,286.17,0.0000,1814.42,416.15,0.0000,1715.05,392.52,0.0000,1613.00,407.02,0.0000,1710.22,352.23,0.0000,1696.79,487.59,0.0000,1613.00,526.79,0.0000,1613.00,423.13,0.0000,1613.00,404.33,0.0000,1613.00,434.41,0.0000,1613.00,416.15,0.0000
71,0,Elm,0.7311,1441.1,124.7,1859.1,504.1,0.9412,1441.00,104.41,0.0000,1441.00,104.41,0.0000,1441.00,104.41,0.0000,1858.18,174.62,0.0000,1758.58,140.33,0.0000,1734.91,248.91,0.0000,1441.00,104.41,0.0000,1727.56,317.49,0.0000,1607.55,269.32,0.0000,1764.30,298.71,0.0000,1441.00,104.41,0.0000,1547.95,350.14,0.0000,1441.00,104.41,0.0000,1654.90,334.63,0.0000,1441.00,104.41,0.0000,1584.69,408.93,0.0000,1441.00,104.41,0.0000
72,0,Elm,0.6914,1613.5,261.0,1890.1,518.3,0.9126,1682.79,344.32,0.0000,1706.05,338.91,0.0000,1697.94,326.46,0.0000,1759.07,336.74,0.0000,1613.00,251.26,0.0000,1807.22,346.48,0.0000,1805.06,290.76,0.0000,1812.09,413.57,0.0000,1716.33,404.37,0.0000,1613.00,382.19,0.0000,1705.51,351.89,0.0000,1697.94,487.14,0.0000,1613.00,527.72,0.0000,1613.00,423.30,0.0000,1613.00,415.19,0.0000,1613.00,434.67,0.0000,1613.00,527.72,0.0000
72,0,Elm,0.7311,1441.0,125.2,1858.4,504.7,0.9446,1441.00,105.45,0.0000,1441.00,105.45,0.0000,1441.00,105.45,0.0000,1857.19,175.50,0.0000,1757.01,141.29,0.0000,1734.20,249.61,0.0000,1441.00,105.45,0.0000,1717.10,318.03,0.0000,1441.00,105.45,0.0000,1763.52,299.29,0.0000,1441.00,105.45,0.0000,1547.69,350.60,0.0000,1441.00,105.45,0.0000,1654.39,335.13,0.0000,1441.00,105.45,0.0000,1584.34,410.06,0.0000,1441.00,105.45,0.0000
73,0,Elm,0.6691,1612.6,261.4,1889.9,517.4,0.9073,1682.33,343.23,0.0000,1709.92,337.82,0.0000,1697.48,325.38,0.0000,1762.40,335.66,0.0000,1612.00,250.18,0.0000,1805.68,354.05,0.0000,1804.06,289.67,0.0000,1814.88,414.65,0.0000,1714.79,403.83,0.0000,1612.00,383.81,0.0000,1695.86,344.86,0.0000,1696.40,486.60,0.0000,1760.24,526.64,0.0000,1612.00,421.68,0.0000,1612.00,414.65,0.0000,1612.00,433.04,0.0000,1612.00,526.64,0.0000
73,0,Elm,0.7311,1440.5,125.0,1857.9,505.3,0.9434,1440.00,107.08,0.0000,1440.00,107.08,0.0000,1440.00,107.08,0.0000,1856.19,177.12,0.0000,1756.82,142.10,0.0000,1733.20,250.43,0.0000,1440.00,107.08,0.0000,1731.57,319.65,0.0000,1606.96,270.79,0.0000,1761.71,319.65,0.0000,1729.95,262.64,0.0000,1546.69,352.23,0.0000,1440.00,107.08,0.0000,1653.39,336.76,0.0000,1440.00,107.08,0.0000,1583.34,405.17,0.0000,1440.00,107.08,0.0000
74,0,Elm,0.6620,1613.2,264.1,1887.3,517.5,0.9067,1685.78,345.88,0.0000,1711.47,342.67,0.0000,1705.05,328.75,0.0000,1765.52,337.32,0.0000,1795.49,253.30,0.0000,1804.59,347.48,0.0000,1805.66,292.90,0.0000,1814.22,415.98,0.0000,1714.68,392.97,0.0000,1709.86,378.52,0.0000,1704.51,346.95,0.0000,1697.02,487.16,0.0000,1613.00,526.76,0.0000,1613.00,422.94,0.0000,1613.00,417.05,0.0000,1613.00,485.55,0.0000,1613.00,486.62,0.0000
74,0,Elm,0.7311,1440.4,143.0,1849.3,504.0,0.9355,1440.00,119.04,0.0000,1817.85,237.26,0.0000,1440.00,119.04,0.0000,1848.20,187.73,0.0000,1782.70,178.15,0.0000,1751.54,260.43,0.0000,1440.00,119.04,0.0000,1725.98,343.51,0.0000,1440.00,119.04,0.0000,1755.54,327.53,0.0000,1737.96,261.23,0.0000,1593.38,389.84,0.0000,1440.00,119.04,0.0000,1672.46,352.29,0.0000,1440.00,119.04,0.0000,1587.78,411.41,0.0000,1440.00,119.04,0.0000
75,0,Elm,0.6492,1615.4,268.6,1886.0,518.3,0.8982,1683.28,348.45,0.0000,1712.39,343.69,0.0000,1704.98,330.99,0.0000,1768.50,341.04,0.0000,1799.20,257.41,0.0000,1803.96,343.16,0.0000,1812.43,297.11,0.0000,1810.31,407.73,0.0000,1711.86,402.97,0.0000,1615.00,257.41,0.0000,1615.00,257.41,0.0000,1684.87,476.54,0.0000,1615.00,527.88,0.0000,1615.00,419.91,0.0000,1615.00,419.38,0.0000,1615.00,428.91,0.0000,1615.00,527.88,0.0000
75,0,Elm,0.7311,1442.2,151.5,1854.2,501.8,0.9371,1442.00,120.42,0.0000,1821.81,246.76,0.0000,1442.00,120.42,0.0000,1748.59,193.65,0.0000,1442.00,120.42,0.0000,1742.95,250.78,0.0000,1442.00,120.42,0.0000,1714.79,330.45,0.0000,1613.40,274.12,0.0000,1760.66,330.45,0.0000,1442.00,120.42,0.0000,1569.14,378.73,0.0000,1442.00,120.42,0.0000,1662.48,347.34,0.0000,1442.00,120.42,0.0000,1584.43,414.94,0.0000,1442.00,120.42,0.0000
76,0,Elm,0.6466,1613.2,269.4,1886.5,518.3,0.9002,1682.32,346.31,0.0000,1710.58,343.65,0.0000,1697.78,331.92,0.0000,1766.56,277.00,0.0000,1730.30,267.93,0.0000,1803.89,351.11,0.0000,1818.28,302.06,0.0000,1809.75,407.63,0.0000,1714.84,402.30,0.0000,1710.58,382.04,0.0000,1709.51,356.98,0.0000,1683.38,478.02,0.0000,1759.10,529.74,0.0000,1613.00,426.29,0.0000,1613.00,420.43,0.0000,1613.00,437.49,0.0000,1613.00,529.74,0.0000
76,0,Elm,0.7311,1442.4,152.4,1854.6,501.4,0.9356,1442.00,119.81,0.0000,1821.81,249.37,0.0000,1442.00,119.81,0.0000,1749.39,193.04,0.0000,1442.00,119.81,0.0000,1742.15,261.44,0.0000,1442.00,119.81,0.0000,1714.79,329.84,0.0000,1442.00,119.81,0.0000,1759.85,329.84,0.0000,1730.08,268.68,0.0000,1569.14,378.12,0.0000,1442.00,119.81,0.0000,1662.48,346.73,0.0000,1442.00,119.81,0.0000,1583.62,414.33,0.0000,1442.00,119.81,0.0000
77,0,Elm,0.6566,1613.9,263.7,1887.5,518.4,0.8983,1682.57,346.48,0.0000,1710.93,342.74,0.0000,1697.55,328.82,0.0000,1766.05,343.27,0.0000,1731.27,264.07,0.0000,1804.59,347.55,0.0000,1812.61,297.79,0.0000,1817.96,416.59,0.0000,1714.68,392.51,0.0000,1613.00,253.37,0.0000,1695.95,347.02,0.0000,1712.00,487.77,0.0000,1759.63,526.83,0.0000,1613.00,424.08,0.0000,1613.00,417.12,0.0000,1613.00,486.16,0.0000,1613.00,526.83,0.0000
77,0,Elm,0.7311,1442.8,152.9,1850.0,500.8,0.9347,1442.00,121.72,0.0000,1819.72,254.80,0.0000,1442.00,121.72,0.0000,1745.61,194.23,0.0000,1442.00,121.72,0.0000,1740.03,250.81,0.0000,1442.00,121.72,0.0000,1712.14,329.70,0.0000,1442.00,121.72,0.0000,1757.56,311.38,0.0000,1724.89,268.34,0.0000,1546.39,378.31,0.0000,1442.00,121.72,0.0000,1660.34,346.44,0.0000,1442.00,121.72,0.0000,1582.25,413.38,0.0000,1442.00,121.72,0.0000
78,0,Elm,0.6748,1615.2,266.0,1888.9,518.6,0.9002,1683.78,347.65,0.0000,1712.58,343.91,0.0000,1699.25,330.58,0.0000,1767.50,344.98,0.0000,1725.91,266.07,0.0000,1805.89,341.78,0.0000,1806.95,300.19,0.0000,1814.95,417.50,0.0000,1716.84,394.04,0.0000,1615.00,255.40,0.0000,1697.65,355.11,0.0000,1684.85,476.15,0.0000,1615.00,527.87,0.0000,1615.00,418.56,0.0000,1615.00,418.56,0.0000,1615.00,436.16,0.0000,1615.00,527.87,0.0000
78,0,Elm,0.7311,1442.6,153.6,1845.6,499.3,0.9338,1442.00,124.66,0.0000,1823.75,255.32,0.0000,1442.00,124.66,0.0000,1741.89,196.29,0.0000,1773.37,197.87,0.0000,1736.38,263.20,0.0000,1442.00,124.66,0.0000,1708.83,330.10,0.0000,1442.00,124.66,0.0000,1752.91,330.10,0.0000,1442.00,124.66,0.0000,1545.11,378.11,0.0000,1442.00,124.66,0.0000,1658.46,346.63,0.0000,1442.00,124.66,0.0000,1587.62,413.53,0.0000,1442.00,124.66,0.0000
79,0,Elm,0.6753,1613.8,266.4,1888.0,518.5,0.8934,1682.29,347.64,0.0000,1710.75,341.73,0.0000,1698.40,329.92,0.0000,1766.08,343.88,0.0000,1730.63,269.22,0.0000,1805.29,349.25,0.0000,1803.67,294.47,0.0000,1811.19,434.65,0.0000,1714.51,394.37,0.0000,1711.29,379.87,0.0000,1710.22,354.62,0.0000,1696.79,488.36,0.0000,1613.00,528.65,0.0000,1613.00,424.98,0.0000,1613.00,418.00,0.0000,1613.00,428.21,0.0000,1613.00,476.55,0.0000
79,0,Elm,0.7311,1442.9,152.6,1850.2,499.9,0.9339,1442.00,121.72,0.0000,1818.92,252.41,0.0000,1442.00,121.72,0.0000,1746.41,194.23,0.0000,1442.00,121.72,0.0000,1739.23,261.97,0.0000,1442.00,121.72,0.0000,1711.34,329.70,0.0000,1442.00,121.72,0.0000,1757.56,311.38,0.0000,1442.00,121.72,0.0000,1546.39,378.31,0.0000,1442.00,121.72,0.0000,1660.34,346.44,0.0000,1442.00,121.72,0.0000,1583.05,413.38,0.0000,1442.00,121.72,0.0000
80,0,Elm,0.6715,1615.1,267.8,1887.8,518.2,0.8892,1683.53,348.81,0.0000,1706.38,342.97,0.0000,1697.88,330.75,0.0000,1766.94,340.31,0.0000,1731.34,267.00,0.0000,1805.19,349.88,0.0000,1803.59,295.69,0.0000,1811.03,435.41,0.0000,1712.22,394.50,0.0000,1615.00,412.03,0.0000,1615.00,355.72,0.0000,1685.12,488.00,0.0000,1615.00,527.84,0.0000,1615.00,425.31,0.0000,1615.00,418.94,0.0000,1615.00,428.50,0.0000,1615.00,527.84,0.0000
80,0,Elm,0.7311,1442.4,152.5,1851.7,501.0,0.9359,1442.00,121.64,0.0000,1819.85,247.86,0.0000,1442.00,121.64,0.0000,1747.15,190.34,0.0000,1442.00,121.64,0.0000,1740.76,262.24,0.0000,1442.00,121.64,0.0000,1712.00,330.14,0.0000,1607.36,275.02,0.0000,1759.13,311.77,0.0000,1442.00,121.64,0.0000,1546.65,378.87,0.0000,1442.00,121.64,0.0000,1660.88,346.91,0.0000,1442.00,121.64,0.0000,1583.39,414.02,0.0000,1442.00,121.64,0.0000
81,0,Elm,0.6776,1616.7,265.1,1888.9,518.8,0.8966,1713.75,272.97,0.0000,1728.62,255.44,0.0000,1728.09,255.44,0.0000,1767.94,279.88,0.0000,1783.34,255.44,0.0000,1806.72,332.47,0.0000,1805.12,294.75,0.0000,1815.22,416.94,0.0000,1712.69,393.03,0.0000,1713.75,295.28,0.0000,1712.16,287.31,0.0000,1727.56,488.12,0.0000,1761.56,526.91,0.0000,1616.00,424.38,0.0000,1616.00,418.00,0.0000,1616.00,526.91,0.0000,1616.00,526.91,0.0000
81,0,Elm,0.7311,1444.1,147.2,1856.3,496.7,0.9348,1444.00,114.81,0.0000,1819.79,237.12,0.0000,1444.00,114.81,0.0000,1750.59,184.02,0.0000,1773.92,181.60,0.0000,1744.95,257.24,0.0000,1444.00,114.81,0.0000,1716.79,324.84,0.0000,1608.96,275.75,0.0000,1762.66,324.84,0.0000,1444.00,114.81,0.0000,1582.41,373.92,0.0000,1444.00,114.81,0.0000,1655.63,342.54,0.0000,1444.00,114.81,0.0000,1584.82,416.57,0.0000,1444.00,114.81,0.0000
82,0,Elm,0.7010,1619.5,264.9,1892.3,518.5,0.9108,1687.25,347.71,0.0000,1710.18,340.25,0.0000,1698.98,329.05,0.0000,1762.43,338.65,0.0000,1619.00,254.40,0.0000,1810.42,348.25,0.0000,1808.29,292.79,0.0000,1720.31,401.03,0.0000,1720.31,405.83,0.0000,1619.00,383.44,0.0000,1674.45,361.04,0.0000,1702.18,487.95,0.0000,1765.10,526.87,0.0000,1619.00,417.56,0.0000,1619.00,417.03,0.0000,1619.00,435.16,0.0000,1619.00,417.03,0.0000
82,0,Elm,0.7311,1445.6,131.2,1859.6,491.0,0.9378,1445.00,103.51,0.0000,1809.68,216.71,0.0000,1445.00,103.51,0.0000,1732.86,173.05,0.0000,1766.01,163.34,0.0000,1746.61,246.63,0.0000,1445.00,103.51,0.0000,1719.11,314.55,0.0000,1608.34,271.70,0.0000,1765.20,314.55,0.0000,1445.00,103.51,0.0000,1550.93,394.60,0.0000,1445.00,103.51,0.0000,1667.36,335.57,0.0000,1445.00,103.51,0.0000,1586.50,409.16,0.0000,1445.00,103.51,0.0000
83,0,Elm,0.7311,1438.9,123.7,1851.3,504.4,0.9465,1438.00,106.87,0.0000,1805.02,206.89,0.0000,1438.00,106.87,0.0000,1745.33,156.07,0.0000,1757.43,153.65,0.0000,1727.58,249.64,0.0000,1438.00,106.87,0.0000,1711.45,317.40,0.0000,1604.97,273.84,0.0000,1756.62,290.78,0.0000,1727.58,260.94,0.0000,1516.24,350.47,0.0000,1438.00,106.87,0.0000,1659.83,334.34,0.0000,1438.00,106.87,0.0000,1587.23,410.97,0.0000,1438.00,106.87,0.0000
83,0,Elm,0.7127,1618.0,257.9,1892.3,518.6,0.9115,1685.75,344.55,0.0000,1709.38,341.86,0.0000,1698.10,324.68,0.0000,1758.26,339.71,0.0000,1617.00,249.48,0.0000,1809.29,352.61,0.0000,1807.67,288.69,0.0000,1719.59,396.65,0.0000,1685.75,249.48,0.0000,1617.00,381.61,0.0000,1617.00,249.48,0.0000,1688.97,484.20,0.0000,1764.17,523.94,0.0000,1617.00,413.84,0.0000,1617.00,412.76,0.0000,1617.00,439.62,0.0000,1617.00,382.15,0.0000
84,0,Elm,0.7311,1438.2,122.3,1847.2,506.2,0.9480,1438.00,109.22,0.0000,1801.47,205.08,0.0000,1438.00,109.22,0.0000,1721.58,158.75,0.0000,1747.95,144.37,0.0000,1724.78,250.61,0.0000,1438.00,109.22,0.0000,1708.80,298.54,0.0000,1603.36,274.58,0.0000,1753.54,291.35,0.0000,1723.98,261.79,0.0000,1515.49,349.67,0.0000,1438.00,109.22,0.0000,1647.29,334.49,0.0000,1438.00,109.22,0.0000,1591.38,407.98,0.0000,1438.00,109.22,0.0000
84,0,Elm,0.7143,1617.9,259.9,1891.0,517.6,0.9128,1685.78,343.25,0.0000,1708.71,337.38,0.0000,1700.71,325.65,0.0000,1757.77,335.78,0.0000,1736.44,262.20,0.0000,1807.89,345.38,0.0000,1806.29,290.46,0.0000,1718.84,397.63,0.0000,1717.78,296.86,0.0000,1617.00,381.64,0.0000,1685.25,349.11,0.0000,1687.92,485.08,0.0000,1763.10,524.00,0.0000,1617.00,414.70,0.0000,1617.00,414.16,0.0000,1617.00,440.29,0.0000,1617.00,396.57,0.0000
85,0,Elm,0.7311,1438.5,123.5,1844.2,508.3,0.9524,1438.00,111.90,0.0000,1793.25,207.85,0.0000,1438.00,111.90,0.0000,1719.50,161.06,0.0000,1745.67,145.20,0.0000,1719.50,251.46,0.0000,1438.00,111.90,0.0000,1706.82,293.49,0.0000,1602.14,271.29,0.0000,1751.22,251.46,0.0000,1438.00,111.90,0.0000,1514.92,350.58,0.0000,1438.00,111.90,0.0000,1645.76,327.59,0.0000,1438.00,111.90,0.0000,1591.04,410.05,0.0000,1438.00,111.90,0.0000
85,0,Elm,0.6985,1621.7,262.4,1885.8,516.6,0.9027,1687.00,336.25,0.0000,1708.66,335.73,0.0000,1698.34,321.81,0.0000,1760.22,333.16,0.0000,1621.00,256.84,0.0000,1806.11,339.86,0.0000,1804.05,288.30,0.0000,1810.75,404.83,0.0000,1714.84,404.83,0.0000,1621.00,378.53,0.0000,1673.08,353.27,0.0000,1689.58,481.66,0.0000,1762.28,520.33,0.0000,1621.00,423.91,0.0000,1621.00,424.42,0.0000,1621.00,449.17,0.0000,1621.00,520.33,0.0000
86,0,Elm,0.7311,1437.0,122.2,1837.4,508.5,0.9472,1436.00,114.17,0.0000,1788.44,207.37,0.0000,1436.00,114.17,0.0000,1714.04,163.51,0.0000,1740.67,143.15,0.0000,1716.39,249.66,0.0000,1436.00,114.17,0.0000,1716.39,318.58,0.0000,1594.99,271.59,0.0000,1746.15,252.79,0.0000,1718.74,252.79,0.0000,1511.97,350.70,0.0000,1436.00,114.17,0.0000,1651.38,327.98,0.0000,1436.00,114.17,0.0000,1591.86,407.87,0.0000,1436.00,114.17,0.0000
86,0,Elm,0.7154,1630.8,257.8,1888.1,514.9,0.9162,1669.81,337.12,0.0000,1695.00,332.59,0.0000,1685.43,323.52,0.0000,1749.43,333.59,0.0000,1725.24,257.00,0.0000,1774.12,345.69,0.0000,1803.85,287.74,0.0000,1710.12,396.08,0.0000,1725.24,319.99,0.0000,1630.00,380.46,0.0000,1680.89,345.18,0.0000,1697.52,477.21,0.0000,1768.07,514.50,0.0000,1630.00,427.32,0.0000,1630.00,438.91,0.0000,1630.00,465.62,0.0000,1630.00,514.50,0.0000
87,0,Elm,0.7311,1435.1,120.4,1827.1,508.0,0.9512,1435.00,116.94,0.0000,1784.12,205.75,0.0000,1435.00,116.94,0.0000,1826.23,165.17,0.0000,1732.83,142.97,0.0000,1710.62,249.39,0.0000,1676.94,175.89,0.0000,1694.55,291.50,0.0000,1590.42,270.83,0.0000,1738.95,291.50,0.0000,1435.00,116.94,0.0000,1535.30,363.47,0.0000,1493.95,340.50,0.0000,1645.55,325.19,0.0000,1435.00,116.94,0.0000,1588.12,404.81,0.0000,1435.00,116.94,0.0000
87,0,Elm,0.7091,1630.6,249.9,1887.9,514.5,0.9129,1667.27,340.09,0.0000,1692.11,328.71,0.0000,1682.28,321.46,0.0000,1741.80,327.67,0.0000,1714.37,249.00,0.0000,1781.65,340.09,0.0000,1791.48,286.78,0.0000,1708.67,395.99,0.0000,1625.86,397.54,0.0000,1625.86,375.81,0.0000,1666.75,345.79,0.0000,1721.09,475.18,0.0000,1767.68,513.48,0.0000,1625.86,423.94,0.0000,1625.86,435.85,0.0000,1625.86,448.27,0.0000,1625.86,513.48,0.0000
88,0,Elm,0.7311,1433.3,120.4,1826.9,507.9,0.9480,1433.00,116.93,0.0000,1776.88,205.20,0.0000,1433.00,116.93,0.0000,1697.81,174.50,0.0000,1728.52,143.79,0.0000,1708.56,252.02,0.0000,1675.55,175.27,0.0000,1693.21,317.27,0.0000,1433.00,116.93,0.0000,1737.73,291.94,0.0000,1433.00,116.93,0.0000,1533.55,364.09,0.0000,1492.87,341.06,0.0000,1643.32,325.71,0.0000,1433.00,116.93,0.0000,1594.19,404.00,0.0000,1433.00,116.93,0.0000
88,0,Elm,0.7161,1637.1,249.2,1889.4,513.6,0.9214,1666.91,343.88,0.0000,1688.05,332.02,0.0000,1681.34,321.19,0.0000,1744.77,327.89,0.0000,1630.81,249.00,0.0000,1778.28,342.33,0.0000,1779.31,280.97,0.0000,1713.31,399.56,0.0000,1630.81,249.00,0.0000,1630.81,375.33,0.0000,1676.70,344.91,0.0000,1739.09,474.33,0.0000,1772.09,512.48,0.0000,1630.81,431.02,0.0000,1630.81,435.14,0.0000,1630.81,512.48,0.0000,1630.81,512.48,0.0000
89,0,Elm,0.7311,1434.3,120.6,1821.3,508.0,0.9464,1434.00,120.00,0.0000,1773.50,207.15,0.0000,1434.00,120.00,0.0000,1821.24,167.74,0.0000,1724.24,145.77,0.0000,1706.05,250.34,0.0000,1434.00,120.00,0.0000,1690.90,280.66,0.0000,1434.00,120.00,0.0000,1734.09,292.02,0.0000,1434.00,120.00,0.0000,1533.27,364.02,0.0000,1434.00,120.00,0.0000,1647.70,326.12,0.0000,1434.00,120.00,0.0000,1592.38,397.36,0.0000,1434.00,120.00,0.0000
89,0,Elm,0.7143,1638.6,249.5,1890.5,514.0,0.9310,1666.88,345.94,0.0000,1689.56,339.75,0.0000,1677.70,325.31,0.0000,1741.12,333.05,0.0000,1709.67,265.50,0.0000,1778.77,347.48,0.0000,1779.80,286.64,0.0000,1713.80,399.56,0.0000,1725.14,249.00,0.0000,1631.81,375.84,0.0000,1672.03,249.00,0.0000,1700.91,467.11,0.0000,1773.09,512.48,0.0000,1631.81,430.50,0.0000,1631.81,435.14,0.0000,1631.81,512.48,0.0000,1631.81,512.48,0.0000
90,0,Elm,0.7311,1433.7,123.5,1820.4,508.7,0.9424,1433.00,121.49,0.0000,1776.92,208.41,0.0000,1433.00,121.49,0.0000,1819.24,186.49,0.0000,1722.49,149.46,0.0000,1705.11,254.52,0.0000,1433.00,121.49,0.0000,1688.48,293.82,0.0000,1587.95,273.42,0.0000,1733.08,293.82,0.0000,1433.00,121.49,0.0000,1532.02,364.88,0.0000,1433.00,121.49,0.0000,1640.86,327.08,0.0000,1433.00,121.49,0.0000,1591.73,398.13,0.0000,1433.00,121.49,0.0000
90,0,Elm,0.7311,1642.9,248.5,1891.2,513.9,0.9356,1666.33,351.00,0.0000,1691.17,344.27,0.0000,1674.09,326.15,0.0000,1743.45,331.85,0.0000,1701.00,264.56,0.0000,1781.75,342.20,0.0000,1781.75,286.30,0.0000,1716.01,399.13,0.0000,1727.40,403.79,0.0000,1633.72,382.57,0.0000,1633.72,344.79,0.0000,1728.95,466.94,0.0000,1775.54,512.48,0.0000,1648.21,423.98,0.0000,1633.72,435.88,0.0000,1633.72,447.27,0.0000,1633.72,512.48,0.0000
91,0,Elm,0.7311,1434.5,124.8,1814.4,507.5,0.9393,1432.50,124.00,0.0000,1772.87,209.28,0.0000,1432.50,124.00,0.0000,1814.76,171.13,0.0000,1719.01,149.43,0.0000,1701.05,255.66,0.0000,1432.50,124.00,0.0000,1686.09,294.55,0.0000,1586.60,274.36,0.0000,1729.48,294.55,0.0000,1698.81,262.39,0.0000,1530.50,364.87,0.0000,1432.50,124.00,0.0000,1638.22,328.22,0.0000,1432.50,124.00,0.0000,1589.59,399.28,0.0000,1432.50,124.00,0.0000
91,0,Elm,0.7310,1644.6,246.4,1892.3,513.1,0.9431,1665.90,349.78,0.0000,1687.28,343.00,0.0000,1671.12,325.79,0.0000,1739.95,333.09,0.0000,1701.88,263.73,0.0000,1771.24,340.39,0.0000,1783.76,284.07,0.0000,1717.01,401.40,0.0000,1729.00,246.00,0.0000,1634.61,381.59,0.0000,1681.03,246.00,0.0000,1726.92,473.89,0.0000,1777.50,512.48,0.0000,1649.21,430.08,0.0000,1634.61,434.78,0.0000,1634.61,441.04,0.0000,1634.61,512.48,0.0000
92,0,Elm,0.7311,1433.9,123.5,1813.7,509.2,0.9392,1429.98,123.00,0.0000,1770.00,208.95,0.0000,1429.98,123.00,0.0000,1815.23,170.50,0.0000,1720.24,148.63,0.0000,1700.64,254.93,0.0000,1429.98,123.00,0.0000,1685.56,294.89,0.0000,1584.54,274.54,0.0000,1729.29,294.89,0.0000,1699.13,267.00,0.0000,1528.75,365.76,0.0000,1429.98,123.00,0.0000,1637.31,328.82,0.0000,1429.98,123.00,0.0000,1588.30,400.44,0.0000,1429.98,123.00,0.0000
92,0,Elm,0.7309,1645.5,245.7,1892.7,513.4,0.9460,1634.53,245.00,0.0000,1687.40,342.36,0.0000,1671.17,327.18,0.0000,1739.22,332.41,0.0000,1701.53,268.03,0.0000,1771.15,344.98,0.0000,1784.23,284.26,0.0000,1634.53,245.00,0.0000,1729.27,245.00,0.0000,1634.53,386.85,0.0000,1688.45,245.00,0.0000,1704.15,466.41,0.0000,1777.95,512.48,0.0000,1649.19,430.30,0.0000,1634.53,440.77,0.0000,1634.53,440.77,0.0000,1634.53,512.48,0.0000
93,0,Elm,0.7311,1433.3,123.4,1816.8,508.6,0.9376,1431.50,123.00,0.0000,1768.37,201.96,0.0000,1431.50,123.00,0.0000,1815.74,123.00,0.0000,1718.74,148.57,0.0000,1690.92,255.34,0.0000,1431.50,123.00,0.0000,1686.41,255.34,0.0000,1584.89,277.90,0.0000,1737.54,256.10,0.0000,1700.70,265.87,0.0000,1530.00,378.66,0.0000,1431.50,123.00,0.0000,1644.30,334.30,0.0000,1431.50,123.00,0.0000,1589.41,400.47,0.0000,1431.50,123.00,0.0000
93,0,Elm,0.7311,1646.7,236.6,1892.9,513.8,0.9362,1664.39,347.45,0.0000,1686.04,339.33,0.0000,1674.13,326.35,0.0000,1739.60,333.38,0.0000,1701.18,266.30,0.0000,1772.06,339.33,0.0000,1785.04,281.45,0.0000,1630.85,236.00,0.0000,1723.37,236.00,0.0000,1630.85,389.11,0.0000,1691.45,253.85,0.0000,1745.01,472.42,0.0000,1779.09,512.46,0.0000,1653.03,427.52,0.0000,1630.85,438.34,0.0000,1630.85,438.34,0.0000,1630.85,512.46,0.0000
94,0,Elm,0.7311,1433.8,125.7,1810.5,507.8,0.9363,1430.02,125.00,0.0000,1766.50,204.83,0.0000,1430.02,125.00,0.0000,1811.27,125.00,0.0000,1715.77,150.37,0.0000,1687.42,170.51,0.0000,1430.02,125.00,0.0000,1697.12,256.31,0.0000,1582.96,278.70,0.0000,1749.34,258.55,0.0000,1430.02,125.00,0.0000,1527.75,365.24,0.0000,1430.02,125.00,0.0000,1641.16,328.68,0.0000,1430.02,125.00,0.0000,1586.70,405.53,0.0000,1430.02,125.00,0.0000
94,0,Elm,0.7309,1647.3,242.4,1894.6,513.8,0.9403,1662.35,347.86,0.0000,1694.11,340.98,0.0000,1671.88,325.10,0.0000,1766.62,265.82,0.0000,1782.50,264.23,0.0000,1768.21,322.98,0.0000,1808.44,290.17,0.0000,1635.36,242.00,0.0000,1726.39,401.85,0.0000,1635.36,392.32,0.0000,1702.05,259.47,0.0000,1705.75,465.89,0.0000,1780.38,512.47,0.0000,1635.36,429.37,0.0000,1635.36,440.49,0.0000,1635.36,405.02,0.0000,1635.36,512.47,0.0000
95,0,Elm,0.7311,1433.9,125.3,1809.8,508.8,0.9365,1430.01,125.00,0.0000,1766.63,204.29,0.0000,1430.01,125.00,0.0000,1812.26,125.00,0.0000,1715.76,151.18,0.0000,1688.08,170.63,0.0000,1430.01,125.00,0.0000,1683.60,256.66,0.0000,1583.36,279.10,0.0000,1750.17,257.40,0.0000,1430.01,125.00,0.0000,1528.00,350.16,0.0000,1430.01,125.00,0.0000,1640.96,328.47,0.0000,1430.01,125.00,0.0000,1587.10,404.77,0.0000,1430.01,125.00,0.0000
95,0,Elm,0.7301,1647.1,241.7,1894.8,514.2,0.9407,1665.66,348.17,0.0000,1692.86,321.51,0.0000,1676.33,324.18,0.0000,1766.97,264.99,0.0000,1781.90,263.39,0.0000,1760.57,322.58,0.0000,1814.43,290.05,0.0000,1634.20,241.00,0.0000,1725.91,401.49,0.0000,1634.20,392.43,0.0000,1701.39,258.60,0.0000,1705.12,466.54,0.0000,1774.44,513.47,0.0000,1649.13,429.75,0.0000,1634.20,446.82,0.0000,1634.20,405.23,0.0000,1634.20,513.47,0.0000
96,0,Elm,0.7311,1434.0,126.0,1808.5,509.4,0.9363,1429.50,125.00,0.0000,1767.75,206.75,0.0000,1429.50,125.00,0.0000,1695.75,125.00,0.0000,1716.75,150.50,0.0000,1695.75,255.50,0.0000,1429.50,125.00,0.0000,1683.75,257.00,0.0000,1584.75,279.50,0.0000,1750.50,261.50,0.0000,1429.50,125.00,0.0000,1527.75,350.75,0.0000,1429.50,125.00,0.0000,1635.75,329.75,0.0000,1429.50,125.00,0.0000,1587.00,406.25,0.0000,1429.50,125.00,0.0000
96,0,Elm,0.7309,1645.6,243.9,1894.8,514.7,0.9371,1665.64,348.86,0.0000,1687.87,341.45,0.0000,1671.46,326.10,0.0000,1760.39,267.35,0.0000,1785.79,265.76,0.0000,1767.27,323.98,0.0000,1813.85,291.17,0.0000,1634.41,243.00,0.0000,1725.45,402.85,0.0000,1634.41,389.09,0.0000,1701.11,260.47,0.0000,1704.81,466.89,0.0000,1779.44,513.47,0.0000,1649.23,429.84,0.0000,1634.41,440.96,0.0000,1634.41,446.78,0.0000,1634.41,513.47,0.0000
97,0,Elm,0.7311,1434.1,126.5,1808.6,507.9,0.9376,1431.02,126.00,0.0000,1770.35,204.88,0.0000,1431.02,126.00,0.0000,1695.94,126.00,0.0000,1716.77,150.56,0.0000,1698.17,256.97,0.0000,1431.02,126.00,0.0000,1683.29,257.71,0.0000,1585.06,275.57,0.0000,1749.52,259.95,0.0000,1701.89,268.13,0.0000,1528.51,365.61,0.0000,1431.02,126.00,0.0000,1640.87,335.10,0.0000,1431.02,126.00,0.0000,1587.29,405.80,0.0000,1431.02,126.00,0.0000
97,0,Elm,0.7310,1647.4,245.0,1892.7,513.4,0.9401,1666.37,349.69,0.0000,1703.01,324.04,0.0000,1676.84,324.04,0.0000,1773.15,266.98,0.0000,1785.71,264.37,0.0000,1766.87,318.80,0.0000,1812.93,292.63,0.0000,1718.19,398.37,0.0000,1725.52,402.55,0.0000,1635.48,393.66,0.0000,1693.06,245.00,0.0000,1728.13,463.80,0.0000,1778.91,512.48,0.0000,1650.14,430.30,0.0000,1635.48,441.29,0.0000,1635.48,461.18,0.0000,1635.48,512.48,0.0000
98,0,Elm,0.7311,1434.5,126.6,1809.8,508.3,0.9351,1431.02,126.00,0.0000,1770.49,204.34,0.0000,1431.02,126.00,0.0000,1812.27,126.00,0.0000,1716.02,151.37,0.0000,1695.88,170.77,0.0000,1431.02,126.00,0.0000,1683.94,257.31,0.0000,1585.46,279.70,0.0000,1761.54,259.55,0.0000,1431.02,126.00,0.0000,1528.75,351.32,0.0000,1431.02,126.00,0.0000,1642.16,335.65,0.0000,1431.02,126.00,0.0000,1587.70,405.79,0.0000,1431.02,126.00,0.0000
98,0,Elm,0.7308,1647.9,242.1,1893.2,513.4,0.9365,1666.05,351.04,0.0000,1693.05,340.98,0.0000,1676.11,325.63,0.0000,1766.62,265.82,0.0000,1785.68,265.29,0.0000,1767.15,316.63,0.0000,1813.73,290.70,0.0000,1634.30,242.00,0.0000,1730.10,401.32,0.0000,1634.30,392.32,0.0000,1689.34,259.47,0.0000,1716.34,465.89,0.0000,1779.32,512.47,0.0000,1656.00,429.37,0.0000,1634.30,446.31,0.0000,1634.30,439.96,0.0000,1634.30,512.47,0.0000
99,0,Elm,0.7311,1434.6,127.2,1808.7,509.5,0.9349,1429.52,127.00,0.0000,1769.74,203.10,0.0000,1429.52,127.00,0.0000,1810.78,127.00,0.0000,1715.28,152.37,0.0000,1694.39,171.77,0.0000,1429.52,127.00,0.0000,1682.45,258.31,0.0000,1585.46,276.96,0.0000,1760.04,262.04,0.0000,1429.52,127.00,0.0000,1527.26,352.32,0.0000,1429.52,127.00,0.0000,1634.70,329.94,0.0000,1429.52,127.00,0.0000,1586.20,406.79,0.0000,1541.44,409.02,0.0000
99,0,Elm,0.7310,1648.2,245.1,1893.5,513.6,0.9377,1667.37,349.69,0.0000,1694.06,342.88,0.0000,1677.31,327.18,0.0000,1766.30,267.51,0.0000,1787.23,264.37,0.0000,1767.87,318.80,0.0000,1813.93,292.63,0.0000,1636.48,245.00,0.0000,1726.52,402.55,0.0000,1636.48,393.66,0.0000,1690.92,262.27,0.0000,1718.14,463.80,0.0000,1779.38,512.48,0.0000,1651.14,429.77,0.0000,1636.48,440.77,0.0000,1636.48,405.70,0.0000,1636.48,512.48,0.0000
100,0,Elm,0.7311,1434.1,128.0,1808.9,508.6,0.9351,1431.02,127.00,0.0000,1770.35,204.39,0.0000,1431.02,127.00,0.0000,1811.28,127.00,0.0000,1713.80,153.04,0.0000,1698.17,256.48,0.0000,1431.02,127.00,0.0000,1683.29,257.97,0.0000,1585.80,280.29,0.0000,1749.52,269.13,0.0000,1431.02,127.00,0.0000,1528.51,350.99,0.0000,1431.02,127.00,0.0000,1641.62,330.15,0.0000,1431.02,127.00,0.0000,1587.29,406.05,0.0000,1431.02,127.00,0.0000
100,0,Elm,0.7310,1647.8,244.4,1893.3,513.7,0.9402,1732.11,343.30,0.0000,1732.11,288.66,0.0000,1753.13,322.81,0.0000,1774.14,268.17,0.0000,1786.23,266.59,0.0000,1767.31,318.61,0.0000,1824.06,296.54,0.0000,1635.44,244.00,0.0000,1730.54,402.14,0.0000,1635.44,393.74,0.0000,1694.29,268.17,0.0000,1716.88,466.24,0.0000,1779.40,512.47,0.0000,1650.15,429.99,0.0000,1635.44,446.28,0.0000,1635.44,405.82,0.0000,1635.44,512.47,0.0000
101,0,Elm,0.7311,1433.8,126.9,1811.4,509.0,0.9354,1430.01,126.00,0.0000,1770.37,206.04,0.0000,1430.01,126.00,0.0000,1812.26,172.38,0.0000,1715.76,151.43,0.0000,1698.56,257.66,0.0000,1430.01,126.00,0.0000,1683.60,258.40,0.0000,1584.85,276.36,0.0000,1749.42,269.62,0.0000,1430.01,126.00,0.0000,1528.00,351.16,0.0000,1430.01,126.00,0.0000,1640.96,336.20,0.0000,1430.01,126.00,0.0000,1587.10,402.03,0.0000,1430.01,126.00,0.0000
101,0,Elm,0.7311,1645.8,246.6,1894.3,514.1,0.9355,1669.08,350.16,0.0000,1693.16,337.60,0.0000,1676.41,326.09,0.0000,1752.83,267.98,0.0000,1635.58,246.00,0.0000,1759.11,320.33,0.0000,1813.02,289.97,0.0000,1635.58,246.00,0.0000,1725.61,403.55,0.0000,1635.58,382.09,0.0000,1693.16,352.78,0.0000,1732.41,464.80,0.0000,1779.00,513.48,0.0000,1650.23,423.97,0.0000,1635.58,441.77,0.0000,1635.58,441.77,0.0000,1635.58,513.48,0.0000
102,0,Elm,0.7311,1434.3,127.8,1811.8,508.7,0.9338,1432.51,127.00,0.0000,1771.84,204.39,0.0000,1432.51,127.00,0.0000,1812.77,127.00,0.0000,1716.77,153.79,0.0000,1697.43,171.65,0.0000,1432.51,127.00,0.0000,1684.78,258.71,0.0000,1586.55,279.55,0.0000,1762.91,261.69,0.0000,1702.63,269.13,0.0000,1529.99,350.99,0.0000,1432.51,127.00,0.0000,1637.15,336.10,0.0000,1432.51,127.00,0.0000,1588.78,401.59,0.0000,1432.51,127.00,0.0000
102,0,Elm,0.7304,1648.3,243.1,1893.0,513.0,0.9371,1666.46,349.00,0.0000,1693.88,341.61,0.0000,1677.00,324.74,0.0000,1774.56,267.26,0.0000,1788.80,265.68,0.0000,1767.71,317.36,0.0000,1823.08,295.73,0.0000,1718.66,397.51,0.0000,1726.05,401.73,0.0000,1635.34,287.82,0.0000,1693.88,260.93,0.0000,1717.61,463.43,0.0000,1774.04,512.47,0.0000,1650.11,429.68,0.0000,1635.34,446.55,0.0000,1635.34,404.89,0.0000,1635.34,512.47,0.0000
103,0,Elm,0.7311,1434.9,130.5,1812.3,508.9,0.9320,1434.00,130.00,0.0000,1770.66,207.52,0.0000,1434.00,130.00,0.0000,1696.09,130.00,0.0000,1716.76,155.10,0.0000,1696.83,170.61,0.0000,1434.00,130.00,0.0000,1698.30,259.94,0.0000,1586.82,278.39,0.0000,1761.80,271.75,0.0000,1434.00,130.00,0.0000,1530.71,352.22,0.0000,1434.00,130.00,0.0000,1637.03,331.55,0.0000,1434.00,130.00,0.0000,1589.78,401.69,0.0000,1434.00,130.00,0.0000
103,0,Elm,0.7309,1648.1,245.7,1892.3,513.5,0.9362,1667.37,349.69,0.0000,1694.59,343.41,0.0000,1677.84,327.18,0.0000,1753.73,273.27,0.0000,1636.48,245.00,0.0000,1767.87,325.09,0.0000,1822.30,292.63,0.0000,1636.48,245.00,0.0000,1726.52,402.55,0.0000,1636.48,394.18,0.0000,1691.45,262.80,0.0000,1718.14,466.41,0.0000,1774.15,512.48,0.0000,1636.48,429.77,0.0000,1636.48,440.77,0.0000,1636.48,405.70,0.0000,1636.48,512.48,0.0000
104,0,Elm,0.7311,1434.7,131.5,1813.0,508.2,0.9313,1434.00,131.00,0.0000,1777.30,207.04,0.0000,1434.00,131.00,0.0000,1696.09,131.00,0.0000,1718.24,156.10,0.0000,1699.78,257.98,0.0000,1434.00,131.00,0.0000,1698.30,287.52,0.0000,1586.82,279.39,0.0000,1733.00,261.68,0.0000,1434.00,131.00,0.0000,1530.71,368.73,0.0000,1434.00,131.00,0.0000,1648.84,332.55,0.0000,1434.00,131.00,0.0000,1589.78,402.69,0.0000,1434.00,131.00,0.0000
104,0,Elm,0.7310,1646.9,246.4,1893.2,513.4,0.9352,1666.86,350.30,0.0000,1692.93,343.52,0.0000,1676.25,327.87,0.0000,1772.72,264.77,0.0000,1786.80,263.21,0.0000,1758.64,320.05,0.0000,1820.70,293.46,0.0000,1635.57,246.00,0.0000,1725.27,402.97,0.0000,1635.57,389.93,0.0000,1687.20,358.12,0.0000,1731.52,463.98,0.0000,1778.46,512.48,0.0000,1650.17,430.08,0.0000,1635.57,441.56,0.0000,1635.57,512.48,0.0000,1635.57,512.48,0.0000
105,0,Elm,0.7311,1435.5,129.4,1811.7,508.0,0.9315,1433.52,129.00,0.0000,1777.73,205.24,0.0000,1433.52,129.00,0.0000,1696.30,129.00,0.0000,1717.77,153.43,0.0000,1699.26,169.71,0.0000,1433.52,129.00,0.0000,1698.52,285.93,0.0000,1586.75,277.79,0.0000,1726.65,297.77,0.0000,1697.04,265.94,0.0000,1530.49,351.81,0.0000,1491.26,344.41,0.0000,1642.27,331.08,0.0000,1433.52,129.00,0.0000,1589.71,400.67,0.0000,1433.52,129.00,0.0000
105,0,Elm,0.7310,1647.5,243.6,1894.2,513.0,0.9407,1666.51,348.47,0.0000,1688.66,347.94,0.0000,1676.53,327.38,0.0000,1741.39,336.34,0.0000,1704.48,267.26,0.0000,1773.56,338.45,0.0000,1786.22,282.02,0.0000,1718.72,400.15,0.0000,1730.85,401.73,0.0000,1635.40,392.77,0.0000,1693.93,260.40,0.0000,1717.14,466.07,0.0000,1779.36,512.47,0.0000,1635.40,433.37,0.0000,1635.40,440.23,0.0000,1635.40,512.47,0.0000,1635.40,512.47,0.0000
106,0,Elm,0.7311,1434.3,129.3,1811.0,508.3,0.9343,1432.52,129.00,0.0000,1776.73,206.72,0.0000,1432.52,129.00,0.0000,1695.30,129.00,0.0000,1716.77,153.43,0.0000,1698.26,257.06,0.0000,1432.52,129.00,0.0000,1683.46,297.77,0.0000,1586.49,277.79,0.0000,1726.39,297.77,0.0000,1696.78,260.02,0.0000,1529.49,367.36,0.0000,1490.26,342.93,0.0000,1636.08,330.34,0.0000,1432.52,129.00,0.0000,1588.71,400.67,0.0000,1432.52,129.00,0.0000
106,0,Elm,0.7308,1645.8,241.7,1892.7,513.2,0.9370,1665.19,347.25,0.0000,1691.75,340.34,0.0000,1674.22,324.94,0.0000,1744.34,332.91,0.0000,1707.16,264.91,0.0000,1771.44,323.34,0.0000,1800.12,285.09,0.0000,1632.25,241.00,0.0000,1728.94,400.91,0.0000,1632.25,379.12,0.0000,1691.75,241.00,0.0000,1702.91,465.72,0.0000,1777.81,512.47,0.0000,1632.25,428.53,0.0000,1632.25,439.69,0.0000,1632.25,439.69,0.0000,1632.25,512.47,0.0000
107,0,Elm,0.7311,1434.0,129.5,1813.0,508.6,0.9339,1433.00,129.00,0.0000,1777.21,206.72,0.0000,1433.00,129.00,0.0000,1695.78,129.00,0.0000,1717.99,153.43,0.0000,1699.48,248.92,0.0000,1666.91,183.78,0.0000,1698.00,322.20,0.0000,1587.71,277.79,0.0000,1726.87,305.18,0.0000,1698.00,260.02,0.0000,1589.19,380.68,0.0000,1490.74,342.93,0.0000,1635.82,330.34,0.0000,1433.00,129.00,0.0000,1589.19,400.67,0.0000,1433.00,129.00,0.0000
107,0,Elm,0.7305,1646.1,242.9,1892.4,513.6,0.9357,1665.58,347.86,0.0000,1692.05,341.51,0.0000,1675.11,326.69,0.0000,1739.16,333.57,0.0000,1702.11,260.00,0.0000,1771.44,329.86,0.0000,1772.50,280.64,0.0000,1716.93,400.79,0.0000,1729.10,242.00,0.0000,1633.30,385.44,0.0000,1680.40,259.47,0.0000,1715.34,465.89,0.0000,1778.32,512.47,0.0000,1648.12,429.37,0.0000,1633.30,439.96,0.0000,1633.30,440.49,0.0000,1633.30,512.47,0.0000
108,0,Elm,0.7311,1433.7,128.2,1813.4,508.6,0.9357,1433.00,128.00,0.0000,1778.12,205.93,0.0000,1433.00,128.00,0.0000,1696.48,128.00,0.0000,1718.00,153.23,0.0000,1700.19,255.66,0.0000,1433.00,128.00,0.0000,1698.70,321.71,0.0000,1586.63,277.18,0.0000,1726.91,297.22,0.0000,1433.00,128.00,0.0000,1589.60,380.34,0.0000,1433.00,128.00,0.0000,1642.30,330.62,0.0000,1433.00,128.00,0.0000,1588.86,400.38,0.0000,1433.00,128.00,0.0000
108,0,Elm,0.7310,1645.3,243.9,1892.5,513.8,0.9364,1666.62,348.47,0.0000,1691.93,341.61,0.0000,1675.06,325.79,0.0000,1739.39,333.70,0.0000,1701.95,260.40,0.0000,1771.04,330.54,0.0000,1772.09,275.70,0.0000,1716.72,401.20,0.0000,1728.85,402.26,0.0000,1633.40,380.64,0.0000,1679.80,243.00,0.0000,1726.21,463.96,0.0000,1777.89,512.47,0.0000,1648.16,429.68,0.0000,1633.40,435.48,0.0000,1633.40,512.47,0.0000,1633.40,512.47,0.0000
109,0,Elm,0.7311,1432.7,126.9,1815.8,509.9,0.9379,1432.00,126.00,0.0000,1773.11,205.29,0.0000,1432.00,126.00,0.0000,1814.25,172.38,0.0000,1717.01,152.93,0.0000,1701.30,254.66,0.0000,1432.00,126.00,0.0000,1699.80,296.55,0.0000,1586.10,276.36,0.0000,1728.97,304.04,0.0000,1700.55,262.89,0.0000,1598.07,380.34,0.0000,1491.10,342.93,0.0000,1637.71,330.22,0.0000,1432.00,126.00,0.0000,1589.84,400.53,0.0000,1432.00,126.00,0.0000
109,0,Elm,0.7310,1644.8,246.8,1891.5,513.6,0.9330,1666.95,349.78,0.0000,1691.46,343.52,0.0000,1674.77,325.27,0.0000,1738.39,331.00,0.0000,1633.57,246.00,0.0000,1770.20,339.87,0.0000,1782.71,278.85,0.0000,1716.49,398.27,0.0000,1727.96,290.33,0.0000,1633.57,382.11,0.0000,1686.76,246.00,0.0000,1702.93,466.59,0.0000,1776.46,512.48,0.0000,1648.17,429.56,0.0000,1633.57,434.78,0.0000,1633.57,441.04,0.0000,1633.57,512.48,0.0000
110,0,Elm,0.7311,1433.2,126.8,1817.1,509.9,0.9362,1433.00,126.00,0.0000,1775.00,203.25,0.0000,1433.00,126.00,0.0000,1816.25,172.50,0.0000,1718.00,151.50,0.0000,1702.25,255.75,0.0000,1433.00,126.00,0.0000,1702.25,285.00,0.0000,1588.25,276.75,0.0000,1730.75,297.00,0.0000,1700.75,264.00,0.0000,1599.50,378.75,0.0000,1491.50,344.25,0.0000,1639.25,336.75,0.0000,1433.00,126.00,0.0000,1591.25,401.25,0.0000,1433.00,126.00,0.0000
110,0,Elm,0.7311,1645.6,246.6,1893.4,513.7,0.9336,1667.95,349.78,0.0000,1693.50,343.52,0.0000,1676.81,325.27,0.0000,1739.39,331.00,0.0000,1635.61,246.00,0.0000,1771.72,340.39,0.0000,1784.76,278.85,0.0000,1718.01,401.92,0.0000,1730.00,290.33,0.0000,1635.61,382.11,0.0000,1688.80,246.00,0.0000,1704.97,473.89,0.0000,1778.50,512.48,0.0000,1650.21,423.30,0.0000,1635.61,434.78,0.0000,1635.61,441.04,0.0000,1635.61,512.48,0.0000
111,0,Elm,0.7311,1433.5,126.7,1819.3,510.1,0.9426,1433.00,124.49,0.0000,1776.03,203.65,0.0000,1433.00,124.49,0.0000,1818.25,171.99,0.0000,1720.99,151.63,0.0000,1693.10,165.96,0.0000,1433.00,124.49,0.0000,1687.82,284.32,0.0000,1588.30,275.27,0.0000,1731.55,296.38,0.0000,1701.39,264.72,0.0000,1589.06,352.17,0.0000,1491.80,343.12,0.0000,1640.32,330.31,0.0000,1433.00,124.49,0.0000,1592.07,400.42,0.0000,1433.00,124.49,0.0000
111,0,Elm,0.7311,1643.8,251.1,1891.7,514.9,0.9245,1669.20,347.06,0.0000,1693.34,346.54,0.0000,1675.88,327.54,0.0000,1744.19,329.08,0.0000,1635.81,251.00,0.0000,1770.39,336.27,0.0000,1783.23,282.33,0.0000,1717.48,398.42,0.0000,1689.23,251.00,0.0000,1635.81,384.04,0.0000,1676.39,346.54,0.0000,1743.68,513.49,0.0000,1776.04,513.49,0.0000,1656.87,425.65,0.0000,1635.81,436.44,0.0000,1635.81,463.15,0.0000,1635.81,513.49,0.0000
112,0,Elm,0.7311,1434.1,127.4,1821.5,509.9,0.9353,1434.00,123.98,0.0000,1774.89,207.12,0.0000,1434.00,123.98,0.0000,1820.24,123.98,0.0000,1721.23,151.19,0.0000,1694.02,165.55,0.0000,1434.00,123.98,0.0000,1704.60,257.01,0.0000,1588.95,275.90,0.0000,1757.51,261.54,0.0000,1702.33,268.35,0.0000,1533.02,351.49,0.0000,1434.00,123.98,0.0000,1647.91,330.33,0.0000,1434.00,123.98,0.0000,1592.73,400.62,0.0000,1434.00,123.98,0.0000
112,0,Elm,0.7310,1646.3,247.5,1892.7,513.8,0.9328,1668.86,345.19,0.0000,1701.07,343.63,0.0000,1676.65,325.97,0.0000,1764.45,268.82,0.0000,1635.61,247.00,0.0000,1766.01,326.49,0.0000,1811.73,290.12,0.0000,1719.77,402.86,0.0000,1835.11,403.90,0.0000,1635.61,382.08,0.0000,1693.28,264.14,0.0000,1716.14,466.76,0.0000,1777.96,512.48,0.0000,1650.16,423.12,0.0000,1635.61,441.30,0.0000,1635.61,441.30,0.0000,1635.61,512.48,0.0000
113,0,Elm,0.7311,1433.9,128.2,1820.6,510.0,0.9369,1433.00,124.98,0.0000,1776.92,208.88,0.0000,1433.00,124.98,0.0000,1819.24,149.92,0.0000,1721.74,151.43,0.0000,1693.77,166.55,0.0000,1433.00,124.98,0.0000,1703.60,285.22,0.0000,1589.46,276.90,0.0000,1740.63,262.54,0.0000,1702.84,269.35,0.0000,1532.02,352.49,0.0000,1433.00,124.98,0.0000,1646.15,331.33,0.0000,1433.00,124.98,0.0000,1591.73,401.62,0.0000,1433.00,124.98,0.0000
113,0,Elm,0.7311,1645.5,248.1,1892.1,513.9,0.9304,1670.88,345.30,0.0000,1714.87,248.00,0.0000,1688.48,325.64,0.0000,1772.84,265.60,0.0000,1785.78,263.53,0.0000,1765.60,321.50,0.0000,1819.42,291.48,0.0000,1718.50,399.13,0.0000,1729.37,404.31,0.0000,1635.68,382.05,0.0000,1693.65,248.00,0.0000,1715.91,466.94,0.0000,1777.50,512.48,0.0000,1656.90,430.19,0.0000,1635.68,442.09,0.0000,1635.68,441.57,0.0000,1635.68,512.48,0.0000
114,0,Elm,0.7311,1435.0,128.3,1819.4,509.1,0.9371,1435.00,126.50,0.0000,1777.00,205.25,0.0000,1435.00,126.50,0.0000,1818.25,173.00,0.0000,1721.50,153.50,0.0000,1693.75,167.75,0.0000,1435.00,126.50,0.0000,1703.50,259.25,0.0000,1589.50,277.25,0.0000,1755.25,277.25,0.0000,1703.50,269.75,0.0000,1533.25,352.25,0.0000,1435.00,126.50,0.0000,1647.25,331.25,0.0000,1435.00,126.50,0.0000,1592.50,401.75,0.0000,1435.00,126.50,0.0000
114,0,Elm,0.7310,1644.4,247.9,1892.4,514.7,0.9316,1667.99,350.78,0.0000,1692.50,344.52,0.0000,1675.81,325.74,0.0000,1751.43,270.99,0.0000,1634.61,247.00,0.0000,1771.24,326.79,0.0000,1814.53,285.59,0.0000,1634.61,247.00,0.0000,1733.17,399.79,0.0000,1634.61,373.72,0.0000,1771.76,264.73,0.0000,1715.96,467.59,0.0000,1777.50,513.48,0.0000,1655.99,423.78,0.0000,1634.61,435.78,0.0000,1634.61,442.04,0.0000,1634.61,513.48,0.0000
115,0,Elm,0.7311,1435.5,128.3,1819.7,509.1,0.9362,1435.00,126.50,0.0000,1777.00,205.25,0.0000,1435.00,126.50,0.0000,1818.25,126.50,0.0000,1722.25,152.75,0.0000,1693.75,167.75,0.0000,1435.00,126.50,0.0000,1703.50,285.50,0.0000,1590.25,277.25,0.0000,1738.00,281.75,0.0000,1703.50,269.00,0.0000,1533.25,352.25,0.0000,1435.00,126.50,0.0000,1647.25,331.25,0.0000,1435.00,126.50,0.0000,1592.50,401.00,0.0000,1435.00,126.50,0.0000
115,0,Elm,0.7307,1644.1,246.1,1891.9,514.2,0.9374,1667.03,350.16,0.0000,1692.16,344.41,0.0000,1675.41,325.56,0.0000,1744.50,333.41,0.0000,1706.81,265.37,0.0000,1770.67,337.60,0.0000,1783.23,284.21,0.0000,1719.38,403.03,0.0000,1732.46,290.49,0.0000,1633.53,382.09,0.0000,1699.48,263.27,0.0000,1703.15,467.41,0.0000,1776.95,513.48,0.0000,1648.19,423.45,0.0000,1633.53,441.77,0.0000,1633.53,447.52,0.0000,1633.53,513.48,0.0000
116,0,Elm,0.7311,1434.9,129.0,1821.2,509.1,0.9348,1434.00,125.98,0.0000,1777.92,203.83,0.0000,1434.00,125.98,0.0000,1820.24,151.68,0.0000,1722.74,152.43,0.0000,1694.77,167.55,0.0000,1434.00,125.98,0.0000,1690.24,285.46,0.0000,1589.71,277.90,0.0000,1734.08,282.44,0.0000,1434.00,125.98,0.0000,1507.32,353.49,0.0000,1492.96,345.18,0.0000,1641.86,332.33,0.0000,1434.00,125.98,0.0000,1592.73,402.62,0.0000,1434.00,125.98,0.0000
116,0,Elm,0.7311,1644.8,246.1,1892.1,513.6,0.9362,1667.99,349.78,0.0000,1692.50,343.52,0.0000,1676.33,327.35,0.0000,1739.43,333.09,0.0000,1708.14,263.21,0.0000,1771.24,337.26,0.0000,1783.76,278.33,0.0000,1720.14,402.97,0.0000,1729.52,290.33,0.0000,1634.61,381.06,0.0000,1693.02,263.21,0.0000,1703.97,466.59,0.0000,1777.50,512.48,0.0000,1649.21,423.83,0.0000,1634.61,436.34,0.0000,1634.61,446.77,0.0000,1634.61,512.48,0.0000
117,0,Elm,0.7311,1434.1,129.3,1821.0,508.8,0.9368,1434.00,125.98,0.0000,1777.78,205.14,0.0000,1434.00,125.98,0.0000,1701.64,125.98,0.0000,1723.50,151.62,0.0000,1704.65,257.92,0.0000,1434.00,125.98,0.0000,1689.57,286.57,0.0000,1590.06,277.52,0.0000,1733.30,311.45,0.0000,1704.65,266.21,0.0000,1532.76,353.66,0.0000,1492.80,343.11,0.0000,1641.32,331.80,0.0000,1434.00,125.98,0.0000,1592.32,402.67,0.0000,1434.00,125.98,0.0000
117,0,Elm,0.7310,1644.8,247.4,1891.5,514.3,0.9305,1667.47,350.78,0.0000,1691.98,344.52,0.0000,1675.29,325.74,0.0000,1743.60,333.57,0.0000,1707.10,263.69,0.0000,1770.20,338.26,0.0000,1783.24,278.29,0.0000,1719.62,399.79,0.0000,1728.48,291.33,0.0000,1633.57,375.29,0.0000,1699.28,247.00,0.0000,1702.93,467.59,0.0000,1776.46,513.48,0.0000,1645.56,423.78,0.0000,1633.57,435.78,0.0000,1633.57,442.04,0.0000,1633.57,513.48,0.0000
118,0,Elm,0.7311,1435.3,130.5,1820.0,508.6,0.9345,1435.00,127.00,0.0000,1783.75,203.50,0.0000,1435.00,127.00,0.0000,1701.25,127.00,0.0000,1723.00,154.00,0.0000,1705.00,256.75,0.0000,1435.00,127.00,0.0000,1689.25,286.00,0.0000,1591.00,277.75,0.0000,1732.75,259.75,0.0000,1706.50,265.00,0.0000,1533.25,368.50,0.0000,1435.00,127.00,0.0000,1641.25,331.75,0.0000,1435.00,127.00,0.0000,1593.25,402.25,0.0000,1435.00,127.00,0.0000
118,0,Elm,0.7301,1646.4,244.8,1891.2,514.3,0.9293,1667.09,348.94,0.0000,1692.41,343.67,0.0000,1675.53,323.63,0.0000,1749.89,335.76,0.0000,1785.75,261.40,0.0000,1771.51,326.27,0.0000,1802.09,283.02,0.0000,1719.30,402.20,0.0000,1729.32,288.82,0.0000,1633.34,380.58,0.0000,1701.37,261.40,0.0000,1703.48,473.92,0.0000,1777.84,513.47,0.0000,1654.96,422.77,0.0000,1633.34,441.23,0.0000,1633.34,441.23,0.0000,1633.34,513.47,0.0000
119,0,Elm,0.7311,1435.5,131.3,1824.8,509.5,0.9371,1435.00,124.92,0.0000,1781.45,208.50,0.0000,1435.00,124.92,0.0000,1823.24,172.79,0.0000,1726.75,152.27,0.0000,1704.72,258.64,0.0000,1435.00,124.92,0.0000,1707.00,285.99,0.0000,1591.51,277.63,0.0000,1741.95,282.19,0.0000,1707.76,270.04,0.0000,1508.70,353.61,0.0000,1493.50,342.21,0.0000,1643.18,338.42,0.0000,1435.00,124.92,0.0000,1594.55,403.00,0.0000,1435.00,124.92,0.0000
119,0,Elm,0.7311,1644.5,250.4,1890.2,514.4,0.9259,1669.78,346.94,0.0000,1691.95,345.39,0.0000,1675.45,327.34,0.0000,1749.19,335.59,0.0000,1634.72,250.00,0.0000,1773.94,335.59,0.0000,1798.69,281.97,0.0000,1717.73,396.95,0.0000,1729.08,293.83,0.0000,1634.72,384.58,0.0000,1699.17,267.02,0.0000,1725.98,475.33,0.0000,1769.81,513.48,0.0000,1655.86,425.31,0.0000,1634.72,417.58,0.0000,1634.72,442.84,0.0000,1634.72,513.48,0.0000
120,0,Elm,0.7311,1434.6,134.0,1823.5,509.9,0.9336,1434.00,126.92,0.0000,1788.05,210.50,0.0000,1434.00,126.92,0.0000,1703.72,174.03,0.0000,1728.79,155.03,0.0000,1706.76,258.36,0.0000,1434.00,126.92,0.0000,1706.00,325.22,0.0000,1593.55,278.88,0.0000,1739.43,325.22,0.0000,1717.39,262.16,0.0000,1507.70,355.61,0.0000,1493.26,344.21,0.0000,1642.18,333.58,0.0000,1434.00,126.92,0.0000,1593.55,405.00,0.0000,1434.00,126.92,0.0000
120,0,Elm,0.7310,1641.3,245.7,1890.2,514.3,0.9309,1666.74,349.55,0.0000,1689.86,343.25,0.0000,1677.78,326.96,0.0000,1741.88,332.74,0.0000,1711.40,261.81,0.0000,1772.35,336.94,0.0000,1781.28,282.83,0.0000,1720.33,398.94,0.0000,1729.79,398.94,0.0000,1630.49,381.08,0.0000,1698.27,262.34,0.0000,1712.45,474.07,0.0000,1774.45,513.47,0.0000,1652.03,430.99,0.0000,1630.49,435.72,0.0000,1630.49,513.47,0.0000,1630.49,513.47,0.0000
121,0,Elm,0.7301,1639.4,236.8,1891.1,514.5,0.9335,1668.86,346.22,0.0000,1694.38,338.08,0.0000,1680.27,324.50,0.0000,1746.51,334.28,0.0000,1707.41,265.86,0.0000,1768.23,334.28,0.0000,1798.09,285.41,0.0000,1625.97,236.00,0.0000,1724.79,319.62,0.0000,1648.77,383.14,0.0000,1686.78,281.61,0.0000,1755.74,473.28,0.0000,1774.74,513.46,0.0000,1648.23,433.64,0.0000,1726.96,434.18,0.0000,1625.97,513.46,0.0000,1625.97,513.46,0.0000
121,0,Elm,0.7311,1437.6,144.8,1820.3,510.2,0.9202,1437.00,135.02,0.0000,1800.55,230.77,0.0000,1437.00,135.02,0.0000,1707.04,182.15,0.0000,1741.46,179.16,0.0000,1722.75,244.99,0.0000,1437.00,135.02,0.0000,1704.80,330.26,0.0000,1594.84,278.65,0.0000,1819.25,319.04,0.0000,1437.00,135.02,0.0000,1591.85,375.89,0.0000,1437.00,135.02,0.0000,1662.16,339.24,0.0000,1437.00,135.02,0.0000,1594.09,408.06,0.0000,1437.00,135.02,0.0000
122,0,Elm,0.7310,1639.2,235.9,1890.6,514.9,0.9284,1667.88,346.71,0.0000,1693.49,344.53,0.0000,1679.32,327.64,0.0000,1740.36,333.63,0.0000,1712.02,267.15,0.0000,1775.78,330.36,0.0000,1810.11,285.13,0.0000,1718.56,399.57,0.0000,1724.01,398.48,0.0000,1647.72,384.31,0.0000,1695.13,275.32,0.0000,1739.27,462.78,0.0000,1774.14,513.46,0.0000,1647.17,433.35,0.0000,1726.19,431.72,0.0000,1624.83,513.46,0.0000,1624.83,513.46,0.0000
122,0,Elm,0.7311,1438.5,150.8,1825.8,509.0,0.9171,1438.00,134.88,0.0000,1805.35,241.46,0.0000,1438.00,134.88,0.0000,1824.24,199.13,0.0000,1745.63,191.57,0.0000,1732.79,245.99,0.0000,1438.00,134.88,0.0000,1708.60,332.16,0.0000,1596.73,279.25,0.0000,1738.08,332.16,0.0000,1719.94,273.21,0.0000,1594.46,378.27,0.0000,1438.00,134.88,0.0000,1657.96,341.23,0.0000,1438.00,134.88,0.0000,1597.49,409.26,0.0000,1438.00,134.88,0.0000
123,0,Elm,0.7305,1636.5,235.3,1891.2,515.6,0.9300,1667.17,347.66,0.0000,1696.70,347.11,0.0000,1782.02,330.70,0.0000,1746.47,265.62,0.0000,1724.05,253.05,0.0000,1775.45,319.22,0.0000,1809.91,284.77,0.0000,1718.03,399.61,0.0000,1723.50,395.23,0.0000,1623.97,385.39,0.0000,1695.06,275.47,0.0000,1738.81,474.53,0.0000,1783.11,514.45,0.0000,1654.59,434.06,0.0000,1725.14,432.42,0.0000,1623.97,514.45,0.0000,1623.97,514.45,0.0000
123,0,Elm,0.7311,1439.1,151.5,1822.9,508.5,0.9194,1439.00,137.54,0.0000,1808.54,247.50,0.0000,1439.00,137.54,0.0000,1724.01,201.87,0.0000,1754.68,199.62,0.0000,1730.74,247.50,0.0000,1439.00,137.54,0.0000,1703.81,332.78,0.0000,1439.00,137.54,0.0000,1735.23,332.78,0.0000,1439.00,137.54,0.0000,1582.62,378.41,0.0000,1439.00,137.54,0.0000,1656.68,347.74,0.0000,1439.00,137.54,0.0000,1596.09,411.32,0.0000,1439.00,137.54,0.0000
124,0,Elm,0.7282,1639.4,238.5,1890.1,515.5,0.9285,1668.76,348.37,0.0000,1696.35,255.85,0.0000,1685.53,326.19,0.0000,1768.30,260.72,0.0000,1791.03,238.00,0.0000,1767.22,314.82,0.0000,1809.42,287.23,0.0000,1719.07,396.52,0.0000,1724.48,396.52,0.0000,1696.35,289.40,0.0000,1696.35,278.04,0.0000,1739.63,474.96,0.0000,1783.99,514.46,0.0000,1648.20,434.39,0.0000,1732.05,433.85,0.0000,1626.02,514.46,0.0000,1626.02,514.46,0.0000
124,0,Elm,0.7311,1437.8,150.5,1824.7,509.0,0.9232,1437.00,134.88,0.0000,1804.35,245.99,0.0000,1437.00,134.88,0.0000,1724.98,199.89,0.0000,1755.22,196.86,0.0000,1731.03,245.99,0.0000,1437.00,134.88,0.0000,1693.24,332.16,0.0000,1437.00,134.88,0.0000,1736.32,332.16,0.0000,1718.94,270.18,0.0000,1593.46,378.27,0.0000,1437.00,134.88,0.0000,1656.96,348.04,0.0000,1437.00,134.88,0.0000,1595.73,410.77,0.0000,1437.00,134.88,0.0000
125,0,Elm,0.7277,1639.9,237.1,1890.9,515.6,0.9319,1668.86,347.77,0.0000,1696.01,254.92,0.0000,1685.15,325.50,0.0000,1747.59,267.41,0.0000,1789.40,254.92,0.0000,1767.68,314.10,0.0000,1810.58,286.41,0.0000,1625.97,237.00,0.0000,1724.79,399.89,0.0000,1625.97,391.20,0.0000,1696.55,277.18,0.0000,1739.99,474.28,0.0000,1775.29,514.46,0.0000,1648.23,434.10,0.0000,1732.93,433.55,0.0000,1625.97,514.46,0.0000,1625.97,514.46,0.0000
125,0,Elm,0.7311,1438.4,150.8,1825.7,508.3,0.9223,1438.00,134.88,0.0000,1805.35,244.48,0.0000,1438.00,134.88,0.0000,1725.98,199.89,0.0000,1750.93,197.62,0.0000,1732.03,245.99,0.0000,1438.00,134.88,0.0000,1693.48,332.16,0.0000,1603.53,280.01,0.0000,1737.32,332.16,0.0000,1719.94,272.45,0.0000,1594.46,378.27,0.0000,1438.00,134.88,0.0000,1657.20,348.04,0.0000,1438.00,134.88,0.0000,1596.73,410.77,0.0000,1438.00,134.88,0.0000
126,0,Elm,0.7285,1639.2,237.1,1890.1,515.6,0.9307,1668.86,348.31,0.0000,1709.04,254.38,0.0000,1784.52,237.00,0.0000,1747.59,267.41,0.0000,1719.36,254.92,0.0000,1768.23,313.56,0.0000,1810.58,286.41,0.0000,1719.36,400.43,0.0000,1724.79,400.43,0.0000,1625.97,288.58,0.0000,1696.01,277.18,0.0000,1755.74,474.82,0.0000,1783.97,514.46,0.0000,1648.23,434.64,0.0000,1732.39,433.55,0.0000,1625.97,514.46,0.0000,1625.97,514.46,0.0000
126,0,Elm,0.7311,1438.3,151.5,1824.8,507.9,0.9219,1438.00,135.92,0.0000,1804.40,246.75,0.0000,1438.00,135.92,0.0000,1725.24,204.53,0.0000,1755.39,198.50,0.0000,1731.27,246.75,0.0000,1438.00,135.92,0.0000,1693.57,332.69,0.0000,1596.32,280.67,0.0000,1736.55,332.69,0.0000,1719.21,270.12,0.0000,1582.75,378.68,0.0000,1438.00,135.92,0.0000,1665.68,348.52,0.0000,1438.00,135.92,0.0000,1597.07,411.10,0.0000,1438.00,135.92,0.0000
127,0,Elm,0.7275,1641.7,239.1,1890.6,515.6,0.9290,1669.03,347.89,0.0000,1695.98,346.81,0.0000,1681.43,329.56,0.0000,1746.66,269.73,0.0000,1719.16,263.26,0.0000,1767.68,321.48,0.0000,1803.26,288.05,0.0000,1626.98,239.00,0.0000,1725.09,401.26,0.0000,1649.62,387.24,0.0000,1697.06,278.89,0.0000,1740.19,474.57,0.0000,1774.69,514.46,0.0000,1649.09,433.60,0.0000,1727.25,433.60,0.0000,1626.98,514.46,0.0000,1626.98,514.46,0.0000
127,0,Elm,0.7311,1437.9,151.5,1824.0,508.2,0.9209,1437.00,135.92,0.0000,1803.40,247.50,0.0000,1437.00,135.92,0.0000,1724.24,200.76,0.0000,1749.12,198.50,0.0000,1724.99,246.75,0.0000,1437.00,135.92,0.0000,1692.57,332.69,0.0000,1602.11,280.67,0.0000,1736.30,332.69,0.0000,1718.21,270.12,0.0000,1581.75,378.68,0.0000,1437.00,135.92,0.0000,1656.39,347.77,0.0000,1437.00,135.92,0.0000,1596.07,411.10,0.0000,1437.00,135.92,0.0000
128,0,Elm,0.7311,1643.1,237.2,1889.8,514.9,0.9330,1670.59,348.45,0.0000,1697.64,345.74,0.0000,1683.04,331.68,0.0000,1742.55,268.38,0.0000,1714.41,261.89,0.0000,1769.60,319.78,0.0000,1811.26,286.23,0.0000,1627.85,237.00,0.0000,1726.32,399.85,0.0000,1650.57,390.65,0.0000,1698.18,277.04,0.0000,1741.46,473.42,0.0000,1776.09,513.46,0.0000,1650.03,433.93,0.0000,1728.48,439.34,0.0000,1627.85,513.46,0.0000,1627.85,513.46,0.0000
128,0,Elm,0.7311,1438.3,151.6,1820.5,508.4,0.9193,1438.00,139.06,0.0000,1805.82,245.75,0.0000,1438.00,139.06,0.0000,1819.25,186.07,0.0000,1758.07,194.27,0.0000,1728.23,248.74,0.0000,1438.00,139.06,0.0000,1705.10,333.79,0.0000,1438.00,139.06,0.0000,1733.45,333.79,0.0000,1438.00,139.06,0.0000,1581.25,379.30,0.0000,1438.00,139.06,0.0000,1655.11,348.71,0.0000,1438.00,139.06,0.0000,1594.68,411.39,0.0000,1438.00,139.06,0.0000
129,0,Elm,0.7307,1644.1,238.1,1889.1,515.2,0.9288,1669.97,349.45,0.0000,1697.56,346.74,0.0000,1682.95,328.89,0.0000,1748.42,268.84,0.0000,1714.33,262.89,0.0000,1769.52,320.78,0.0000,1811.71,287.23,0.0000,1627.77,238.00,0.0000,1726.23,400.85,0.0000,1627.77,391.65,0.0000,1698.10,278.04,0.0000,1741.38,474.96,0.0000,1776.01,514.46,0.0000,1649.95,434.93,0.0000,1728.40,435.47,0.0000,1627.77,514.46,0.0000,1627.77,514.46,0.0000
129,0,Elm,0.7311,1438.1,151.6,1822.0,508.7,0.9195,1438.00,137.50,0.0000,1802.50,247.75,0.0000,1438.00,137.50,0.0000,1723.75,202.00,0.0000,1748.50,199.75,0.0000,1718.50,247.75,0.0000,1438.00,137.50,0.0000,1692.25,333.25,0.0000,1438.00,137.50,0.0000,1735.00,333.25,0.0000,1438.00,137.50,0.0000,1536.25,378.25,0.0000,1438.00,137.50,0.0000,1655.50,349.00,0.0000,1438.00,137.50,0.0000,1595.50,412.00,0.0000,1438.00,137.50,0.0000
130,0,Elm,0.7311,1644.8,238.2,1890.5,515.1,0.9313,1671.59,255.85,0.0000,1711.63,255.31,0.0000,1688.90,238.00,0.0000,1749.50,268.84,0.0000,1771.14,238.00,0.0000,1770.06,314.28,0.0000,1812.26,287.23,0.0000,1628.85,238.00,0.0000,1727.32,401.39,0.0000,1628.85,283.99,0.0000,1698.64,278.04,0.0000,1742.46,474.96,0.0000,1777.09,514.46,0.0000,1651.03,433.31,0.0000,1735.43,440.34,0.0000,1628.85,514.46,0.0000,1688.90,514.46,0.0000
130,0,Elm,0.7311,1438.0,151.5,1821.2,508.8,0.9176,1438.00,137.54,0.0000,1801.55,247.50,0.0000,1438.00,137.54,0.0000,1723.01,201.87,0.0000,1747.69,199.62,0.0000,1717.77,247.50,0.0000,1438.00,137.54,0.0000,1691.59,332.78,0.0000,1595.84,286.40,0.0000,1734.23,332.78,0.0000,1438.00,137.54,0.0000,1535.99,362.70,0.0000,1438.00,137.54,0.0000,1654.19,348.48,0.0000,1438.00,137.54,0.0000,1595.09,410.57,0.0000,1438.00,137.54,0.0000
131,0,Elm,0.7311,1644.5,240.5,1891.7,515.1,0.9277,1671.93,350.11,0.0000,1697.71,347.96,0.0000,1683.75,330.23,0.0000,1743.90,337.75,0.0000,1710.60,264.71,0.0000,1770.76,333.99,0.0000,1799.76,288.88,0.0000,1721.88,401.67,0.0000,1727.79,401.13,0.0000,1630.04,392.54,0.0000,1699.86,271.69,0.0000,1728.86,475.25,0.0000,1777.20,514.46,0.0000,1652.06,433.90,0.0000,1729.40,434.43,0.0000,1630.04,514.46,0.0000,1630.04,514.46,0.0000
131,0,Elm,0.7311,1437.9,151.5,1824.9,509.2,0.9210,1437.00,135.88,0.0000,1804.35,243.97,0.0000,1437.00,135.88,0.0000,1724.98,200.89,0.0000,1744.63,198.62,0.0000,1719.69,246.99,0.0000,1437.00,135.88,0.0000,1693.24,333.16,0.0000,1594.22,281.01,0.0000,1741.61,315.78,0.0000,1437.00,135.88,0.0000,1536.02,370.96,0.0000,1437.00,135.88,0.0000,1644.86,349.04,0.0000,1437.00,135.88,0.0000,1596.49,411.02,0.0000,1437.00,135.88,0.0000
132,0,Elm,0.7301,1643.9,241.2,1891.4,515.7,0.9266,1671.90,350.71,0.0000,1698.66,348.57,0.0000,1684.21,328.23,0.0000,1750.03,270.97,0.0000,1710.43,265.08,0.0000,1770.37,316.99,0.0000,1811.57,289.70,0.0000,1630.16,241.00,0.0000,1727.55,402.08,0.0000,1630.16,388.17,0.0000,1699.19,241.00,0.0000,1729.16,474.86,0.0000,1776.79,514.46,0.0000,1652.10,430.45,0.0000,1729.70,441.15,0.0000,1630.16,514.46,0.0000,1630.16,514.46,0.0000
132,0,Elm,0.7311,1438.4,151.6,1828.3,508.5,0.9197,1438.00,134.24,0.0000,1799.05,246.21,0.0000,1438.00,134.24,0.0000,1827.24,199.75,0.0000,1747.26,197.46,0.0000,1722.12,245.45,0.0000,1438.00,134.24,0.0000,1706.12,333.05,0.0000,1594.15,280.49,0.0000,1745.73,321.62,0.0000,1438.00,134.24,0.0000,1584.25,378.75,0.0000,1438.00,134.24,0.0000,1647.47,349.05,0.0000,1438.00,134.24,0.0000,1597.96,412.27,0.0000,1438.00,134.24,0.0000
133,0,Elm,0.7309,1643.6,239.1,1890.2,515.7,0.9258,1671.03,350.59,0.0000,1695.83,347.89,0.0000,1682.89,331.18,0.0000,1743.27,337.11,0.0000,1704.99,270.80,0.0000,1770.22,352.20,0.0000,1799.33,288.05,0.0000,1721.16,401.80,0.0000,1730.87,314.47,0.0000,1651.62,391.55,0.0000,1698.52,239.00,0.0000,1757.82,475.11,0.0000,1776.69,514.46,0.0000,1651.09,434.68,0.0000,1729.25,433.60,0.0000,1628.98,514.46,0.0000,1628.98,514.46,0.0000
133,0,Elm,0.7311,1439.1,152.2,1827.5,508.3,0.9165,1439.00,135.33,0.0000,1798.20,245.97,0.0000,1439.00,135.33,0.0000,1826.24,200.50,0.0000,1752.73,198.23,0.0000,1728.48,246.73,0.0000,1439.00,135.33,0.0000,1705.75,333.12,0.0000,1592.84,280.83,0.0000,1826.24,321.75,0.0000,1721.66,274.01,0.0000,1538.27,371.01,0.0000,1439.00,135.33,0.0000,1647.40,342.21,0.0000,1439.00,135.33,0.0000,1598.90,411.93,0.0000,1439.00,135.33,0.0000
134,0,Elm,0.7310,1644.9,238.2,1891.0,514.9,0.9304,1670.95,349.59,0.0000,1694.67,346.89,0.0000,1682.81,332.34,0.0000,1743.19,338.27,0.0000,1704.91,269.80,0.0000,1770.14,351.74,0.0000,1799.25,287.59,0.0000,1721.09,400.80,0.0000,1730.79,238.00,0.0000,1628.91,386.24,0.0000,1698.45,277.89,0.0000,1742.11,474.11,0.0000,1776.61,513.46,0.0000,1651.01,434.22,0.0000,1628.91,439.07,0.0000,1628.91,513.46,0.0000,1628.91,513.46,0.0000
134,0,Elm,0.7311,1438.3,151.3,1826.9,508.7,0.9185,1438.00,135.84,0.0000,1797.20,246.48,0.0000,1438.00,135.84,0.0000,1726.73,201.02,0.0000,1746.43,198.74,0.0000,1727.48,246.48,0.0000,1438.00,135.84,0.0000,1694.90,333.63,0.0000,1597.14,280.59,0.0000,1825.24,322.27,0.0000,1721.42,274.52,0.0000,1588.80,372.28,0.0000,1438.00,135.84,0.0000,1646.40,342.73,0.0000,1438.00,135.84,0.0000,1597.90,411.69,0.0000,1438.00,135.84,0.0000
135,0,Elm,0.7310,1643.3,247.9,1890.9,514.4,0.9317,1668.03,351.30,0.0000,1691.50,350.78,0.0000,1679.50,329.39,0.0000,1748.86,337.22,0.0000,1706.10,263.69,0.0000,1781.19,326.79,0.0000,1797.36,285.59,0.0000,1721.74,396.14,0.0000,1727.48,399.79,0.0000,1632.57,373.72,0.0000,1689.93,364.33,0.0000,1728.52,464.98,0.0000,1775.46,513.48,0.0000,1653.95,431.61,0.0000,1632.57,442.04,0.0000,1632.57,513.48,0.0000,1632.57,513.48,0.0000
135,0,Elm,0.7311,1438.7,145.6,1829.0,508.3,0.9125,1438.00,131.29,0.0000,1799.05,237.93,0.0000,1797.53,231.07,0.0000,1827.24,179.28,0.0000,1758.68,179.28,0.0000,1712.22,254.69,0.0000,1438.00,131.29,0.0000,1696.22,330.10,0.0000,1596.44,283.63,0.0000,1744.97,304.96,0.0000,1438.00,131.29,0.0000,1537.79,361.33,0.0000,1438.00,131.29,0.0000,1647.47,339.24,0.0000,1438.00,131.29,0.0000,1585.01,409.32,0.0000,1438.00,131.29,0.0000
136,0,Elm,0.7141,1641.0,250.5,1892.9,514.8,0.9314,1668.88,352.61,0.0000,1692.08,346.42,0.0000,1676.09,327.86,0.0000,1743.12,336.11,0.0000,1633.81,250.00,0.0000,1789.02,343.33,0.0000,1781.28,287.64,0.0000,1721.98,397.47,0.0000,1727.66,315.48,0.0000,1633.81,376.84,0.0000,1687.44,250.00,0.0000,1729.20,465.53,0.0000,1774.58,513.48,0.0000,1633.81,431.50,0.0000,1633.81,436.14,0.0000,1633.81,513.48,0.0000,1633.81,513.48,0.0000
136,0,Elm,0.7311,1437.5,133.1,1843.7,508.9,0.9230,1437.00,117.14,0.0000,1798.59,217.05,0.0000,1437.00,117.14,0.0000,1718.50,166.30,0.0000,1751.02,163.13,0.0000,1722.47,255.91,0.0000,1437.00,117.14,0.0000,1721.68,324.11,0.0000,1597.97,276.53,0.0000,1751.02,305.07,0.0000,1720.09,268.60,0.0000,1513.92,355.82,0.0000,1437.00,117.14,0.0000,1655.07,340.76,0.0000,1437.00,117.14,0.0000,1576.56,408.95,0.0000,1437.00,117.14,0.0000
137,0,Elm,0.7311,1640.5,248.6,1891.3,515.3,0.9280,1667.12,351.78,0.0000,1697.88,345.52,0.0000,1678.59,328.83,0.0000,1742.21,335.09,0.0000,1631.66,248.00,0.0000,1780.28,348.12,0.0000,1780.80,286.07,0.0000,1720.83,400.79,0.0000,1726.04,292.33,0.0000,1631.66,376.29,0.0000,1689.54,265.21,0.0000,1728.13,468.59,0.0000,1774.54,514.48,0.0000,1653.04,432.08,0.0000,1631.66,436.26,0.0000,1631.66,443.04,0.0000,1631.66,514.48,0.0000
137,0,Elm,0.7311,1436.7,127.8,1844.3,508.6,0.9265,1436.00,114.25,0.0000,1436.00,114.25,0.0000,1436.00,114.25,0.0000,1843.20,164.45,0.0000,1745.19,147.72,0.0000,1722.08,252.11,0.0000,1436.00,114.25,0.0000,1721.28,322.23,0.0000,1597.77,274.42,0.0000,1751.56,295.94,0.0000,1710.12,272.83,0.0000,1513.30,354.11,0.0000,1436.00,114.25,0.0000,1644.78,338.97,0.0000,1436.00,114.25,0.0000,1589.00,405.91,0.0000,1436.00,114.25,0.0000
138,0,Elm,0.7311,1642.6,249.9,1893.5,515.3,0.9308,1667.98,352.39,0.0000,1692.91,346.67,0.0000,1676.29,327.97,0.0000,1744.87,335.76,0.0000,1713.18,268.22,0.0000,1783.31,348.23,0.0000,1783.31,287.96,0.0000,1723.05,400.70,0.0000,1729.28,314.46,0.0000,1634.73,376.29,0.0000,1692.91,266.14,0.0000,1726.68,466.16,0.0000,1776.56,514.48,0.0000,1649.27,430.84,0.0000,1634.73,436.55,0.0000,1634.73,443.30,0.0000,1634.73,514.48,0.0000
138,0,Elm,0.7311,1437.2,126.7,1842.0,508.1,0.9279,1437.00,114.95,0.0000,1437.00,114.95,0.0000,1437.00,114.95,0.0000,1717.12,182.81,0.0000,1437.00,114.95,0.0000,1720.27,253.83,0.0000,1437.00,114.95,0.0000,1719.48,320.90,0.0000,1596.39,277.50,0.0000,1749.47,294.86,0.0000,1437.00,114.95,0.0000,1540.37,352.46,0.0000,1437.00,114.95,0.0000,1653.20,337.47,0.0000,1437.00,114.95,0.0000,1588.50,410.85,0.0000,1437.00,114.95,0.0000
139,0,Elm,0.7311,1644.0,249.1,1893.0,515.2,0.9333,1667.94,352.39,0.0000,1692.88,346.67,0.0000,1677.29,327.97,0.0000,1744.83,335.76,0.0000,1713.66,266.66,0.0000,1783.27,348.75,0.0000,1783.27,288.48,0.0000,1723.01,399.66,0.0000,1729.24,401.22,0.0000,1634.69,376.80,0.0000,1692.88,266.14,0.0000,1715.73,468.76,0.0000,1771.32,514.48,0.0000,1649.23,425.64,0.0000,1634.69,437.07,0.0000,1634.69,443.30,0.0000,1634.69,514.48,0.0000
139,0,Elm,0.7311,1437.3,126.2,1838.4,508.9,0.9254,1437.00,116.60,0.0000,1437.00,116.60,0.0000,1437.00,116.60,0.0000,1715.04,183.96,0.0000,1741.67,145.58,0.0000,1718.17,254.45,0.0000,1437.00,116.60,0.0000,1717.39,321.02,0.0000,1596.77,274.03,0.0000,1747.15,295.17,0.0000,1437.00,116.60,0.0000,1539.60,352.35,0.0000,1437.00,116.60,0.0000,1651.60,336.68,0.0000,1437.00,116.60,0.0000,1582.68,409.52,0.0000,1437.00,116.60,0.0000
140,0,Elm,0.7311,1434.9,126.0,1839.8,509.1,0.9327,1434.00,114.93,0.0000,1434.00,114.93,0.0000,1434.00,114.93,0.0000,1838.21,164.76,0.0000,1740.91,144.19,0.0000,1715.60,254.14,0.0000,1434.00,114.93,0.0000,1701.36,295.28,0.0000,1595.37,273.92,0.0000,1747.24,295.28,0.0000,1434.00,114.93,0.0000,1537.62,353.02,0.0000,1434.00,114.93,0.0000,1641.25,337.20,0.0000,1434.00,114.93,0.0000,1586.67,404.44,0.0000,1434.00,114.93,0.0000
140,0,Elm,0.7308,1645.2,248.8,1891.3,515.8,0.9284,1667.95,351.78,0.0000,1692.98,345.52,0.0000,1677.85,326.74,0.0000,1745.12,335.09,0.0000,1634.57,248.00,0.0000,1771.20,339.26,0.0000,1784.24,286.07,0.0000,1723.74,398.71,0.0000,1729.48,292.33,0.0000,1634.57,384.11,0.0000,1692.98,248.00,0.0000,1703.93,468.59,0.0000,1776.94,514.48,0.0000,1649.17,425.30,0.0000,1634.57,436.26,0.0000,1634.57,408.10,0.0000,1634.57,514.48,0.0000
141,0,Elm,0.7311,1434.5,127.2,1829.3,508.7,0.9371,1434.00,119.29,0.0000,1786.57,205.69,0.0000,1434.00,119.29,0.0000,1707.88,119.29,0.0000,1734.11,147.06,0.0000,1700.16,255.07,0.0000,1434.00,119.29,0.0000,1704.79,255.07,0.0000,1592.15,278.21,0.0000,1760.34,256.61,0.0000,1721.76,266.64,0.0000,1508.83,350.73,0.0000,1434.00,119.29,0.0000,1645.39,336.07,0.0000,1434.00,119.29,0.0000,1582.12,408.59,0.0000,1434.00,119.29,0.0000
141,0,Elm,0.7270,1646.1,243.9,1892.5,515.1,0.9234,1666.72,351.91,0.0000,1692.75,349.78,0.0000,1680.53,325.88,0.0000,1752.25,260.53,0.0000,1793.69,243.00,0.0000,1771.91,318.44,0.0000,1806.44,287.62,0.0000,1719.84,398.12,0.0000,1724.62,402.91,0.0000,1633.25,393.88,0.0000,1699.66,243.00,0.0000,1731.00,475.16,0.0000,1778.81,514.47,0.0000,1655.03,431.06,0.0000,1633.25,441.69,0.0000,1633.25,514.47,0.0000,1633.25,514.47,0.0000
142,0,Elm,0.7311,1435.5,127.5,1826.0,507.0,0.9345,1435.00,122.43,0.0000,1777.01,208.50,0.0000,1435.00,122.43,0.0000,1824.24,148.33,0.0000,1726.74,149.85,0.0000,1705.41,254.97,0.0000,1435.00,122.43,0.0000,1693.22,283.91,0.0000,1590.39,280.11,0.0000,1737.40,283.91,0.0000,1435.00,122.43,0.0000,1508.89,351.71,0.0000,1435.00,122.43,0.0000,1643.71,336.47,0.0000,1435.00,122.43,0.0000,1582.01,408.07,0.0000,1435.00,122.43,0.0000
142,0,Elm,0.7304,1645.3,243.0,1893.9,515.0,0.9355,1666.33,349.17,0.0000,1691.92,348.64,0.0000,1680.19,327.85,0.0000,1744.71,336.91,0.0000,1712.18,264.93,0.0000,1771.90,337.98,0.0000,1785.23,281.46,0.0000,1719.65,401.96,0.0000,1729.25,242.00,0.0000,1632.20,393.43,0.0000,1713.78,259.60,0.0000,1744.18,475.01,0.0000,1778.30,514.47,0.0000,1654.06,430.75,0.0000,1632.20,441.42,0.0000,1632.20,514.47,0.0000,1632.20,514.47,0.0000
143,0,Elm,0.7311,1435.8,129.1,1823.3,506.6,0.9335,1435.00,122.94,0.0000,1776.77,209.33,0.0000,1435.00,122.94,0.0000,1822.24,170.68,0.0000,1723.73,150.98,0.0000,1704.02,256.31,0.0000,1435.00,122.94,0.0000,1691.90,283.59,0.0000,1588.84,280.56,0.0000,1735.85,274.50,0.0000,1435.00,122.94,0.0000,1508.51,350.28,0.0000,1435.00,122.94,0.0000,1643.40,335.88,0.0000,1435.00,122.94,0.0000,1585.05,405.60,0.0000,1435.00,122.94,0.0000
143,0,Elm,0.7306,1646.2,246.4,1893.6,514.7,0.9403,1669.03,350.69,0.0000,1693.63,343.88,0.0000,1682.12,328.18,0.0000,1752.26,275.84,0.0000,1703.05,267.98,0.0000,1772.67,326.61,0.0000,1800.41,284.73,0.0000,1719.80,399.37,0.0000,1730.80,403.55,0.0000,1635.53,395.18,0.0000,1694.16,263.80,0.0000,1705.15,467.41,0.0000,1778.95,513.48,0.0000,1650.19,430.77,0.0000,1635.53,442.29,0.0000,1635.53,513.48,0.0000,1635.53,513.48,0.0000
144,0,Elm,0.7311,1435.6,129.4,1823.1,507.2,0.9327,1435.00,124.45,0.0000,1776.02,210.09,0.0000,1435.00,124.45,0.0000,1822.24,172.20,0.0000,1722.97,152.49,0.0000,1696.45,257.83,0.0000,1435.00,124.45,0.0000,1691.90,285.11,0.0000,1588.84,281.32,0.0000,1740.40,276.02,0.0000,1435.00,124.45,0.0000,1508.51,343.46,0.0000,1435.00,124.45,0.0000,1633.55,337.40,0.0000,1435.00,124.45,0.0000,1581.26,402.57,0.0000,1435.00,124.45,0.0000
144,0,Elm,0.7311,1646.8,247.8,1894.5,514.5,0.9407,1669.47,351.30,0.0000,1693.98,345.04,0.0000,1678.33,329.39,0.0000,1746.65,337.22,0.0000,1703.88,266.82,0.0000,1773.24,340.87,0.0000,1786.28,285.07,0.0000,1636.61,247.00,0.0000,1731.52,291.33,0.0000,1636.61,395.10,0.0000,1702.32,264.21,0.0000,1733.09,474.89,0.0000,1779.50,513.48,0.0000,1657.99,431.61,0.0000,1636.61,442.04,0.0000,1636.61,513.48,0.0000,1636.61,513.48,0.0000
145,0,Elm,0.7311,1435.6,129.1,1820.3,506.9,0.9332,1435.00,124.49,0.0000,1773.38,210.21,0.0000,1435.00,124.49,0.0000,1819.25,171.11,0.0000,1723.75,150.81,0.0000,1694.42,256.83,0.0000,1435.00,124.49,0.0000,1689.91,283.90,0.0000,1586.89,280.14,0.0000,1733.53,257.58,0.0000,1435.00,124.49,0.0000,1507.94,351.58,0.0000,1435.00,124.49,0.0000,1641.04,329.77,0.0000,1435.00,124.49,0.0000,1583.89,400.46,0.0000,1435.00,124.49,0.0000
145,0,Elm,0.7310,1647.9,246.8,1894.3,513.5,0.9422,1667.86,350.30,0.0000,1693.93,349.78,0.0000,1678.81,329.96,0.0000,1741.91,336.22,0.0000,1704.88,269.47,0.0000,1773.20,340.39,0.0000,1636.57,246.00,0.0000,1718.96,398.79,0.0000,1731.48,246.00,0.0000,1636.57,395.14,0.0000,1690.28,246.00,0.0000,1746.60,473.89,0.0000,1779.46,512.48,0.0000,1651.17,435.30,0.0000,1636.57,441.56,0.0000,1636.57,512.48,0.0000,1636.57,512.48,0.0000
146,0,Elm,0.7311,1435.6,128.7,1815.5,507.3,0.9392,1435.00,128.00,0.0000,1772.70,203.70,0.0000,1435.00,128.00,0.0000,1690.31,128.00,0.0000,1719.26,152.49,0.0000,1701.45,258.62,0.0000,1435.00,128.00,0.0000,1686.60,297.22,0.0000,1589.38,281.63,0.0000,1729.65,304.64,0.0000,1702.19,263.82,0.0000,1577.50,366.98,0.0000,1492.15,343.23,0.0000,1638.36,336.55,0.0000,1435.00,128.00,0.0000,1590.86,400.38,0.0000,1435.00,128.00,0.0000
146,0,Elm,0.7311,1639.2,247.6,1892.7,514.5,0.9342,1667.68,344.52,0.0000,1698.45,337.22,0.0000,1678.63,324.18,0.0000,1748.51,270.47,0.0000,1711.49,247.00,0.0000,1767.81,327.31,0.0000,1802.22,285.59,0.0000,1717.74,397.71,0.0000,1726.61,397.19,0.0000,1631.70,375.29,0.0000,1684.37,344.00,0.0000,1741.21,475.41,0.0000,1775.11,513.48,0.0000,1653.08,431.08,0.0000,1631.70,442.04,0.0000,1631.70,462.89,0.0000,1631.70,513.48,0.0000
147,0,Elm,0.7311,1435.7,129.0,1813.8,506.3,0.9385,1435.00,129.00,0.0000,1770.92,204.30,0.0000,1435.00,129.00,0.0000,1812.26,129.00,0.0000,1717.76,153.36,0.0000,1700.04,258.94,0.0000,1435.00,129.00,0.0000,1699.30,297.33,0.0000,1585.61,281.09,0.0000,1727.36,297.33,0.0000,1435.00,129.00,0.0000,1587.82,380.02,0.0000,1435.00,129.00,0.0000,1638.03,336.46,0.0000,1435.00,129.00,0.0000,1589.30,400.69,0.0000,1435.00,129.00,0.0000
147,0,Elm,0.7311,1640.2,246.8,1892.0,514.3,0.9370,1667.22,350.16,0.0000,1698.62,343.88,0.0000,1678.21,325.04,0.0000,1748.88,333.94,0.0000,1705.43,263.27,0.0000,1768.77,332.89,0.0000,1799.12,285.26,0.0000,1717.99,399.37,0.0000,1726.89,399.37,0.0000,1631.62,382.09,0.0000,1697.58,262.75,0.0000,1728.46,467.41,0.0000,1775.05,513.48,0.0000,1653.09,431.30,0.0000,1631.62,441.77,0.0000,1631.62,513.48,0.0000,1631.62,513.48,0.0000
148,0,Elm,0.7311,1435.4,130.8,1808.9,505.7,0.9367,1433.54,130.00,0.0000,1766.79,212.03,0.0000,1433.54,130.00,0.0000,1807.80,175.41,0.0000,1714.79,154.17,0.0000,1697.21,257.44,0.0000,1433.54,130.00,0.0000,1695.74,285.27,0.0000,1582.22,285.27,0.0000,1724.31,296.26,0.0000,1696.47,269.89,0.0000,1596.13,379.02,0.0000,1433.54,130.00,0.0000,1634.95,335.81,0.0000,1433.54,130.00,0.0000,1587.34,405.39,0.0000,1433.54,130.00,0.0000
148,0,Elm,0.7311,1640.9,244.1,1893.7,514.0,0.9379,1667.32,349.08,0.0000,1690.96,345.40,0.0000,1678.35,327.01,0.0000,1742.45,334.37,0.0000,1710.40,265.54,0.0000,1769.25,339.10,0.0000,1781.86,282.35,0.0000,1720.91,401.62,0.0000,1727.21,288.66,0.0000,1631.59,380.60,0.0000,1697.79,261.34,0.0000,1713.55,473.07,0.0000,1775.55,512.47,0.0000,1646.30,430.51,0.0000,1631.59,435.77,0.0000,1631.59,446.28,0.0000,1631.59,512.47,0.0000
149,0,Elm,0.7311,1434.2,130.4,1805.7,506.4,0.9358,1431.06,130.00,0.0000,1431.06,130.00,0.0000,1431.06,130.00,0.0000,1806.33,176.27,0.0000,1712.33,154.97,0.0000,1695.44,248.97,0.0000,1431.06,130.00,0.0000,1694.70,285.69,0.0000,1580.14,285.69,0.0000,1721.88,297.44,0.0000,1431.06,130.00,0.0000,1594.09,379.69,0.0000,1431.06,130.00,0.0000,1638.16,336.36,0.0000,1431.06,130.00,0.0000,1585.28,400.25,0.0000,1431.06,130.00,0.0000
149,0,Elm,0.7311,1641.7,244.4,1894.2,513.8,0.9434,1666.22,349.08,0.0000,1691.44,345.40,0.0000,1679.88,327.54,0.0000,1743.45,334.89,0.0000,1706.67,267.64,0.0000,1770.25,339.10,0.0000,1782.33,282.88,0.0000,1718.76,402.14,0.0000,1728.21,288.66,0.0000,1632.59,380.60,0.0000,1691.96,261.34,0.0000,1725.59,473.07,0.0000,1776.55,512.47,0.0000,1647.30,429.99,0.0000,1632.59,435.77,0.0000,1632.59,512.47,0.0000,1632.59,512.47,0.0000
150,0,Elm,0.7311,1433.8,130.4,1803.6,507.1,0.9365,1430.05,130.00,0.0000,1765.08,212.47,0.0000,1430.05,130.00,0.0000,1806.32,176.39,0.0000,1711.33,155.04,0.0000,1695.13,249.29,0.0000,1430.05,130.00,0.0000,1693.66,286.10,0.0000,1578.79,286.10,0.0000,1723.11,297.15,0.0000,1430.05,130.00,0.0000,1593.52,380.35,0.0000,1430.05,130.00,0.0000,1637.70,336.91,0.0000,1430.05,130.00,0.0000,1584.68,406.12,0.0000,1430.05,130.00,0.0000
150,0,Elm,0.7311,1642.2,243.6,1894.8,513.7,0.9456,1666.26,348.47,0.0000,1691.57,347.94,0.0000,1679.97,327.90,0.0000,1743.78,334.23,0.0000,1703.17,266.73,0.0000,1770.14,338.45,0.0000,1782.80,282.55,0.0000,1718.46,401.73,0.0000,1728.48,243.00,0.0000,1632.51,380.64,0.0000,1692.10,243.00,0.0000,1703.17,473.45,0.0000,1777.00,512.47,0.0000,1654.13,429.68,0.0000,1632.51,435.48,0.0000,1632.51,446.03,0.0000,1632.51,512.47,0.0000
151,0,Elm,0.7311,1433.7,130.8,1802.2,506.5,0.9362,1430.06,130.00,0.0000,1762.00,210.78,0.0000,1430.06,130.00,0.0000,1690.77,176.27,0.0000,1709.86,154.97,0.0000,1693.70,257.05,0.0000,1430.06,130.00,0.0000,1692.97,285.69,0.0000,1578.41,285.69,0.0000,1721.61,297.44,0.0000,1430.06,130.00,0.0000,1593.09,379.69,0.0000,1430.06,130.00,0.0000,1637.89,336.36,0.0000,1430.06,130.00,0.0000,1585.02,406.12,0.0000,1430.06,130.00,0.0000
151,0,Elm,0.7311,1642.0,243.0,1895.2,513.7,0.9457,1665.82,348.39,0.0000,1691.75,347.33,0.0000,1680.11,327.22,0.0000,1739.92,334.63,0.0000,1702.87,266.35,0.0000,1770.62,343.62,0.0000,1783.85,282.23,0.0000,1632.47,242.00,0.0000,1728.28,242.00,0.0000,1632.47,385.44,0.0000,1692.28,242.00,0.0000,1743.62,473.83,0.0000,1777.50,512.47,0.0000,1654.17,434.66,0.0000,1632.47,439.96,0.0000,1632.47,512.47,0.0000,1632.47,512.47,0.0000
152,0,Elm,0.7311,1433.1,131.0,1801.1,506.9,0.9342,1428.59,130.00,0.0000,1762.73,210.78,0.0000,1428.59,130.00,0.0000,1803.86,175.53,0.0000,1709.12,154.23,0.0000,1692.97,256.31,0.0000,1428.59,130.00,0.0000,1691.50,297.44,0.0000,1576.94,285.69,0.0000,1720.88,297.44,0.0000,1691.50,270.27,0.0000,1581.34,351.05,0.0000,1486.61,343.70,0.0000,1635.69,337.09,0.0000,1428.59,130.00,0.0000,1583.55,405.39,0.0000,1428.59,130.00,0.0000
152,0,Elm,0.7311,1643.4,242.8,1895.4,513.2,0.9468,1666.82,347.86,0.0000,1692.75,343.62,0.0000,1677.40,327.22,0.0000,1740.92,333.57,0.0000,1702.81,266.35,0.0000,1771.62,343.10,0.0000,1784.85,282.23,0.0000,1633.47,242.00,0.0000,1729.80,242.00,0.0000,1633.47,385.97,0.0000,1692.75,242.00,0.0000,1703.87,473.30,0.0000,1778.50,512.47,0.0000,1655.17,434.13,0.0000,1633.47,439.96,0.0000,1633.47,445.78,0.0000,1633.47,512.47,0.0000
153,0,Elm,0.7311,1433.0,127.7,1801.0,506.2,0.9364,1427.56,127.00,0.0000,1765.11,208.43,0.0000,1427.56,127.00,0.0000,1805.82,152.17,0.0000,1711.07,152.17,0.0000,1694.78,254.32,0.0000,1427.56,127.00,0.0000,1692.56,283.93,0.0000,1590.41,294.29,0.0000,1728.09,295.03,0.0000,1427.56,127.00,0.0000,1583.01,378.68,0.0000,1486.04,341.67,0.0000,1637.04,335.01,0.0000,1427.56,127.00,0.0000,1583.75,406.07,0.0000,1427.56,127.00,0.0000
153,0,Elm,0.7311,1639.9,241.1,1893.3,513.7,0.9399,1666.62,346.72,0.0000,1696.38,340.34,0.0000,1678.31,323.34,0.0000,1743.12,329.72,0.0000,1719.75,264.91,0.0000,1769.69,343.00,0.0000,1782.44,285.09,0.0000,1717.62,400.91,0.0000,1730.91,286.16,0.0000,1630.50,371.69,0.0000,1721.34,241.00,0.0000,1712.84,472.62,0.0000,1776.06,512.47,0.0000,1652.28,429.06,0.0000,1630.50,433.31,0.0000,1630.50,512.47,0.0000,1630.50,512.47,0.0000
154,0,Elm,0.7311,1434.0,132.1,1804.9,506.6,0.9369,1432.54,132.00,0.0000,1764.90,212.35,0.0000,1432.54,132.00,0.0000,1805.81,177.29,0.0000,1712.31,158.30,0.0000,1695.51,260.56,0.0000,1432.54,132.00,0.0000,1694.05,286.86,0.0000,1581.55,283.21,0.0000,1723.27,298.55,0.0000,1696.97,267.87,0.0000,1586.67,380.36,0.0000,1432.54,132.00,0.0000,1633.42,337.26,0.0000,1432.54,132.00,0.0000,1586.67,400.81,0.0000,1432.54,132.00,0.0000
154,0,Elm,0.7311,1641.1,246.4,1893.8,513.7,0.9423,1666.55,349.78,0.0000,1699.41,343.52,0.0000,1674.90,324.22,0.0000,1749.99,268.42,0.0000,1703.06,262.69,0.0000,1764.59,326.31,0.0000,1800.57,285.11,0.0000,1633.70,246.00,0.0000,1728.09,403.49,0.0000,1633.70,381.59,0.0000,1692.11,246.00,0.0000,1730.17,466.59,0.0000,1776.59,512.48,0.0000,1655.08,430.08,0.0000,1633.70,441.04,0.0000,1633.70,465.02,0.0000,1633.70,512.48,0.0000
155,0,Elm,0.7311,1434.2,133.9,1802.2,506.9,0.9360,1431.09,133.00,0.0000,1763.29,212.41,0.0000,1431.09,133.00,0.0000,1803.36,178.90,0.0000,1710.84,157.77,0.0000,1692.62,259.03,0.0000,1431.09,133.00,0.0000,1692.62,261.22,0.0000,1581.16,286.72,0.0000,1755.28,272.88,0.0000,1702.82,272.15,0.0000,1526.52,367.58,0.0000,1431.09,133.00,0.0000,1637.26,337.71,0.0000,1431.09,133.00,0.0000,1584.80,401.82,0.0000,1431.09,133.00,0.0000
155,0,Elm,0.7310,1642.5,242.2,1894.9,514.3,0.9415,1665.91,348.25,0.0000,1692.47,341.88,0.0000,1679.72,325.94,0.0000,1745.06,334.44,0.0000,1701.50,266.44,0.0000,1771.62,343.47,0.0000,1800.31,281.84,0.0000,1632.44,242.00,0.0000,1729.12,287.16,0.0000,1632.44,381.19,0.0000,1698.84,259.53,0.0000,1703.09,473.62,0.0000,1778.00,513.47,0.0000,1654.22,429.53,0.0000,1632.44,434.84,0.0000,1632.44,461.94,0.0000,1632.44,513.47,0.0000
156,0,Elm,0.7311,1434.1,133.9,1800.7,507.0,0.9350,1429.62,133.00,0.0000,1762.71,213.35,0.0000,1429.62,133.00,0.0000,1802.89,179.02,0.0000,1710.12,158.57,0.0000,1691.86,177.56,0.0000,1429.62,133.00,0.0000,1691.12,261.56,0.0000,1580.09,287.13,0.0000,1753.95,265.95,0.0000,1429.62,133.00,0.0000,1580.82,352.87,0.0000,1429.62,133.00,0.0000,1635.61,332.42,0.0000,1429.62,133.00,0.0000,1583.75,401.81,0.0000,1429.62,133.00,0.0000
156,0,Elm,0.7311,1642.3,241.0,1895.4,513.9,0.9406,1666.44,347.25,0.0000,1691.94,340.88,0.0000,1679.72,325.47,0.0000,1744.53,333.44,0.0000,1701.50,265.44,0.0000,1775.88,343.00,0.0000,1784.38,280.31,0.0000,1716.38,400.91,0.0000,1729.12,315.38,0.0000,1632.44,384.97,0.0000,1699.38,264.38,0.0000,1730.72,472.62,0.0000,1778.00,512.47,0.0000,1654.22,433.84,0.0000,1632.44,433.31,0.0000,1632.44,512.47,0.0000,1632.44,512.47,0.0000
157,0,Elm,0.7311,1434.0,134.9,1799.5,508.2,0.9368,1428.62,134.00,0.0000,1762.44,214.35,0.0000,1428.62,134.00,0.0000,1801.89,180.02,0.0000,1708.39,158.11,0.0000,1691.59,241.38,0.0000,1428.62,134.00,0.0000,1690.86,288.86,0.0000,1580.55,289.59,0.0000,1719.34,300.55,0.0000,1701.08,268.41,0.0000,1579.82,353.87,0.0000,1428.62,134.00,0.0000,1635.34,333.42,0.0000,1428.62,134.00,0.0000,1587.86,401.35,0.0000,1428.62,134.00,0.0000
157,0,Elm,0.7311,1642.7,243.3,1894.1,513.8,0.9376,1666.26,348.47,0.0000,1691.57,344.25,0.0000,1679.44,325.79,0.0000,1743.78,334.23,0.0000,1711.61,260.93,0.0000,1770.67,344.25,0.0000,1783.33,282.02,0.0000,1716.36,401.73,0.0000,1728.48,243.00,0.0000,1632.51,380.64,0.0000,1691.04,243.00,0.0000,1703.17,473.45,0.0000,1777.00,512.47,0.0000,1647.27,429.68,0.0000,1632.51,433.90,0.0000,1632.51,512.47,0.0000,1632.51,512.47,0.0000
158,0,Elm,0.7311,1435.0,136.0,1798.8,507.4,0.9316,1430.64,135.00,0.0000,1762.68,215.65,0.0000,1430.64,135.00,0.0000,1801.91,180.77,0.0000,1711.82,158.98,0.0000,1692.20,179.32,0.0000,1430.64,135.00,0.0000,1691.48,262.88,0.0000,1581.04,289.03,0.0000,1753.96,265.78,0.0000,1701.65,273.05,0.0000,1581.04,353.70,0.0000,1430.64,135.00,0.0000,1635.53,333.35,0.0000,1430.64,135.00,0.0000,1583.95,402.38,0.0000,1430.64,135.00,0.0000
158,0,Elm,0.7309,1642.7,239.4,1894.2,513.1,0.9426,1667.69,347.10,0.0000,1691.23,345.50,0.0000,1679.46,325.70,0.0000,1744.21,335.86,0.0000,1700.87,263.62,0.0000,1771.51,341.75,0.0000,1784.35,278.60,0.0000,1718.53,400.62,0.0000,1728.70,313.92,0.0000,1631.30,384.03,0.0000,1698.19,256.66,0.0000,1730.30,472.86,0.0000,1777.93,512.46,0.0000,1646.28,428.45,0.0000,1631.30,438.61,0.0000,1631.30,512.46,0.0000,1631.30,512.46,0.0000
159,0,Elm,0.7311,1434.6,135.4,1797.9,507.3,0.9317,1429.64,135.00,0.0000,1767.49,216.38,0.0000,1429.64,135.00,0.0000,1800.91,180.77,0.0000,1710.09,159.70,0.0000,1691.20,179.32,0.0000,1429.64,135.00,0.0000,1690.48,262.88,0.0000,1577.13,289.76,0.0000,1752.23,267.23,0.0000,1700.65,273.05,0.0000,1580.04,353.70,0.0000,1429.64,135.00,0.0000,1635.26,333.35,0.0000,1429.64,135.00,0.0000,1582.95,402.38,0.0000,1429.64,135.00,0.0000
159,0,Elm,0.7311,1641.8,238.5,1895.2,513.7,0.9409,1666.78,348.64,0.0000,1690.41,344.88,0.0000,1678.60,325.01,0.0000,1743.59,335.22,0.0000,1700.08,269.69,0.0000,1775.28,350.79,0.0000,1783.87,278.28,0.0000,1715.12,400.21,0.0000,1728.01,313.20,0.0000,1630.26,378.19,0.0000,1697.93,255.72,0.0000,1702.23,472.72,0.0000,1777.43,512.46,0.0000,1645.30,432.97,0.0000,1630.26,433.51,0.0000,1630.26,512.46,0.0000,1630.26,512.46,0.0000
160,0,Elm,0.7311,1434.5,135.5,1798.4,507.7,0.9332,1429.64,135.00,0.0000,1761.68,214.92,0.0000,1429.64,135.00,0.0000,1800.91,180.05,0.0000,1708.64,159.70,0.0000,1691.20,179.32,0.0000,1429.64,135.00,0.0000,1690.48,262.88,0.0000,1579.31,289.03,0.0000,1752.23,267.23,0.0000,1700.65,273.77,0.0000,1580.04,353.70,0.0000,1429.64,135.00,0.0000,1635.26,333.35,0.0000,1429.64,135.00,0.0000,1582.95,407.46,0.0000,1429.64,135.00,0.0000
160,0,Elm,0.7310,1642.5,239.0,1895.4,513.3,0.9426,1667.78,348.64,0.0000,1690.88,344.88,0.0000,1675.84,325.01,0.0000,1739.75,335.22,0.0000,1701.08,269.69,0.0000,1771.98,341.12,0.0000,1775.74,277.75,0.0000,1718.81,400.21,0.0000,1728.47,320.18,0.0000,1631.26,383.56,0.0000,1690.88,277.75,0.0000,1702.69,472.72,0.0000,1778.43,512.46,0.0000,1646.30,431.90,0.0000,1631.26,438.88,0.0000,1631.26,444.79,0.0000,1631.26,512.46,0.0000
161,0,Elm,0.7311,1433.5,135.0,1796.5,507.4,0.9339,1428.63,134.00,0.0000,1760.83,214.14,0.0000,1428.63,134.00,0.0000,1800.90,179.17,0.0000,1708.38,158.77,0.0000,1690.89,178.44,0.0000,1428.63,134.00,0.0000,1690.17,262.22,0.0000,1576.52,289.17,0.0000,1752.09,266.59,0.0000,1428.63,134.00,0.0000,1590.36,368.58,0.0000,1428.63,134.00,0.0000,1639.90,338.71,0.0000,1428.63,134.00,0.0000,1582.35,407.92,0.0000,1428.63,134.00,0.0000
161,0,Elm,0.7311,1642.7,240.3,1894.6,513.3,0.9439,1665.46,347.17,0.0000,1690.52,346.11,0.0000,1675.59,326.38,0.0000,1740.11,334.91,0.0000,1700.65,264.53,0.0000,1771.04,351.97,0.0000,1774.77,279.46,0.0000,1718.25,401.03,0.0000,1728.38,285.32,0.0000,1631.34,378.63,0.0000,1690.52,240.00,0.0000,1702.79,472.48,0.0000,1776.90,512.47,0.0000,1643.07,428.75,0.0000,1631.34,439.42,0.0000,1631.34,512.47,0.0000,1631.34,512.47,0.0000
162,0,Elm,0.7311,1434.0,134.8,1797.4,507.5,0.9322,1428.63,134.00,0.0000,1760.83,214.14,0.0000,1428.63,134.00,0.0000,1800.90,179.17,0.0000,1708.38,158.77,0.0000,1690.89,241.09,0.0000,1428.63,134.00,0.0000,1690.17,262.22,0.0000,1576.52,287.72,0.0000,1752.09,273.88,0.0000,1428.63,134.00,0.0000,1590.36,368.58,0.0000,1428.63,134.00,0.0000,1640.63,338.71,0.0000,1428.63,134.00,0.0000,1582.35,407.19,0.0000,1428.63,134.00,0.0000
162,0,Elm,0.7311,1641.8,240.8,1895.5,513.5,0.9456,1665.53,349.84,0.0000,1690.59,342.38,0.0000,1675.66,326.38,0.0000,1739.64,335.44,0.0000,1700.72,270.93,0.0000,1775.37,350.91,0.0000,1774.83,279.99,0.0000,1718.31,401.03,0.0000,1727.91,285.32,0.0000,1631.40,379.17,0.0000,1673.53,279.46,0.0000,1743.38,473.01,0.0000,1776.97,512.47,0.0000,1653.26,433.55,0.0000,1631.40,433.02,0.0000,1631.40,445.28,0.0000,1631.40,512.47,0.0000
163,0,Elm,0.7311,1433.8,135.4,1796.6,507.6,0.9314,1428.64,135.00,0.0000,1760.68,214.92,0.0000,1428.64,135.00,0.0000,1799.91,180.05,0.0000,1707.64,160.43,0.0000,1690.20,241.80,0.0000,1428.64,135.00,0.0000,1689.48,263.60,0.0000,1576.13,289.03,0.0000,1751.23,275.23,0.0000,1692.38,273.77,0.0000,1589.94,368.95,0.0000,1428.64,135.00,0.0000,1648.06,339.89,0.0000,1428.64,135.00,0.0000,1581.95,407.46,0.0000,1428.64,135.00,0.0000
163,0,Elm,0.7310,1642.5,240.9,1895.5,513.7,0.9435,1665.46,347.71,0.0000,1691.59,340.24,0.0000,1676.12,326.38,0.0000,1741.18,334.38,0.0000,1701.72,271.46,0.0000,1776.37,350.37,0.0000,1784.37,280.52,0.0000,1716.65,400.49,0.0000,1728.91,314.65,0.0000,1632.40,384.50,0.0000,1686.79,269.33,0.0000,1703.85,472.48,0.0000,1778.50,512.47,0.0000,1647.33,434.09,0.0000,1632.40,439.42,0.0000,1632.40,445.28,0.0000,1632.40,512.47,0.0000
164,0,Elm,0.7311,1434.6,135.5,1798.2,507.2,0.9308,1429.64,135.00,0.0000,1760.95,214.92,0.0000,1429.64,135.00,0.0000,1800.91,188.77,0.0000,1707.91,159.70,0.0000,1700.65,241.08,0.0000,1429.64,135.00,0.0000,1701.38,262.88,0.0000,1577.86,289.03,0.0000,1752.96,284.67,0.0000,1429.64,135.00,0.0000,1590.94,368.95,0.0000,1429.64,135.00,0.0000,1635.26,339.16,0.0000,1429.64,135.00,0.0000,1582.22,402.38,0.0000,1429.64,135.00,0.0000
164,0,Elm,0.7310,1642.8,238.5,1894.5,512.9,0.9433,1667.15,348.78,0.0000,1691.23,345.03,0.0000,1679.46,324.70,0.0000,1739.93,334.86,0.0000,1700.87,261.55,0.0000,1779.54,350.38,0.0000,1799.87,287.23,0.0000,1715.85,399.62,0.0000,1728.16,399.62,0.0000,1631.30,377.68,0.0000,1691.23,238.00,0.0000,1703.01,511.46,0.0000,1777.93,511.46,0.0000,1643.07,432.26,0.0000,1631.30,438.15,0.0000,1631.30,511.46,0.0000,1631.30,511.46,0.0000
165,0,Elm,0.7311,1434.0,136.6,1798.3,507.5,0.9316,1430.10,136.00,0.0000,1761.25,215.71,0.0000,1430.10,136.00,0.0000,1800.38,181.65,0.0000,1707.63,159.91,0.0000,1690.96,241.79,0.0000,1430.10,136.00,0.0000,1690.24,264.26,0.0000,1577.20,289.62,0.0000,1751.83,267.15,0.0000,1430.10,136.00,0.0000,1590.96,354.11,0.0000,1430.10,136.00,0.0000,1634.44,339.62,0.0000,1430.10,136.00,0.0000,1582.99,402.66,0.0000,1430.10,136.00,0.0000
165,0,Elm,0.7311,1643.4,242.1,1895.8,513.5,0.9461,1665.76,348.39,0.0000,1692.22,341.51,0.0000,1676.35,327.75,0.0000,1740.92,336.21,0.0000,1701.75,265.82,0.0000,1776.38,343.62,0.0000,1784.85,282.23,0.0000,1717.10,400.79,0.0000,1729.80,316.10,0.0000,1633.47,391.79,0.0000,1692.75,259.47,0.0000,1715.51,473.30,0.0000,1778.50,512.47,0.0000,1648.29,434.13,0.0000,1633.47,439.96,0.0000,1633.47,445.78,0.0000,1633.47,512.47,0.0000
166,0,Elm,0.7311,1433.9,135.7,1798.8,507.5,0.9326,1430.09,135.00,0.0000,1767.95,214.92,0.0000,1430.09,135.00,0.0000,1801.37,180.77,0.0000,1707.64,159.70,0.0000,1692.38,252.70,0.0000,1430.09,135.00,0.0000,1690.93,289.03,0.0000,1577.59,288.30,0.0000,1725.80,285.40,0.0000,1430.09,135.00,0.0000,1582.67,368.95,0.0000,1430.09,135.00,0.0000,1634.98,339.16,0.0000,1430.09,135.00,0.0000,1583.40,402.38,0.0000,1430.09,135.00,0.0000
166,0,Elm,0.7310,1643.4,241.3,1895.9,513.5,0.9456,1666.91,349.91,0.0000,1691.88,340.88,0.0000,1676.47,327.06,0.0000,1740.75,335.03,0.0000,1701.97,271.81,0.0000,1776.88,343.00,0.0000,1785.38,281.91,0.0000,1717.38,400.38,0.0000,1730.12,315.38,0.0000,1633.44,391.34,0.0000,1692.94,270.22,0.0000,1704.62,473.69,0.0000,1778.47,512.47,0.0000,1648.31,433.31,0.0000,1633.44,433.31,0.0000,1633.44,445.53,0.0000,1633.44,512.47,0.0000
167,0,Elm,0.7311,1434.0,134.7,1799.6,507.4,0.9310,1429.63,134.00,0.0000,1762.56,210.49,0.0000,1429.63,134.00,0.0000,1801.90,179.17,0.0000,1708.65,158.77,0.0000,1692.62,241.09,0.0000,1429.63,134.00,0.0000,1691.17,288.45,0.0000,1578.25,287.72,0.0000,1724.68,299.37,0.0000,1429.63,134.00,0.0000,1582.62,368.58,0.0000,1429.63,134.00,0.0000,1635.07,338.71,0.0000,1429.63,134.00,0.0000,1583.35,407.92,0.0000,1429.63,134.00,0.0000
167,0,Elm,0.7310,1643.5,241.7,1895.8,513.2,0.9451,1666.91,347.78,0.0000,1691.88,340.88,0.0000,1675.94,326.53,0.0000,1741.28,333.44,0.0000,1702.50,272.34,0.0000,1780.59,343.00,0.0000,1785.38,281.38,0.0000,1717.38,400.38,0.0000,1730.12,321.75,0.0000,1633.44,387.09,0.0000,1692.41,270.75,0.0000,1704.62,472.62,0.0000,1779.00,512.47,0.0000,1648.31,433.31,0.0000,1633.44,439.16,0.0000,1633.44,445.53,0.0000,1633.44,512.47,0.0000
168,0,Elm,0.7311,1433.4,130.7,1800.4,508.2,0.9325,1427.09,130.00,0.0000,1764.49,204.57,0.0000,1427.09,130.00,0.0000,1804.36,130.00,0.0000,1709.12,155.10,0.0000,1692.88,238.53,0.0000,1427.09,130.00,0.0000,1691.40,286.52,0.0000,1579.92,285.04,0.0000,1727.57,297.59,0.0000,1427.09,130.00,0.0000,1568.84,352.22,0.0000,1427.09,130.00,0.0000,1630.12,331.55,0.0000,1427.09,130.00,0.0000,1582.87,407.59,0.0000,1427.09,130.00,0.0000
168,0,Elm,0.7310,1642.9,239.4,1896.3,513.8,0.9437,1667.15,346.57,0.0000,1691.77,339.07,0.0000,1676.79,325.70,0.0000,1740.47,332.12,0.0000,1701.94,270.04,0.0000,1780.61,335.86,0.0000,1785.42,283.42,0.0000,1717.46,400.08,0.0000,1729.23,283.95,0.0000,1632.37,378.14,0.0000,1685.88,283.95,0.0000,1727.09,472.86,0.0000,1779.00,512.46,0.0000,1654.31,433.26,0.0000,1632.37,432.19,0.0000,1632.37,445.04,0.0000,1632.37,512.46,0.0000
169,0,Elm,0.7311,1433.9,126.2,1807.2,506.7,0.9357,1430.03,126.00,0.0000,1769.21,197.99,0.0000,1430.03,126.00,0.0000,1809.29,126.00,0.0000,1714.29,150.49,0.0000,1697.22,217.29,0.0000,1430.03,126.00,0.0000,1681.63,295.22,0.0000,1594.80,275.18,0.0000,1724.68,319.71,0.0000,1698.70,262.56,0.0000,1527.26,350.14,0.0000,1487.92,341.98,0.0000,1633.39,327.88,0.0000,1430.03,126.00,0.0000,1585.89,403.58,0.0000,1430.03,126.00,0.0000
169,0,Elm,0.7308,1642.0,240.0,1894.1,513.2,0.9382,1667.69,346.03,0.0000,1691.23,340.14,0.0000,1679.46,324.09,0.0000,1738.86,331.58,0.0000,1700.87,270.57,0.0000,1758.66,341.21,0.0000,1784.35,283.95,0.0000,1631.30,239.00,0.0000,1785.96,239.00,0.0000,1631.30,378.68,0.0000,1690.70,239.00,0.0000,1759.73,472.86,0.0000,1785.96,512.46,0.0000,1653.24,428.45,0.0000,1631.30,434.33,0.0000,1631.30,512.46,0.0000,1631.30,512.46,0.0000
170,0,Elm,0.7311,1434.5,129.2,1806.6,505.6,0.9348,1432.53,129.00,0.0000,1768.14,203.17,0.0000,1432.53,129.00,0.0000,1807.80,129.00,0.0000,1714.53,153.97,0.0000,1693.97,256.05,0.0000,1432.53,129.00,0.0000,1681.48,258.25,0.0000,1584.55,276.61,0.0000,1731.42,275.88,0.0000,1432.53,129.00,0.0000,1528.73,350.78,0.0000,1432.53,129.00,0.0000,1634.48,328.75,0.0000,1432.53,129.00,0.0000,1586.75,400.72,0.0000,1432.53,129.00,0.0000
170,0,Elm,0.7310,1643.8,239.1,1895.8,513.1,0.9429,1664.41,346.57,0.0000,1691.16,338.54,0.0000,1674.57,325.16,0.0000,1745.21,334.79,0.0000,1699.73,271.64,0.0000,1771.97,341.21,0.0000,1801.41,292.52,0.0000,1716.85,400.08,0.0000,1729.70,400.62,0.0000,1632.30,384.03,0.0000,1691.70,271.11,0.0000,1744.68,465.37,0.0000,1778.93,512.46,0.0000,1647.28,433.26,0.0000,1632.30,439.15,0.0000,1632.30,512.46,0.0000,1632.30,512.46,0.0000
171,0,Elm,0.7311,1434.8,129.6,1807.0,506.1,0.9333,1431.05,129.00,0.0000,1767.56,204.11,0.0000,1431.05,129.00,0.0000,1807.32,153.30,0.0000,1713.07,155.51,0.0000,1695.40,256.38,0.0000,1431.05,129.00,0.0000,1689.51,259.33,0.0000,1584.21,277.00,0.0000,1730.00,276.27,0.0000,1694.66,269.64,0.0000,1527.51,350.63,0.0000,1431.05,129.00,0.0000,1633.54,335.91,0.0000,1431.05,129.00,0.0000,1586.42,401.44,0.0000,1431.05,129.00,0.0000
171,0,Elm,0.7310,1643.5,240.5,1895.4,513.4,0.9423,1666.46,346.64,0.0000,1700.59,339.18,0.0000,1676.59,324.25,0.0000,1745.38,332.78,0.0000,1699.52,271.99,0.0000,1772.04,341.84,0.0000,1800.83,289.05,0.0000,1716.58,400.49,0.0000,1733.11,402.63,0.0000,1632.34,379.17,0.0000,1692.05,271.99,0.0000,1726.71,462.88,0.0000,1778.43,512.47,0.0000,1647.27,432.49,0.0000,1632.34,439.42,0.0000,1632.34,512.47,0.0000,1632.34,512.47,0.0000
172,0,Elm,0.7311,1435.2,130.5,1803.9,505.8,0.9324,1432.07,130.00,0.0000,1766.05,205.44,0.0000,1432.07,130.00,0.0000,1806.34,130.00,0.0000,1712.59,154.17,0.0000,1695.01,255.98,0.0000,1432.07,130.00,0.0000,1694.28,284.54,0.0000,1582.95,277.22,0.0000,1730.17,280.88,0.0000,1432.07,130.00,0.0000,1528.02,351.19,0.0000,1432.07,130.00,0.0000,1633.49,329.95,0.0000,1432.07,130.00,0.0000,1586.61,403.93,0.0000,1432.07,130.00,0.0000
172,0,Elm,0.7310,1644.1,241.3,1895.6,513.2,0.9386,1666.84,347.25,0.0000,1700.84,335.03,0.0000,1675.88,324.41,0.0000,1746.00,329.72,0.0000,1700.31,272.34,0.0000,1772.56,336.62,0.0000,1801.25,289.88,0.0000,1633.38,241.00,0.0000,1733.78,403.03,0.0000,1633.38,387.09,0.0000,1693.41,270.22,0.0000,1715.72,465.72,0.0000,1778.94,512.47,0.0000,1648.25,429.06,0.0000,1633.38,439.69,0.0000,1633.38,512.47,0.0000,1633.38,512.47,0.0000
173,0,Elm,0.7311,1434.9,131.6,1801.2,506.0,0.9315,1431.08,131.00,0.0000,1764.90,208.43,0.0000,1431.08,131.00,0.0000,1804.35,177.02,0.0000,1713.04,155.11,0.0000,1694.05,238.38,0.0000,1431.08,131.00,0.0000,1692.59,285.86,0.0000,1583.02,281.48,0.0000,1727.65,286.59,0.0000,1431.08,131.00,0.0000,1526.77,350.87,0.0000,1431.08,131.00,0.0000,1631.96,330.42,0.0000,1431.08,131.00,0.0000,1585.21,399.81,0.0000,1431.08,131.00,0.0000
173,0,Elm,0.7310,1644.0,240.9,1896.5,513.1,0.9445,1664.86,347.17,0.0000,1692.59,334.38,0.0000,1675.53,324.25,0.0000,1746.44,334.91,0.0000,1767.24,271.99,0.0000,1781.10,336.51,0.0000,1801.36,289.05,0.0000,1633.40,240.00,0.0000,1730.45,402.63,0.0000,1633.40,385.03,0.0000,1687.79,279.46,0.0000,1716.58,462.88,0.0000,1779.50,512.47,0.0000,1655.26,433.55,0.0000,1633.40,439.42,0.0000,1633.40,512.47,0.0000,1633.40,512.47,0.0000
174,0,Elm,0.7311,1435.5,132.5,1801.2,506.6,0.9330,1430.62,132.00,0.0000,1764.44,211.62,0.0000,1430.62,132.00,0.0000,1803.89,132.00,0.0000,1712.58,156.84,0.0000,1693.59,239.38,0.0000,1430.62,132.00,0.0000,1692.12,286.86,0.0000,1592.78,285.40,0.0000,1727.19,298.55,0.0000,1430.62,132.00,0.0000,1570.87,352.60,0.0000,1430.62,132.00,0.0000,1630.77,337.26,0.0000,1430.62,132.00,0.0000,1584.02,406.66,0.0000,1430.62,132.00,0.0000
174,0,Elm,0.7311,1638.5,241.3,1895.0,514.4,0.9407,1666.26,347.11,0.0000,1689.19,340.18,0.0000,1677.46,324.18,0.0000,1736.64,329.51,0.0000,1727.58,241.00,0.0000,1763.30,334.31,0.0000,1781.96,279.92,0.0000,1629.47,241.00,0.0000,1726.51,402.03,0.0000,1629.47,379.10,0.0000,1676.92,241.00,0.0000,1728.11,463.88,0.0000,1775.57,513.47,0.0000,1651.33,434.55,0.0000,1629.47,440.42,0.0000,1629.47,513.47,0.0000,1629.47,513.47,0.0000
175,0,Elm,0.7311,1435.3,133.4,1805.8,505.9,0.9330,1433.55,133.00,0.0000,1771.40,213.65,0.0000,1433.55,133.00,0.0000,1804.82,186.77,0.0000,1713.27,157.70,0.0000,1695.11,259.42,0.0000,1433.55,133.00,0.0000,1693.66,287.03,0.0000,1583.95,287.03,0.0000,1721.27,305.92,0.0000,1693.66,271.05,0.0000,1528.73,352.42,0.0000,1433.55,133.00,0.0000,1633.35,337.16,0.0000,1433.55,133.00,0.0000,1586.85,405.46,0.0000,1433.55,133.00,0.0000
175,0,Elm,0.7310,1642.1,238.9,1894.6,513.5,0.9411,1663.48,348.64,0.0000,1690.34,344.88,0.0000,1674.23,325.01,0.0000,1738.68,333.07,0.0000,1700.01,270.23,0.0000,1770.37,335.22,0.0000,1799.91,287.41,0.0000,1630.18,238.00,0.0000,1727.40,402.89,0.0000,1630.18,383.56,0.0000,1672.08,278.28,0.0000,1742.98,462.51,0.0000,1777.35,512.46,0.0000,1652.21,433.51,0.0000,1630.18,438.88,0.0000,1630.18,512.46,0.0000,1630.18,512.46,0.0000
176,0,Elm,0.7311,1435.1,134.6,1802.6,505.3,0.9331,1433.55,134.00,0.0000,1771.22,214.43,0.0000,1433.55,134.00,0.0000,1803.83,179.65,0.0000,1713.97,160.09,0.0000,1691.51,178.20,0.0000,1433.55,134.00,0.0000,1693.69,261.53,0.0000,1583.54,287.62,0.0000,1756.00,273.12,0.0000,1692.96,272.40,0.0000,1528.47,352.11,0.0000,1433.55,134.00,0.0000,1632.82,331.82,0.0000,1433.55,134.00,0.0000,1586.44,405.73,0.0000,1433.55,134.00,0.0000
176,0,Elm,0.7310,1642.9,240.9,1894.5,513.2,0.9454,1664.39,349.84,0.0000,1690.52,340.24,0.0000,1675.06,326.38,0.0000,1744.38,335.98,0.0000,1697.99,264.53,0.0000,1779.03,322.65,0.0000,1799.83,289.05,0.0000,1631.34,240.00,0.0000,1728.38,401.03,0.0000,1631.34,385.03,0.0000,1672.93,369.04,0.0000,1725.71,465.54,0.0000,1777.43,512.47,0.0000,1653.20,433.02,0.0000,1631.34,439.42,0.0000,1631.34,512.47,0.0000,1631.34,512.47,0.0000
177,0,Elm,0.7311,1435.2,134.4,1801.8,505.6,0.9309,1432.10,134.00,0.0000,1769.77,213.71,0.0000,1432.10,134.00,0.0000,1802.38,179.65,0.0000,1713.25,159.36,0.0000,1692.24,178.20,0.0000,1432.10,134.00,0.0000,1692.24,261.53,0.0000,1582.82,287.62,0.0000,1753.83,273.12,0.0000,1692.24,272.40,0.0000,1527.03,352.83,0.0000,1432.10,134.00,0.0000,1631.37,331.82,0.0000,1432.10,134.00,0.0000,1584.99,406.45,0.0000,1432.10,134.00,0.0000
177,0,Elm,0.7310,1643.8,241.2,1894.9,513.3,0.9470,1664.25,349.91,0.0000,1691.34,340.34,0.0000,1674.34,326.53,0.0000,1750.84,336.62,0.0000,1772.62,270.75,0.0000,1779.53,323.88,0.0000,1806.09,289.88,0.0000,1632.38,241.00,0.0000,1729.06,401.44,0.0000,1632.38,385.50,0.0000,1679.66,241.00,0.0000,1726.41,463.06,0.0000,1777.94,512.47,0.0000,1654.16,432.78,0.0000,1632.38,439.69,0.0000,1632.38,512.47,0.0000,1632.38,512.47,0.0000
178,0,Elm,0.7311,1434.3,134.0,1802.0,507.3,0.9359,1431.09,134.00,0.0000,1769.85,214.87,0.0000,1431.09,134.00,0.0000,1803.36,179.90,0.0000,1713.02,158.77,0.0000,1693.35,178.44,0.0000,1431.09,134.00,0.0000,1691.89,262.22,0.0000,1591.36,286.99,0.0000,1755.28,279.70,0.0000,1431.09,134.00,0.0000,1570.96,353.28,0.0000,1431.09,134.00,0.0000,1631.43,332.88,0.0000,1431.09,134.00,0.0000,1584.80,406.46,0.0000,1431.09,134.00,0.0000
178,0,Elm,0.7311,1641.8,241.8,1895.6,514.0,0.9415,1667.13,241.00,0.0000,1699.12,241.00,0.0000,1684.72,315.65,0.0000,1763.64,263.93,0.0000,1784.96,258.60,0.0000,1757.24,316.18,0.0000,1820.69,285.79,0.0000,1631.40,241.00,0.0000,1727.91,402.03,0.0000,1631.40,379.10,0.0000,1672.99,285.79,0.0000,1730.04,466.54,0.0000,1777.50,513.47,0.0000,1653.26,433.49,0.0000,1694.85,440.42,0.0000,1631.40,464.95,0.0000,1631.40,513.47,0.0000
179,0,Elm,0.7311,1435.0,133.5,1799.2,506.9,0.9293,1429.63,133.00,0.0000,1769.12,213.14,0.0000,1429.63,133.00,0.0000,1694.08,133.00,0.0000,1712.29,157.77,0.0000,1691.89,177.44,0.0000,1429.63,133.00,0.0000,1691.17,261.22,0.0000,1591.36,286.72,0.0000,1753.09,278.70,0.0000,1694.08,268.50,0.0000,1525.06,352.28,0.0000,1429.63,133.00,0.0000,1629.97,337.71,0.0000,1429.63,133.00,0.0000,1583.35,406.92,0.0000,1429.63,133.00,0.0000
179,0,Elm,0.7310,1641.3,237.7,1894.9,513.5,0.9416,1665.80,348.05,0.0000,1698.68,337.80,0.0000,1683.59,321.09,0.0000,1743.42,326.48,0.0000,1698.68,261.26,0.0000,1791.40,320.02,0.0000,1783.31,286.05,0.0000,1629.14,237.00,0.0000,1727.25,399.80,0.0000,1629.14,367.99,0.0000,1681.97,277.43,0.0000,1728.33,462.33,0.0000,1776.84,512.46,0.0000,1651.24,433.22,0.0000,1713.77,433.76,0.0000,1629.14,512.46,0.0000,1629.14,512.46,0.0000
180,0,Elm,0.7311,1435.0,132.4,1801.0,506.9,0.9332,1429.62,132.00,0.0000,1769.29,207.97,0.0000,1429.62,132.00,0.0000,1802.89,132.00,0.0000,1711.58,156.11,0.0000,1692.59,213.81,0.0000,1429.62,132.00,0.0000,1691.12,264.95,0.0000,1591.78,286.86,0.0000,1726.92,297.82,0.0000,1702.08,266.41,0.0000,1525.31,351.87,0.0000,1429.62,132.00,0.0000,1629.77,337.26,0.0000,1429.62,132.00,0.0000,1583.75,402.27,0.0000,1429.62,132.00,0.0000
180,0,Elm,0.7311,1640.3,241.0,1894.5,513.2,0.9401,1666.66,347.17,0.0000,1690.12,339.71,0.0000,1683.72,323.71,0.0000,1742.91,328.51,0.0000,1749.84,240.00,0.0000,1770.10,333.31,0.0000,1782.90,279.99,0.0000,1630.40,240.00,0.0000,1727.45,401.03,0.0000,1630.40,379.17,0.0000,1682.66,279.99,0.0000,1724.25,465.54,0.0000,1776.50,512.47,0.0000,1652.26,433.02,0.0000,1630.40,433.02,0.0000,1630.40,512.47,0.0000,1630.40,512.47,0.0000
181,0,Elm,0.7311,1435.7,133.0,1802.9,506.4,0.9326,1432.08,132.00,0.0000,1765.90,212.35,0.0000,1432.08,132.00,0.0000,1805.35,132.00,0.0000,1712.58,156.84,0.0000,1694.32,258.37,0.0000,1432.08,132.00,0.0000,1693.59,286.86,0.0000,1592.78,283.94,0.0000,1727.92,283.21,0.0000,1695.05,266.41,0.0000,1527.77,352.60,0.0000,1432.08,132.00,0.0000,1632.23,337.26,0.0000,1432.08,132.00,0.0000,1586.21,400.81,0.0000,1432.08,132.00,0.0000
181,0,Elm,0.7311,1639.1,239.9,1893.8,512.6,0.9424,1665.66,346.17,0.0000,1697.65,338.71,0.0000,1682.72,322.71,0.0000,1742.44,331.24,0.0000,1734.98,257.13,0.0000,1781.90,325.38,0.0000,1797.89,287.52,0.0000,1713.65,399.49,0.0000,1726.45,402.16,0.0000,1629.40,377.63,0.0000,1688.05,239.00,0.0000,1723.25,461.88,0.0000,1775.50,511.47,0.0000,1651.26,433.09,0.0000,1629.40,438.95,0.0000,1629.40,511.47,0.0000,1629.40,511.47,0.0000
182,0,Elm,0.7311,1436.2,134.5,1802.0,505.0,0.9338,1433.10,134.00,0.0000,1770.04,213.71,0.0000,1433.10,134.00,0.0000,1803.38,134.00,0.0000,1713.53,160.09,0.0000,1690.34,177.48,0.0000,1433.10,134.00,0.0000,1693.24,261.53,0.0000,1583.10,287.62,0.0000,1755.55,268.78,0.0000,1693.24,272.40,0.0000,1528.03,352.83,0.0000,1433.10,134.00,0.0000,1632.37,331.82,0.0000,1433.10,134.00,0.0000,1585.99,401.38,0.0000,1433.10,134.00,0.0000
182,0,Elm,0.7311,1641.3,241.3,1893.2,513.3,0.9447,1665.44,350.44,0.0000,1690.41,340.34,0.0000,1673.94,327.06,0.0000,1738.75,336.62,0.0000,1697.84,270.22,0.0000,1770.62,333.97,0.0000,1811.53,294.12,0.0000,1631.44,241.00,0.0000,1731.84,402.50,0.0000,1631.44,384.97,0.0000,1686.16,264.38,0.0000,1713.78,465.72,0.0000,1777.00,512.47,0.0000,1653.22,432.78,0.0000,1631.44,439.69,0.0000,1631.44,512.47,0.0000,1631.44,512.47,0.0000
183,0,Elm,0.7311,1435.4,135.1,1800.2,505.2,0.9332,1432.11,135.00,0.0000,1768.87,215.21,0.0000,1432.11,135.00,0.0000,1694.43,135.00,0.0000,1712.50,159.57,0.0000,1691.54,179.08,0.0000,1432.11,135.00,0.0000,1691.54,262.19,0.0000,1582.42,285.31,0.0000,1753.69,266.52,0.0000,1690.82,273.03,0.0000,1526.78,352.52,0.0000,1432.11,135.00,0.0000,1636.62,332.29,0.0000,1432.11,135.00,0.0000,1584.59,406.00,0.0000,1432.11,135.00,0.0000
183,0,Elm,0.7310,1642.4,241.8,1894.4,513.3,0.9451,1665.38,350.97,0.0000,1691.41,340.88,0.0000,1674.94,327.06,0.0000,1744.53,336.62,0.0000,1698.84,271.81,0.0000,1771.62,337.16,0.0000,1805.62,289.88,0.0000,1632.44,241.00,0.0000,1732.84,401.44,0.0000,1632.44,384.97,0.0000,1687.69,264.91,0.0000,1726.47,465.72,0.0000,1778.00,512.47,0.0000,1654.22,433.84,0.0000,1632.44,439.69,0.0000,1632.44,512.47,0.0000,1632.44,512.47,0.0000
184,0,Elm,0.7311,1435.0,134.4,1801.0,505.7,0.9349,1432.10,134.00,0.0000,1769.04,214.43,0.0000,1432.10,134.00,0.0000,1802.38,179.65,0.0000,1712.53,159.36,0.0000,1690.06,178.20,0.0000,1432.10,134.00,0.0000,1692.24,261.53,0.0000,1582.82,288.34,0.0000,1753.83,272.40,0.0000,1432.10,134.00,0.0000,1527.03,352.11,0.0000,1432.10,134.00,0.0000,1632.09,331.09,0.0000,1432.10,134.00,0.0000,1584.99,405.73,0.0000,1432.10,134.00,0.0000
184,0,Elm,0.7311,1642.6,242.5,1895.0,513.4,0.9466,1664.23,351.04,0.0000,1691.22,340.98,0.0000,1674.29,327.75,0.0000,1744.68,334.10,0.0000,1772.21,272.17,0.0000,1771.15,323.51,0.0000,1805.55,290.17,0.0000,1632.47,242.00,0.0000,1728.80,401.32,0.0000,1632.47,391.79,0.0000,1687.52,242.00,0.0000,1726.16,465.89,0.0000,1777.50,512.47,0.0000,1654.17,433.61,0.0000,1632.47,439.96,0.0000,1632.47,464.83,0.0000,1632.47,512.47,0.0000
185,0,Elm,0.7311,1434.4,134.6,1800.3,505.5,0.9338,1431.10,134.00,0.0000,1768.04,215.88,0.0000,1431.10,134.00,0.0000,1801.38,179.65,0.0000,1710.80,160.09,0.0000,1691.96,178.20,0.0000,1431.10,134.00,0.0000,1691.24,261.53,0.0000,1581.82,297.76,0.0000,1752.83,273.12,0.0000,1431.10,134.00,0.0000,1526.03,352.11,0.0000,1431.10,134.00,0.0000,1635.44,337.62,0.0000,1431.10,134.00,0.0000,1583.99,406.45,0.0000,1431.10,134.00,0.0000
185,0,Elm,0.7311,1642.8,242.7,1894.3,512.8,0.9469,1664.15,350.63,0.0000,1691.04,340.61,0.0000,1674.17,327.43,0.0000,1743.78,335.87,0.0000,1698.43,272.59,0.0000,1770.67,336.92,0.0000,1799.15,289.99,0.0000,1632.51,242.00,0.0000,1728.48,308.97,0.0000,1632.51,391.24,0.0000,1687.35,271.00,0.0000,1729.54,465.07,0.0000,1777.00,511.47,0.0000,1654.13,433.43,0.0000,1632.51,439.23,0.0000,1632.51,511.47,0.0000,1632.51,511.47,0.0000
186,0,Elm,0.7311,1435.2,135.1,1798.3,505.4,0.9337,1432.11,135.00,0.0000,1768.14,215.94,0.0000,1432.11,135.00,0.0000,1801.39,135.00,0.0000,1709.61,161.02,0.0000,1691.54,262.19,0.0000,1432.11,135.00,0.0000,1690.82,262.19,0.0000,1581.70,289.65,0.0000,1752.25,273.75,0.0000,1432.11,135.00,0.0000,1526.78,352.52,0.0000,1432.11,135.00,0.0000,1630.84,332.29,0.0000,1432.11,135.00,0.0000,1584.59,406.72,0.0000,1432.11,135.00,0.0000
186,0,Elm,0.7311,1643.6,242.7,1895.0,512.5,0.9453,1665.15,351.16,0.0000,1692.04,341.14,0.0000,1674.64,327.96,0.0000,1745.30,336.39,0.0000,1699.43,272.59,0.0000,1779.58,334.29,0.0000,1800.15,286.30,0.0000,1716.83,400.20,0.0000,1729.48,286.82,0.0000,1633.51,391.77,0.0000,1680.44,271.53,0.0000,1730.54,472.45,0.0000,1778.00,511.47,0.0000,1655.13,433.43,0.0000,1633.51,439.23,0.0000,1633.51,511.47,0.0000,1633.51,511.47,0.0000
187,0,Elm,0.7311,1435.3,135.1,1797.8,504.6,0.9326,1432.12,135.00,0.0000,1767.24,215.72,0.0000,1432.12,135.00,0.0000,1800.40,135.00,0.0000,1710.31,160.22,0.0000,1690.85,178.96,0.0000,1432.12,135.00,0.0000,1690.85,261.84,0.0000,1581.30,297.88,0.0000,1751.39,273.38,0.0000,1432.12,135.00,0.0000,1526.53,367.07,0.0000,1432.12,135.00,0.0000,1635.36,337.52,0.0000,1432.12,135.00,0.0000,1584.19,405.98,0.0000,1432.12,135.00,0.0000
187,0,Elm,0.7310,1643.4,242.0,1894.5,512.8,0.9454,1665.23,350.56,0.0000,1691.70,346.33,0.0000,1674.76,329.39,0.0000,1745.15,336.27,0.0000,1699.63,271.70,0.0000,1780.09,334.16,0.0000,1800.73,285.46,0.0000,1716.57,399.79,0.0000,1729.80,285.99,0.0000,1633.47,391.32,0.0000,1680.58,272.76,0.0000,1727.16,472.30,0.0000,1778.50,511.47,0.0000,1633.47,433.66,0.0000,1633.47,438.96,0.0000,1633.47,511.47,0.0000,1633.47,511.47,0.0000
188,0,Elm,0.7311,1434.6,134.8,1797.9,504.5,0.9331,1431.11,134.00,0.0000,1767.14,215.66,0.0000,1431.11,134.00,0.0000,1688.38,179.53,0.0000,1710.78,158.57,0.0000,1691.27,261.19,0.0000,1431.11,134.00,0.0000,1689.82,287.20,0.0000,1581.42,287.93,0.0000,1718.73,298.04,0.0000,1431.11,134.00,0.0000,1580.70,366.70,0.0000,1431.11,134.00,0.0000,1629.84,337.07,0.0000,1431.11,134.00,0.0000,1583.59,405.00,0.0000,1431.11,134.00,0.0000
188,0,Elm,0.7311,1643.3,242.5,1894.3,512.1,0.9446,1665.15,351.16,0.0000,1691.52,341.14,0.0000,1674.64,327.43,0.0000,1739.50,335.87,0.0000,1699.95,272.59,0.0000,1771.67,337.45,0.0000,1800.15,289.99,0.0000,1716.30,400.73,0.0000,1688.88,242.00,0.0000,1633.51,391.77,0.0000,1680.44,242.00,0.0000,1726.32,472.45,0.0000,1778.00,511.47,0.0000,1655.13,433.95,0.0000,1633.51,438.70,0.0000,1633.51,511.47,0.0000,1633.51,511.47,0.0000
189,0,Elm,0.7311,1435.2,135.5,1801.7,505.1,0.9337,1433.55,135.00,0.0000,1769.59,215.94,0.0000,1433.55,135.00,0.0000,1802.83,180.53,0.0000,1713.22,159.57,0.0000,1693.71,179.08,0.0000,1433.55,135.00,0.0000,1692.99,262.19,0.0000,1583.14,288.93,0.0000,1754.41,273.75,0.0000,1433.55,135.00,0.0000,1577.36,380.70,0.0000,1433.55,135.00,0.0000,1632.29,338.07,0.0000,1433.55,135.00,0.0000,1586.04,400.94,0.0000,1433.55,135.00,0.0000
189,0,Elm,0.7310,1642.9,240.7,1894.9,513.1,0.9439,1665.46,350.91,0.0000,1689.99,346.64,0.0000,1674.53,330.11,0.0000,1737.98,337.04,0.0000,1698.52,271.46,0.0000,1771.04,335.98,0.0000,1805.69,288.52,0.0000,1716.12,401.03,0.0000,1732.11,307.18,0.0000,1631.34,390.90,0.0000,1687.32,263.99,0.0000,1729.98,465.54,0.0000,1777.43,512.47,0.0000,1653.20,433.02,0.0000,1631.34,439.42,0.0000,1631.34,512.47,0.0000,1631.34,512.47,0.0000
190,0,Elm,0.7311,1435.4,135.7,1803.7,504.2,0.9305,1435.00,135.00,0.0000,1770.13,218.60,0.0000,1435.00,135.00,0.0000,1803.28,180.40,0.0000,1714.63,160.22,0.0000,1691.57,178.96,0.0000,1435.00,135.00,0.0000,1693.73,261.84,0.0000,1584.91,288.51,0.0000,1754.27,273.38,0.0000,1435.00,135.00,0.0000,1529.41,351.93,0.0000,1435.00,135.00,0.0000,1632.47,337.52,0.0000,1435.00,135.00,0.0000,1587.07,400.22,0.0000,1435.00,135.00,0.0000
190,0,Elm,0.7310,1642.7,240.1,1894.7,513.4,0.9440,1665.46,350.91,0.0000,1689.99,346.11,0.0000,1674.53,333.84,0.0000,1739.04,337.04,0.0000,1699.59,271.99,0.0000,1771.04,336.51,0.0000,1805.16,288.52,0.0000,1718.25,400.49,0.0000,1732.11,307.18,0.0000,1631.34,384.50,0.0000,1691.05,263.99,0.0000,1729.98,465.54,0.0000,1777.43,512.47,0.0000,1646.27,433.02,0.0000,1631.34,439.42,0.0000,1631.34,512.47,0.0000,1631.34,512.47,0.0000
191,0,Elm,0.7311,1435.6,135.4,1802.9,503.9,0.9314,1435.00,135.00,0.0000,1769.22,218.38,0.0000,1435.00,135.00,0.0000,1802.28,135.00,0.0000,1713.88,160.16,0.0000,1693.75,178.84,0.0000,1435.00,135.00,0.0000,1693.03,261.50,0.0000,1584.50,288.09,0.0000,1754.12,273.00,0.0000,1703.81,278.03,0.0000,1529.16,352.06,0.0000,1435.00,135.00,0.0000,1632.66,336.97,0.0000,1435.00,135.00,0.0000,1586.66,400.22,0.0000,1435.00,135.00,0.0000
191,0,Elm,0.7311,1642.9,241.1,1895.5,513.4,0.9442,1666.97,353.62,0.0000,1691.41,347.25,0.0000,1674.41,332.91,0.0000,1744.53,336.62,0.0000,1698.84,272.88,0.0000,1771.62,336.62,0.0000,1806.16,289.34,0.0000,1716.38,400.91,0.0000,1732.84,307.94,0.0000,1632.44,387.09,0.0000,1687.69,270.75,0.0000,1730.72,465.72,0.0000,1778.53,512.47,0.0000,1654.22,433.84,0.0000,1632.44,439.16,0.0000,1632.44,512.47,0.0000,1632.44,512.47,0.0000
192,0,Elm,0.7311,1435.0,135.4,1803.5,504.8,0.9336,1435.00,135.00,0.0000,1770.13,218.60,0.0000,1435.00,135.00,0.0000,1803.28,179.68,0.0000,1714.63,159.50,0.0000,1693.73,261.84,0.0000,1435.00,135.00,0.0000,1693.73,261.84,0.0000,1584.19,288.51,0.0000,1755.71,273.38,0.0000,1435.00,135.00,0.0000,1529.41,351.93,0.0000,1435.00,135.00,0.0000,1633.19,337.52,0.0000,1435.00,135.00,0.0000,1586.35,401.66,0.0000,1435.00,135.00,0.0000
192,0,Elm,0.7311,1642.2,241.9,1895.0,513.6,0.9429,1666.44,352.56,0.0000,1691.41,347.25,0.0000,1674.41,330.78,0.0000,1745.06,336.62,0.0000,1698.84,272.88,0.0000,1771.62,336.62,0.0000,1813.06,289.34,0.0000,1716.38,400.91,0.0000,1688.75,308.47,0.0000,1632.44,387.09,0.0000,1687.69,270.75,0.0000,1730.72,465.72,0.0000,1778.00,512.47,0.0000,1654.22,434.38,0.0000,1632.44,439.69,0.0000,1632.44,512.47,0.0000,1632.44,512.47,0.0000
193,0,Elm,0.7311,1435.1,135.6,1802.7,505.3,0.9293,1433.55,135.00,0.0000,1769.59,217.38,0.0000,1433.55,135.00,0.0000,1802.83,135.00,0.0000,1713.95,161.02,0.0000,1693.71,179.08,0.0000,1433.55,135.00,0.0000,1692.27,262.19,0.0000,1582.42,288.93,0.0000,1754.41,273.75,0.0000,1433.55,135.00,0.0000,1528.22,353.24,0.0000,1433.55,135.00,0.0000,1632.29,338.07,0.0000,1433.55,135.00,0.0000,1585.31,406.72,0.0000,1433.55,135.00,0.0000
193,0,Elm,0.7310,1644.3,241.6,1895.2,512.2,0.9442,1665.70,350.04,0.0000,1687.40,339.98,0.0000,1671.52,326.75,0.0000,1741.39,335.21,0.0000,1693.75,272.23,0.0000,1773.15,336.80,0.0000,1801.73,289.17,0.0000,1634.47,241.00,0.0000,1730.80,315.10,0.0000,1634.47,391.32,0.0000,1688.99,264.82,0.0000,1746.15,472.30,0.0000,1779.50,511.47,0.0000,1649.29,432.61,0.0000,1634.47,433.66,0.0000,1634.47,511.47,0.0000,1634.47,511.47,0.0000
194,0,Elm,0.7311,1436.0,135.6,1802.8,504.7,0.9284,1433.56,135.00,0.0000,1769.41,217.88,0.0000,1433.56,135.00,0.0000,1801.84,135.00,0.0000,1433.56,135.00,0.0000,1693.01,178.96,0.0000,1433.56,135.00,0.0000,1691.57,261.84,0.0000,1583.46,288.51,0.0000,1753.55,273.38,0.0000,1433.56,135.00,0.0000,1527.97,351.93,0.0000,1433.56,135.00,0.0000,1636.80,337.52,0.0000,1433.56,135.00,0.0000,1585.63,406.71,0.0000,1433.56,135.00,0.0000
194,0,Elm,0.7310,1644.9,240.0,1895.5,513.0,0.9431,1665.86,350.97,0.0000,1687.19,345.64,0.0000,1674.93,328.58,0.0000,1740.51,335.51,0.0000,1701.59,271.53,0.0000,1777.30,349.37,0.0000,1785.83,287.52,0.0000,1717.05,399.49,0.0000,1702.12,320.05,0.0000,1633.34,390.43,0.0000,1686.12,278.46,0.0000,1727.71,472.01,0.0000,1778.90,511.47,0.0000,1645.07,433.62,0.0000,1633.34,438.42,0.0000,1633.34,511.47,0.0000,1633.34,511.47,0.0000
195,0,Elm,0.7311,1435.6,135.7,1800.3,505.3,0.9303,1432.11,135.00,0.0000,1768.87,217.38,0.0000,1432.11,135.00,0.0000,1688.65,135.00,0.0000,1713.22,161.02,0.0000,1692.27,262.19,0.0000,1432.11,135.00,0.0000,1677.09,306.27,0.0000,1591.09,286.04,0.0000,1719.73,378.54,0.0000,1690.82,267.97,0.0000,1526.78,353.24,0.0000,1489.20,344.57,0.0000,1630.12,332.29,0.0000,1432.11,135.00,0.0000,1584.59,406.72,0.0000,1432.11,135.00,0.0000
195,0,Elm,0.7310,1645.3,240.8,1897.5,512.6,0.9418,1666.78,349.44,0.0000,1694.94,339.88,0.0000,1672.62,323.41,0.0000,1747.53,270.28,0.0000,1766.66,240.00,0.0000,1774.09,321.81,0.0000,1787.38,284.09,0.0000,1718.84,399.38,0.0000,1704.50,399.91,0.0000,1635.44,332.44,0.0000,1676.34,279.31,0.0000,1753.38,511.47,0.0000,1781.00,511.47,0.0000,1635.44,432.84,0.0000,1635.44,438.16,0.0000,1635.44,511.47,0.0000,1635.44,511.47,0.0000
196,0,Elm,0.7311,1435.8,135.1,1804.9,505.6,0.9307,1435.00,135.00,0.0000,1772.48,215.94,0.0000,1435.00,135.00,0.0000,1804.28,135.00,0.0000,1716.11,159.57,0.0000,1695.16,223.89,0.0000,1435.00,135.00,0.0000,1693.71,288.20,0.0000,1593.98,285.31,0.0000,1744.30,283.87,0.0000,1435.00,135.00,0.0000,1529.67,352.52,0.0000,1435.00,135.00,0.0000,1633.01,331.56,0.0000,1435.00,135.00,0.0000,1586.76,404.55,0.0000,1435.00,135.00,0.0000
196,0,Elm,0.7311,1642.2,240.8,1895.3,512.3,0.9432,1668.03,348.91,0.0000,1700.97,322.34,0.0000,1685.56,322.34,0.0000,1751.97,271.88,0.0000,1765.25,240.00,0.0000,1784.38,321.28,0.0000,1799.78,284.62,0.0000,1632.44,240.00,0.0000,1728.59,400.44,0.0000,1632.44,390.88,0.0000,1673.88,240.00,0.0000,1744.00,462.06,0.0000,1778.00,511.47,0.0000,1654.22,433.38,0.0000,1693.53,438.69,0.0000,1632.44,511.47,0.0000,1632.44,511.47,0.0000
197,0,Elm,0.7311,1435.0,134.9,1803.2,505.8,0.9327,1433.55,134.00,0.0000,1771.22,217.33,0.0000,1433.55,134.00,0.0000,1691.51,179.65,0.0000,1715.42,160.81,0.0000,1693.69,178.20,0.0000,1433.55,134.00,0.0000,1692.96,262.26,0.0000,1592.24,284.72,0.0000,1743.68,279.65,0.0000,1433.55,134.00,0.0000,1528.47,352.11,0.0000,1433.55,134.00,0.0000,1632.09,331.82,0.0000,1433.55,134.00,0.0000,1586.44,401.38,0.0000,1433.55,134.00,0.0000
197,0,Elm,0.7310,1643.2,240.0,1895.4,513.0,0.9444,1664.33,349.37,0.0000,1690.99,338.71,0.0000,1674.46,328.04,0.0000,1739.51,333.91,0.0000,1699.52,269.93,0.0000,1771.50,332.84,0.0000,1784.83,288.05,0.0000,1632.34,239.00,0.0000,1729.38,400.03,0.0000,1632.34,390.43,0.0000,1685.12,278.46,0.0000,1730.98,464.54,0.0000,1778.43,511.47,0.0000,1647.27,427.75,0.0000,1632.34,438.42,0.0000,1632.34,511.47,0.0000,1632.34,511.47,0.0000
198,0,Elm,0.7311,1435.2,135.5,1805.9,505.8,0.9289,1435.00,135.00,0.0000,1771.76,215.21,0.0000,1435.00,135.00,0.0000,1697.32,135.00,0.0000,1716.11,160.29,0.0000,1691.54,174.75,0.0000,1435.00,135.00,0.0000,1694.43,261.46,0.0000,1585.31,287.48,0.0000,1757.30,266.52,0.0000,1695.16,273.03,0.0000,1529.67,352.52,0.0000,1435.00,135.00,0.0000,1633.01,332.29,0.0000,1435.00,135.00,0.0000,1586.76,406.00,0.0000,1435.00,135.00,0.0000
198,0,Elm,0.7311,1643.3,241.5,1896.7,512.9,0.9456,1665.23,347.39,0.0000,1692.22,339.98,0.0000,1675.29,326.75,0.0000,1740.39,334.69,0.0000,1784.85,265.35,0.0000,1772.15,333.63,0.0000,1813.43,293.93,0.0000,1717.10,400.32,0.0000,1729.80,400.85,0.0000,1633.47,369.62,0.0000,1688.52,258.47,0.0000,1727.16,464.89,0.0000,1777.97,511.47,0.0000,1655.17,432.61,0.0000,1633.47,432.61,0.0000,1633.47,511.47,0.0000,1633.47,511.47,0.0000
199,0,Elm,0.7311,1435.8,136.9,1803.0,505.7,0.9288,1435.00,136.00,0.0000,1771.57,216.72,0.0000,1435.00,136.00,0.0000,1695.89,136.00,0.0000,1715.35,161.95,0.0000,1693.73,179.96,0.0000,1435.00,136.00,0.0000,1693.01,262.84,0.0000,1584.91,289.51,0.0000,1754.99,270.77,0.0000,1435.00,136.00,0.0000,1529.41,352.93,0.0000,1435.00,136.00,0.0000,1633.19,332.03,0.0000,1435.00,136.00,0.0000,1587.07,401.94,0.0000,1435.00,136.00,0.0000
199,0,Elm,0.7311,1644.9,242.2,1895.9,512.3,0.9448,1665.62,350.63,0.0000,1692.52,340.61,0.0000,1671.42,327.43,0.0000,1746.30,330.07,0.0000,1773.20,272.06,0.0000,1780.58,334.29,0.0000,1801.15,289.99,0.0000,1717.83,400.73,0.0000,1691.46,315.83,0.0000,1634.51,391.24,0.0000,1688.30,271.53,0.0000,1745.25,472.45,0.0000,1779.00,511.47,0.0000,1656.13,433.43,0.0000,1634.51,439.23,0.0000,1634.51,511.47,0.0000,1634.51,511.47,0.0000
200,0,Elm,0.7311,1435.3,135.9,1801.3,505.3,0.9305,1433.55,135.00,0.0000,1770.31,215.94,0.0000,1433.55,135.00,0.0000,1695.16,180.53,0.0000,1713.95,161.74,0.0000,1690.10,179.08,0.0000,1433.55,135.00,0.0000,1692.27,262.19,0.0000,1591.09,288.93,0.0000,1754.41,273.75,0.0000,1433.55,135.00,0.0000,1528.22,353.24,0.0000,1433.55,135.00,0.0000,1632.29,332.29,0.0000,1433.55,135.00,0.0000,1586.04,400.94,0.0000,1433.55,135.00,0.0000
200,0,Elm,0.7310,1644.4,241.2,1894.9,513.0,0.9478,1664.72,349.91,0.0000,1691.81,339.81,0.0000,1674.28,327.06,0.0000,1745.47,329.72,0.0000,1693.41,271.81,0.0000,1780.53,334.50,0.0000,1801.25,289.88,0.0000,1717.31,400.38,0.0000,1733.78,401.44,0.0000,1633.38,387.09,0.0000,1688.09,272.88,0.0000,1731.12,472.62,0.0000,1778.94,512.47,0.0000,1655.16,433.84,0.0000,1633.38,439.69,0.0000,1633.38,512.47,0.0000,1633.38,512.47,0.0000
201,0,Elm,0.7311,1435.0,135.3,1800.4,504.3,0.9313,1433.56,135.00,0.0000,1770.13,215.72,0.0000,1433.56,135.00,0.0000,1690.13,135.00,0.0000,1713.19,161.67,0.0000,1692.29,178.96,0.0000,1433.56,135.00,0.0000,1692.29,261.84,0.0000,1591.39,287.79,0.0000,1753.55,274.10,0.0000,1433.56,135.00,0.0000,1527.97,351.93,0.0000,1433.56,135.00,0.0000,1631.75,331.75,0.0000,1433.56,135.00,0.0000,1585.63,405.26,0.0000,1433.56,135.00,0.0000
201,0,Elm,0.7311,1644.0,239.8,1895.6,512.5,0.9464,1665.93,348.84,0.0000,1690.99,338.71,0.0000,1674.46,325.91,0.0000,1739.51,328.04,0.0000,1698.99,270.99,0.0000,1772.04,334.98,0.0000,1800.83,288.05,0.0000,1632.34,239.00,0.0000,1729.38,313.65,0.0000,1632.34,390.43,0.0000,1691.52,278.46,0.0000,1744.31,472.54,0.0000,1778.43,511.47,0.0000,1654.20,432.02,0.0000,1632.34,438.42,0.0000,1632.34,511.47,0.0000,1632.34,511.47,0.0000
202,0,Elm,0.7311,1435.0,132.6,1800.6,503.1,0.9300,1432.10,132.00,0.0000,1769.04,205.91,0.0000,1432.10,132.00,0.0000,1802.38,177.65,0.0000,1711.08,151.56,0.0000,1692.96,176.20,0.0000,1432.10,132.00,0.0000,1691.51,260.26,0.0000,1582.82,295.76,0.0000,1753.83,277.65,0.0000,1690.06,271.12,0.0000,1527.03,365.32,0.0000,1488.62,342.86,0.0000,1631.37,336.34,0.0000,1432.10,132.00,0.0000,1584.99,404.45,0.0000,1432.10,132.00,0.0000
202,0,Elm,0.7311,1643.3,241.9,1895.0,512.4,0.9483,1665.23,349.51,0.0000,1692.22,339.45,0.0000,1674.76,326.75,0.0000,1745.68,329.39,0.0000,1773.21,272.76,0.0000,1772.15,333.63,0.0000,1800.73,289.17,0.0000,1633.47,241.00,0.0000,1733.51,321.45,0.0000,1633.47,391.32,0.0000,1688.52,272.76,0.0000,1731.39,472.30,0.0000,1779.03,511.47,0.0000,1655.17,428.37,0.0000,1633.47,438.96,0.0000,1633.47,444.78,0.0000,1633.47,511.47,0.0000
203,0,Elm,0.7311,1432.9,127.1,1786.0,501.2,0.9275,1719.07,222.69,0.0000,1740.26,195.66,0.0000,1718.34,193.47,0.0000,1795.04,160.60,0.0000,1691.32,146.72,0.0000,1694.97,234.38,0.0000,1651.87,173.02,0.0000,1669.40,317.65,0.0000,1556.18,273.09,0.0000,1734.41,292.82,0.0000,1421.77,127.00,0.0000,1583.94,373.17,0.0000,1486.79,339.57,0.0000,1634.34,332.26,0.0000,1421.77,127.00,0.0000,1583.94,400.93,0.0000,1421.77,127.00,0.0000
203,0,Elm,0.7311,1642.9,239.2,1895.8,512.0,0.9400,1666.44,344.72,0.0000,1691.94,338.34,0.0000,1674.94,324.00,0.0000,1750.91,320.28,0.0000,1699.38,262.91,0.0000,1784.38,321.34,0.0000,1792.34,287.88,0.0000,1632.44,239.00,0.0000,1729.12,398.91,0.0000,1632.44,377.12,0.0000,1673.88,358.53,0.0000,1726.47,471.16,0.0000,1778.00,510.47,0.0000,1654.22,427.06,0.0000,1632.44,432.38,0.0000,1632.44,444.06,0.0000,1632.44,510.47,0.0000
204,0,Elm,0.7225,1640.8,241.5,1896.5,510.5,0.9461,1666.79,345.55,0.0000,1692.54,339.25,0.0000,1675.73,323.49,0.0000,1744.55,328.21,0.0000,1701.47,265.17,0.0000,1779.23,341.88,0.0000,1799.72,288.81,0.0000,1713.55,398.09,0.0000,1729.84,314.55,0.0000,1633.70,383.38,0.0000,1687.29,270.42,0.0000,1704.10,470.60,0.0000,1777.65,509.47,0.0000,1655.24,431.72,0.0000,1633.70,432.77,0.0000,1633.70,443.80,0.0000,1633.70,509.47,0.0000
204,0,Elm,0.7311,1429.0,124.7,1766.6,499.8,0.9256,1671.90,230.93,0.0000,1699.00,206.76,0.0000,1671.16,197.97,0.0000,1733.42,168.68,0.0000,1653.59,143.78,0.0000,1408.96,124.00,0.0000,1618.43,175.27,0.0000,1657.25,315.16,0.0000,1523.21,253.64,0.0000,1698.26,290.26,0.0000,1671.90,258.03,0.0000,1577.41,392.07,0.0000,1483.66,341.53,0.0000,1600.85,322.49,0.0000,1408.96,124.00,0.0000,1586.20,397.93,0.0000,1408.96,124.00,0.0000
205,0,Elm,0.7078,1634.4,241.8,1891.7,511.7,0.9396,1669.33,345.94,0.0000,1693.06,340.14,0.0000,1680.41,324.32,0.0000,1744.74,328.54,0.0000,1696.23,264.20,0.0000,1773.75,336.45,0.0000,1806.44,285.30,0.0000,1710.99,399.20,0.0000,1664.06,314.83,0.0000,1627.67,396.04,0.0000,1680.93,280.02,0.0000,1698.34,510.47,0.0000,1772.69,510.47,0.0000,1649.29,432.95,0.0000,1627.67,438.23,0.0000,1627.67,459.32,0.0000,1627.67,510.47,0.0000
205,0,Elm,0.7311,1425.2,114.9,1742.9,480.7,0.9332,1400.70,114.00,0.0000,1664.47,197.64,0.0000,1641.60,186.91,0.0000,1708.08,159.04,0.0000,1629.45,136.16,0.0000,1400.70,114.00,0.0000,1588.70,179.77,0.0000,1664.47,314.87,0.0000,1400.70,114.00,0.0000,1649.46,377.78,0.0000,1600.14,268.41,0.0000,1572.97,375.63,0.0000,1480.76,331.31,0.0000,1616.58,315.59,0.0000,1400.70,114.00,0.0000,1592.27,389.93,0.0000,1541.52,412.80,0.0000
206,0,Elm,0.7076,1632.4,242.8,1893.4,513.2,0.9347,1674.34,340.45,0.0000,1693.40,334.10,0.0000,1684.40,324.04,0.0000,1744.21,317.16,0.0000,1701.34,262.64,0.0000,1764.85,337.27,0.0000,1793.96,285.93,0.0000,1711.39,399.20,0.0000,1726.74,316.10,0.0000,1626.71,398.14,0.0000,1680.17,286.46,0.0000,1697.63,473.30,0.0000,1776.50,512.47,0.0000,1648.41,434.13,0.0000,1626.71,439.96,0.0000,1626.71,464.83,0.0000,1626.71,512.47,0.0000
206,0,Elm,0.7256,1426.4,98.6,1753.1,472.2,0.9260,1402.62,98.00,0.0000,1640.76,162.28,0.0000,1402.62,98.00,0.0000,1691.16,141.83,0.0000,1613.00,121.38,0.0000,1402.62,98.00,0.0000,1575.75,166.66,0.0000,1402.62,98.00,0.0000,1402.62,98.00,0.0000,1629.07,380.69,0.0000,1585.24,263.09,0.0000,1598.39,367.54,0.0000,1474.94,337.59,0.0000,1553.83,302.53,0.0000,1402.62,98.00,0.0000,1601.31,380.69,0.0000,1531.92,389.46,0.0000
207,0,Elm,0.7109,1632.5,243.2,1889.5,512.9,0.9257,1667.20,339.67,0.0000,1685.06,328.11,0.0000,1678.23,316.55,0.0000,1743.38,330.21,0.0000,1705.03,260.86,0.0000,1763.35,338.10,0.0000,1797.50,286.61,0.0000,1715.01,400.62,0.0000,1648.29,330.21,0.0000,1625.70,396.94,0.0000,1625.70,340.72,0.0000,1696.10,511.47,0.0000,1770.18,511.47,0.0000,1655.12,434.24,0.0000,1625.70,439.50,0.0000,1625.70,459.99,0.0000,1625.70,511.47,0.0000
207,0,Elm,0.7254,1428.1,102.2,1753.2,451.6,0.9307,1415.73,102.00,0.0000,1415.73,102.00,0.0000,1415.73,102.00,0.0000,1415.73,102.00,0.0000,1599.09,127.90,0.0000,1415.73,102.00,0.0000,1571.83,167.44,0.0000,1415.73,102.00,0.0000,1415.73,102.00,0.0000,1620.90,371.25,0.0000,1586.82,258.10,0.0000,1579.32,386.93,0.0000,1481.85,350.12,0.0000,1644.08,307.17,0.0000,1415.73,102.00,0.0000,1590.91,400.56,0.0000,1492.76,379.43,0.0000
208,0,Elm,0.7011,1629.2,241.9,1890.3,512.4,0.9306,1623.71,241.00,0.0000,1684.58,327.28,0.0000,1677.17,315.10,0.0000,1742.27,328.86,0.0000,1703.63,262.70,0.0000,1756.56,342.62,0.0000,1803.67,289.17,0.0000,1713.69,398.73,0.0000,1647.00,324.63,0.0000,1623.71,394.50,0.0000,1623.71,370.68,0.0000,1695.16,482.36,0.0000,1776.67,511.47,0.0000,1664.46,433.66,0.0000,1623.71,438.96,0.0000,1623.71,445.31,0.0000,1623.71,511.47,0.0000
208,0,Elm,0.7304,1428.1,107.9,1757.2,460.1,0.9360,1415.59,107.00,0.0000,1415.59,107.00,0.0000,1415.59,107.00,0.0000,1415.59,107.00,0.0000,1597.61,137.34,0.0000,1415.59,107.00,0.0000,1568.65,183.53,0.0000,1415.59,107.00,0.0000,1415.59,107.00,0.0000,1616.91,380.71,0.0000,1415.59,107.00,0.0000,1581.06,395.19,0.0000,1482.47,355.20,0.0000,1636.90,319.35,0.0000,1415.59,107.00,0.0000,1581.06,408.29,0.0000,1493.50,373.13,0.0000
209,0,Elm,0.7096,1631.5,242.0,1889.1,512.6,0.9243,1666.99,334.16,0.0000,1690.81,326.22,0.0000,1677.58,311.93,0.0000,1743.21,322.51,0.0000,1624.65,241.00,0.0000,1757.50,342.10,0.0000,1792.44,289.17,0.0000,1715.16,399.79,0.0000,1647.94,320.39,0.0000,1624.65,391.32,0.0000,1624.65,361.15,0.0000,1696.10,479.18,0.0000,1777.62,511.47,0.0000,1646.35,432.08,0.0000,1624.65,432.08,0.0000,1624.65,444.78,0.0000,1624.65,511.47,0.0000
209,0,Elm,0.7093,1427.5,108.3,1741.2,456.2,0.9299,1409.33,108.00,0.0000,1409.33,108.00,0.0000,1409.33,108.00,0.0000,1679.16,164.41,0.0000,1588.77,146.06,0.0000,1409.33,108.00,0.0000,1560.22,192.28,0.0000,1409.33,108.00,0.0000,1409.33,108.00,0.0000,1409.33,108.00,0.0000,1409.33,108.00,0.0000,1572.45,392.11,0.0000,1475.94,356.09,0.0000,1620.03,326.86,0.0000,1409.33,108.00,0.0000,1594.88,405.02,0.0000,1497.69,385.31,0.0000
210,0,Elm,0.7311,1626.9,239.1,1884.5,513.9,0.9165,1672.56,305.89,0.0000,1691.29,298.94,0.0000,1688.08,283.95,0.0000,1744.80,314.46,0.0000,1738.38,249.70,0.0000,1763.00,333.19,0.0000,1822.94,293.05,0.0000,1709.48,400.08,0.0000,1649.55,323.02,0.0000,1632.96,391.52,0.0000,1618.51,370.65,0.0000,1690.75,472.33,0.0000,1773.17,512.46,0.0000,1618.51,428.45,0.0000,1618.51,439.15,0.0000,1618.51,512.46,0.0000,1618.51,512.46,0.0000
210,0,Elm,0.7111,1425.1,111.0,1726.8,461.4,0.9373,1400.39,111.00,0.0000,1400.39,111.00,0.0000,1400.39,111.00,0.0000,1672.46,167.05,0.0000,1584.96,140.39,0.0000,1400.39,111.00,0.0000,1560.35,187.56,0.0000,1400.39,111.00,0.0000,1400.39,111.00,0.0000,1597.95,400.16,0.0000,1400.39,111.00,0.0000,1564.45,396.74,0.0000,1477.64,357.09,0.0000,1619.82,321.55,0.0000,1400.39,111.00,0.0000,1587.01,409.73,0.0000,1491.99,389.91,0.0000
211,0,Elm,0.6982,1424.5,113.6,1721.8,461.7,0.9378,1398.17,113.00,0.0000,1398.17,113.00,0.0000,1398.17,113.00,0.0000,1398.17,113.00,0.0000,1593.92,138.15,0.0000,1398.17,113.00,0.0000,1557.22,187.77,0.0000,1398.17,113.00,0.0000,1398.17,113.00,0.0000,1398.17,113.00,0.0000,1398.17,113.00,0.0000,1560.62,397.11,0.0000,1474.98,361.09,0.0000,1616.35,331.18,0.0000,1398.17,113.00,0.0000,1561.30,410.02,0.0000,1398.17,113.00,0.0000
211,0,Elm,0.6631,1632.1,230.4,1880.9,514.3,0.9132,1685.80,276.04,0.0000,1704.11,270.49,0.0000,1703.00,251.08,0.0000,1745.16,298.23,0.0000,1768.45,230.00,0.0000,1736.84,335.39,0.0000,1826.70,298.78,0.0000,1686.36,399.73,0.0000,1827.80,426.36,0.0000,1614.25,398.07,0.0000,1675.82,271.05,0.0000,1686.36,471.29,0.0000,1772.34,513.45,0.0000,1647.53,417.48,0.0000,1807.84,455.20,0.0000,1614.25,443.55,0.0000,1614.25,513.45,0.0000
212,0,Elm,0.6736,1424.8,116.6,1718.6,458.7,0.9359,1399.95,116.00,0.0000,1399.95,116.00,0.0000,1399.95,116.00,0.0000,1399.95,116.00,0.0000,1579.64,141.38,0.0000,1399.95,116.00,0.0000,1548.91,190.81,0.0000,1399.95,116.00,0.0000,1399.95,116.00,0.0000,1399.95,116.00,0.0000,1399.95,116.00,0.0000,1581.64,417.25,0.0000,1474.77,373.84,0.0000,1651.78,366.49,0.0000,1399.95,116.00,0.0000,1595.00,431.28,0.0000,1399.95,116.00,0.0000
212,0,Elm,0.5951,1635.4,205.7,1877.0,509.4,0.9109,1723.47,225.19,0.0000,1730.59,229.94,0.0000,1775.72,224.00,0.0000,1743.66,259.03,0.0000,1810.16,232.31,0.0000,1729.41,300.00,0.0000,1823.81,301.19,0.0000,1689.03,389.66,0.0000,1832.12,397.97,0.0000,1706.25,294.66,0.0000,1604.12,378.97,0.0000,1679.53,472.19,0.0000,1760.88,508.41,0.0000,1604.12,205.00,0.0000,1659.94,427.06,0.0000,1604.12,454.97,0.0000,1604.12,508.41,0.0000
213,0,Elm,0.6833,1423.0,118.0,1710.0,460.5,0.9348,1395.28,118.00,0.0000,1395.28,118.00,0.0000,1395.28,118.00,0.0000,1395.28,118.00,0.0000,1587.66,142.71,0.0000,1395.28,118.00,0.0000,1552.25,191.48,0.0000,1395.28,118.00,0.0000,1395.28,118.00,0.0000,1395.28,118.00,0.0000,1554.26,281.65,0.0000,1577.64,419.25,0.0000,1518.86,375.84,0.0000,1652.45,361.14,0.0000,1395.28,118.00,0.0000,1598.34,459.33,0.0000,1395.28,118.00,0.0000
213,0,Elm,0.6778,1617.7,181.6,1881.2,502.7,0.8866,1744.90,217.99,0.0000,1754.30,202.32,0.0000,1829.54,209.21,0.0000,1746.15,221.75,0.0000,1588.16,181.00,0.0000,1736.75,275.67,0.0000,1822.01,291.97,0.0000,1670.29,359.05,0.0000,1818.88,382.88,0.0000,1588.16,412.97,0.0000,1588.16,371.59,0.0000,1659.01,467.52,0.0000,1743.02,486.33,0.0000,1657.12,370.97,0.0000,1660.89,372.85,0.0000,1588.16,444.95,0.0000,1588.16,501.37,0.0000
214,0,Elm,0.7231,1421.5,117.9,1707.1,466.9,0.9344,1389.64,117.00,0.0000,1605.04,183.12,0.0000,1389.64,117.00,0.0000,1389.64,117.00,0.0000,1579.14,142.90,0.0000,1389.64,117.00,0.0000,1550.51,192.66,0.0000,1389.64,117.00,0.0000,1389.64,117.00,0.0000,1389.64,117.00,0.0000,1389.64,117.00,0.0000,1575.73,414.88,0.0000,1515.75,379.43,0.0000,1641.17,348.08,0.0000,1389.64,117.00,0.0000,1576.41,465.32,0.0000,1485.76,388.29,0.0000
214,0,Elm,0.6957,1606.5,136.8,1883.1,504.6,0.8301,1846.06,189.19,0.0000,1765.56,180.56,0.0000,1846.06,208.59,0.0000,1764.84,189.91,0.0000,1560.00,136.00,0.0000,1731.78,246.69,0.0000,1815.16,292.69,0.0000,1654.16,323.59,0.0000,1801.50,377.50,0.0000,1560.00,396.19,0.0000,1560.00,331.50,0.0000,1652.72,452.25,0.0000,1732.50,473.09,0.0000,1649.84,371.75,0.0000,1790.00,396.19,0.0000,1589.47,437.88,0.0000,1560.00,503.28,0.0000
215,0,Elm,0.7094,1421.9,121.3,1706.0,463.3,0.9335,1391.61,121.00,0.0000,1602.69,193.14,0.0000,1391.61,121.00,0.0000,1391.61,121.00,0.0000,1571.29,146.38,0.0000,1391.61,121.00,0.0000,1549.25,194.48,0.0000,1391.61,121.00,0.0000,1391.61,121.00,0.0000,1586.66,403.55,0.0000,1391.61,121.00,0.0000,1573.30,413.57,0.0000,1467.09,370.15,0.0000,1606.03,326.73,0.0000,1391.61,121.00,0.0000,1574.63,421.59,0.0000,1479.78,392.86,0.0000
215,0,Elm,0.6751,1607.5,129.1,1894.5,507.4,0.8596,1882.38,222.02,0.0000,1877.95,196.18,0.0000,1872.78,213.90,0.0000,1797.48,175.51,0.0000,1823.32,241.22,0.0000,1754.66,225.71,0.0000,1810.77,285.52,0.0000,1657.94,310.62,0.0000,1773.11,376.32,0.0000,1826.27,264.11,0.0000,1832.18,303.97,0.0000,1618.81,413.98,0.0000,1694.12,468.61,0.0000,1618.07,398.47,0.0000,1561.23,129.00,0.0000,1725.86,506.26,0.0000,1736.94,475.25,0.0000
216,0,Elm,0.7106,1423.5,125.5,1704.4,461.9,0.9404,1395.44,125.00,0.0000,1602.81,203.09,0.0000,1395.44,125.00,0.0000,1395.44,125.00,0.0000,1572.62,149.94,0.0000,1395.44,125.00,0.0000,1550.31,197.19,0.0000,1395.44,125.00,0.0000,1395.44,125.00,0.0000,1587.06,410.47,0.0000,1550.97,279.88,0.0000,1573.94,399.31,0.0000,1469.59,369.78,0.0000,1615.28,322.53,0.0000,1395.44,125.00,0.0000,1575.25,411.12,0.0000,1482.06,392.09,0.0000
216,0,Elm,0.7199,1606.3,126.1,1917.6,508.4,0.8566,1914.14,225.23,0.0000,1895.48,200.61,0.0000,1885.79,217.02,0.0000,1835.05,172.26,0.0000,1828.34,239.41,0.0000,1776.86,231.20,0.0000,1823.11,293.87,0.0000,1764.92,302.82,0.0000,1767.90,378.18,0.0000,1848.48,387.13,0.0000,1788.05,343.86,0.0000,1622.41,423.69,0.0000,1693.29,468.46,0.0000,1749.25,402.05,0.0000,1784.32,406.53,0.0000,1726.12,507.25,0.0000,1736.57,483.38,0.0000
217,0,Elm,0.7279,1424.1,127.3,1701.3,463.8,0.9430,1395.12,127.00,0.0000,1607.75,207.06,0.0000,1395.12,127.00,0.0000,1395.12,127.00,0.0000,1584.12,151.28,0.0000,1395.12,127.00,0.0000,1550.00,188.69,0.0000,1395.12,127.00,0.0000,1395.12,127.00,0.0000,1588.72,401.31,0.0000,1395.12,127.00,0.0000,1572.97,401.31,0.0000,1498.16,371.78,0.0000,1605.78,324.53,0.0000,1395.12,127.00,0.0000,1574.94,404.59,0.0000,1481.09,388.19,0.0000
217,0,Elm,0.7273,1601.8,120.7,1912.8,520.5,0.8663,1918.19,250.47,0.0000,1905.69,219.22,0.0000,1887.72,237.97,0.0000,1868.19,191.09,0.0000,1826.00,248.12,0.0000,1776.00,235.62,0.0000,1821.31,305.94,0.0000,1744.75,312.97,0.0000,1736.94,391.09,0.0000,1956.47,241.09,0.0000,1793.97,370.78,0.0000,1617.41,411.41,0.0000,1679.12,470.00,0.0000,1730.69,406.72,0.0000,1796.31,404.38,0.0000,1731.47,487.97,0.0000,1733.03,494.22,0.0000
218,0,Elm,0.7247,1424.5,131.9,1698.3,463.4,0.9379,1395.47,131.00,0.0000,1610.75,214.00,0.0000,1580.92,205.57,0.0000,1395.47,131.00,0.0000,1582.22,154.99,0.0000,1395.47,131.00,0.0000,1557.58,191.95,0.0000,1395.47,131.00,0.0000,1395.47,131.00,0.0000,1592.59,401.40,0.0000,1395.47,131.00,0.0000,1571.20,402.05,0.0000,1509.59,372.87,0.0000,1604.27,320.99,0.0000,1395.47,131.00,0.0000,1573.14,402.05,0.0000,1479.77,389.08,0.0000
218,0,Elm,0.7201,1601.3,125.0,1905.4,516.1,0.8408,1898.83,282.32,0.0000,1898.83,259.41,0.0000,1881.27,265.52,0.0000,1861.41,218.93,0.0000,1820.94,267.04,0.0000,1770.54,253.30,0.0000,1804.90,322.03,0.0000,1711.73,323.55,0.0000,1710.97,404.50,0.0000,1868.29,324.32,0.0000,1789.63,383.88,0.0000,1611.69,408.32,0.0000,1661.33,467.89,0.0000,1617.04,406.79,0.0000,1791.15,406.79,0.0000,1728.53,472.47,0.0000,1729.30,488.51,0.0000
219,0,Elm,0.7027,1425.2,136.1,1697.4,463.3,0.9322,1396.90,136.00,0.0000,1612.77,219.03,0.0000,1584.03,210.09,0.0000,1396.90,136.00,0.0000,1580.84,156.44,0.0000,1396.90,136.00,0.0000,1556.57,190.29,0.0000,1396.90,136.00,0.0000,1396.90,136.00,0.0000,1588.50,402.33,0.0000,1396.90,136.00,0.0000,1570.62,402.96,0.0000,1509.30,374.22,0.0000,1610.85,327.60,0.0000,1396.90,136.00,0.0000,1571.89,402.96,0.0000,1479.93,387.64,0.0000
219,0,Elm,0.6995,1599.7,131.3,1896.6,514.4,0.8520,1895.97,309.04,0.0000,1896.72,282.85,0.0000,1882.51,291.08,0.0000,1859.32,243.21,0.0000,1820.42,288.09,0.0000,1771.05,265.65,0.0000,1795.74,326.24,0.0000,1817.43,341.95,0.0000,1699.24,403.29,0.0000,1857.08,352.42,0.0000,1782.27,384.59,0.0000,1613.21,407.78,0.0000,1650.62,459.39,0.0000,1613.21,405.53,0.0000,1789.75,407.03,0.0000,1724.67,484.83,0.0000,1728.41,486.32,0.0000
220,0,Elm,0.6725,1599.1,137.7,1896.7,511.4,0.8689,1561.02,137.00,0.0000,1904.34,315.96,0.0000,1880.23,315.96,0.0000,1886.80,265.56,0.0000,1826.91,301.36,0.0000,1783.08,265.56,0.0000,1795.50,327.65,0.0000,1761.16,395.59,0.0000,1695.42,382.44,0.0000,1855.39,371.48,0.0000,1788.19,375.13,0.0000,1617.26,418.23,0.0000,1634.79,445.99,0.0000,1773.58,406.54,0.0000,1788.19,405.81,0.0000,1734.87,486.89,0.0000,1735.60,487.62,0.0000
220,0,Elm,0.6819,1425.5,141.6,1688.2,463.7,0.9335,1396.07,141.00,0.0000,1609.90,229.05,0.0000,1582.23,218.36,0.0000,1661.47,179.36,0.0000,1396.07,141.00,0.0000,1396.07,141.00,0.0000,1553.93,194.46,0.0000,1396.07,141.00,0.0000,1396.07,141.00,0.0000,1588.52,398.22,0.0000,1396.07,141.00,0.0000,1567.13,403.25,0.0000,1512.42,370.55,0.0000,1598.58,322.12,0.0000,1396.07,141.00,0.0000,1568.39,403.88,0.0000,1479.09,383.76,0.0000
221,0,Elm,0.7148,1598.8,145.2,1912.4,511.4,0.8658,1874.64,374.46,0.0000,1887.51,346.59,0.0000,1873.93,348.02,0.0000,1891.09,287.97,0.0000,1826.04,318.71,0.0000,1796.01,270.81,0.0000,1788.15,345.87,0.0000,1769.56,414.50,0.0000,1683.78,374.46,0.0000,1858.20,412.35,0.0000,1781.00,386.62,0.0000,1643.04,429.51,0.0000,1643.75,456.67,0.0000,1770.28,408.78,0.0000,1781.00,408.78,0.0000,1732.39,510.29,0.0000,1732.39,493.84,0.0000
221,0,Elm,0.6686,1426.9,145.5,1689.2,465.0,0.9328,1398.59,145.00,0.0000,1610.42,232.85,0.0000,1581.14,222.88,0.0000,1656.53,182.38,0.0000,1398.59,145.00,0.0000,1398.59,145.00,0.0000,1554.35,197.96,0.0000,1398.59,145.00,0.0000,1398.59,145.00,0.0000,1591.73,404.81,0.0000,1398.59,145.00,0.0000,1567.43,399.20,0.0000,1513.85,376.77,0.0000,1607.31,320.08,0.0000,1398.59,145.00,0.0000,1569.30,405.43,0.0000,1480.83,385.50,0.0000
222,0,Elm,0.7300,1597.9,146.4,1924.0,510.0,0.8845,1859.32,393.44,0.0000,1876.34,372.88,0.0000,1861.45,368.62,0.0000,1895.48,306.94,0.0000,1819.62,341.68,0.0000,1816.79,276.45,0.0000,1779.21,346.64,0.0000,1773.54,435.97,0.0000,1669.32,372.88,0.0000,1746.60,508.29,0.0000,1772.83,383.51,0.0000,1649.46,434.56,0.0000,1632.45,444.48,0.0000,1769.28,414.00,0.0000,1774.25,413.29,0.0000,1726.74,508.29,0.0000,1727.45,508.29,0.0000
222,0,Elm,0.7151,1427.3,146.5,1686.3,466.1,0.9345,1397.00,146.00,0.0000,1609.50,236.00,0.0000,1580.75,224.75,0.0000,1655.75,183.50,0.0000,1397.00,146.00,0.0000,1397.00,146.00,0.0000,1553.88,198.50,0.0000,1397.00,146.00,0.0000,1397.00,146.00,0.0000,1587.62,402.25,0.0000,1545.75,287.88,0.0000,1565.75,392.88,0.0000,1517.00,374.12,0.0000,1598.25,321.62,0.0000,1397.00,146.00,0.0000,1568.25,406.62,0.0000,1485.12,386.62,0.0000
223,0,Elm,0.7297,1597.5,147.5,1924.7,509.2,0.8872,1841.63,400.12,0.0000,1860.72,387.39,0.0000,1851.53,385.27,0.0000,1905.97,320.93,0.0000,1819.71,344.97,0.0000,1798.50,277.80,0.0000,1779.41,331.54,0.0000,1773.76,407.19,0.0000,1669.82,369.01,0.0000,1794.26,330.12,0.0000,1781.54,383.86,0.0000,1634.47,434.76,0.0000,1633.77,444.66,0.0000,1764.57,414.26,0.0000,1770.22,413.55,0.0000,1737.70,482.84,0.0000,1736.99,484.96,0.0000
223,0,Elm,0.7041,1426.5,144.3,1686.7,465.9,0.5645,1395.91,144.00,0.0000,1609.07,236.79,0.0000,1580.23,226.76,0.0000,1395.91,144.00,0.0000,1395.91,144.00,0.0000,1395.91,144.00,0.0000,1553.27,197.29,0.0000,1395.91,144.00,0.0000,1395.91,144.00,0.0000,1587.75,405.44,0.0000,1395.91,144.00,0.0000,1565.81,394.15,0.0000,1516.28,372.84,0.0000,1605.94,320.17,0.0000,1395.91,144.00,0.0000,1567.69,406.07,0.0000,1484.31,386.00,0.0000
224,0,Elm,0.7189,1599.4,150.9,1916.2,512.3,0.8898,1814.64,366.35,0.0000,1837.27,401.00,0.0000,1823.84,345.14,0.0000,1890.30,350.80,0.0000,1826.66,311.20,0.0000,1804.04,275.85,0.0000,1774.34,333.83,0.0000,1770.10,430.69,0.0000,1671.12,375.54,0.0000,1790.61,357.16,0.0000,1789.90,383.32,0.0000,1645.66,446.25,0.0000,1630.82,446.95,0.0000,1769.39,417.26,0.0000,1767.98,416.55,0.0000,1752.43,488.67,0.0000,1735.46,488.67,0.0000
224,0,Elm,0.7033,1428.8,147.5,1688.1,466.4,0.9379,1398.09,147.00,0.0000,1609.31,234.85,0.0000,1580.65,224.26,0.0000,1398.09,147.00,0.0000,1398.09,147.00,0.0000,1398.09,147.00,0.0000,1554.48,199.96,0.0000,1398.09,147.00,0.0000,1398.09,147.00,0.0000,1588.75,401.83,0.0000,1398.09,147.00,0.0000,1566.94,395.60,0.0000,1508.37,374.41,0.0000,1606.81,322.08,0.0000,1398.09,147.00,0.0000,1568.81,406.81,0.0000,1480.34,386.87,0.0000
225,0,Elm,0.7240,1597.0,149.8,1906.8,509.8,0.8708,1811.86,371.19,0.0000,1833.66,364.16,0.0000,1821.00,343.06,0.0000,1883.58,363.45,0.0000,1823.11,295.25,0.0000,1830.84,284.00,0.0000,1768.27,332.52,0.0000,1799.20,442.20,0.0000,1669.83,374.70,0.0000,1745.77,481.58,0.0000,1783.03,381.03,0.0000,1648.73,439.39,0.0000,1624.83,429.55,0.0000,1761.23,420.41,0.0000,1759.83,414.08,0.0000,1726.78,508.30,0.0000,1727.48,492.83,0.0000
225,0,Elm,0.7147,1428.1,146.9,1687.7,465.5,0.9385,1398.09,146.00,0.0000,1603.70,235.72,0.0000,1575.04,223.26,0.0000,1398.09,146.00,0.0000,1398.09,146.00,0.0000,1398.09,146.00,0.0000,1554.48,193.97,0.0000,1398.09,146.00,0.0000,1398.09,146.00,0.0000,1587.50,405.81,0.0000,1398.09,146.00,0.0000,1566.32,392.10,0.0000,1513.36,373.41,0.0000,1598.71,321.08,0.0000,1398.09,146.00,0.0000,1568.81,406.43,0.0000,1479.71,385.87,0.0000
226,0,Elm,0.7276,1594.9,145.1,1905.5,509.7,0.8772,1805.86,372.50,0.0000,1832.88,374.63,0.0000,1820.08,344.77,0.0000,1883.35,368.23,0.0000,1832.88,307.09,0.0000,1832.88,286.48,0.0000,1771.02,330.55,0.0000,1810.84,441.46,0.0000,1667.94,373.92,0.0000,1745.43,479.85,0.0000,1781.69,383.16,0.0000,1638.08,427.95,0.0000,1621.73,434.35,0.0000,1759.65,419.42,0.0000,1757.52,413.02,0.0000,1726.23,508.29,0.0000,1726.95,492.65,0.0000
226,0,Elm,0.7177,1427.9,146.0,1686.4,465.4,0.9406,1397.00,145.00,0.0000,1602.00,236.25,0.0000,1573.88,222.50,0.0000,1397.00,145.00,0.0000,1397.00,145.00,0.0000,1397.00,145.00,0.0000,1560.75,193.12,0.0000,1397.00,145.00,0.0000,1397.00,145.00,0.0000,1587.62,405.62,0.0000,1397.00,145.00,0.0000,1566.38,391.88,0.0000,1512.62,373.12,0.0000,1606.38,320.62,0.0000,1397.00,145.00,0.0000,1568.25,406.25,0.0000,1479.50,386.25,0.0000
227,0,Elm,0.7271,1595.0,145.8,1908.3,510.3,0.8793,1815.28,380.25,0.0000,1835.96,379.54,0.0000,1823.12,352.45,0.0000,1886.57,373.12,0.0000,1835.96,307.54,0.0000,1835.96,286.87,0.0000,1774.65,331.78,0.0000,1786.77,464.38,0.0000,1670.57,375.98,0.0000,1747.56,481.48,0.0000,1784.63,385.24,0.0000,1640.62,420.18,0.0000,1624.23,435.15,0.0000,1762.53,420.89,0.0000,1759.68,415.19,0.0000,1728.31,509.29,0.0000,1727.60,509.29,0.0000
227,0,Elm,0.7190,1427.9,145.7,1686.9,465.9,0.9400,1397.00,145.00,0.0000,1600.12,233.75,0.0000,1573.88,221.88,0.0000,1655.75,183.75,0.0000,1397.00,145.00,0.0000,1397.00,145.00,0.0000,1553.88,198.12,0.0000,1397.00,145.00,0.0000,1397.00,145.00,0.0000,1587.62,405.62,0.0000,1397.00,145.00,0.0000,1566.38,391.88,0.0000,1512.62,373.12,0.0000,1609.50,320.62,0.0000,1397.00,145.00,0.0000,1568.25,406.88,0.0000,1479.50,385.62,0.0000
228,0,Elm,0.7298,1595.1,146.9,1911.3,513.0,0.8795,1810.04,395.45,0.0000,1833.69,400.46,0.0000,1819.36,381.83,0.0000,1888.17,382.54,0.0000,1824.38,348.85,0.0000,1826.53,294.38,0.0000,1775.63,348.14,0.0000,1793.55,459.96,0.0000,1671.70,380.39,0.0000,1749.11,512.28,0.0000,1786.38,396.16,0.0000,1640.88,422.68,0.0000,1633.71,437.74,0.0000,1741.23,422.68,0.0000,1760.58,422.68,0.0000,1729.04,512.28,0.0000,1729.04,512.28,0.0000
228,0,Elm,0.7284,1425.9,145.5,1686.1,466.0,0.8485,1394.91,145.00,0.0000,1599.92,235.28,0.0000,1572.33,222.12,0.0000,1394.91,145.00,0.0000,1394.91,145.00,0.0000,1394.91,145.00,0.0000,1552.27,198.29,0.0000,1394.91,145.00,0.0000,1394.91,145.00,0.0000,1590.52,406.44,0.0000,1544.75,287.32,0.0000,1564.81,392.65,0.0000,1510.89,373.84,0.0000,1613.71,321.80,0.0000,1394.91,145.00,0.0000,1566.69,406.44,0.0000,1483.31,386.38,0.0000
229,0,Elm,0.7300,1595.0,145.2,1910.1,512.7,0.8771,1810.04,395.16,0.0000,1825.81,410.21,0.0000,1819.36,381.54,0.0000,1888.17,385.13,0.0000,1825.81,347.14,0.0000,1826.53,294.09,0.0000,1775.63,346.42,0.0000,1790.69,438.17,0.0000,1670.98,380.11,0.0000,1765.60,408.78,0.0000,1791.40,396.60,0.0000,1641.59,436.74,0.0000,1633.71,446.05,0.0000,1756.28,421.68,0.0000,1761.30,422.40,0.0000,1739.79,511.28,0.0000,1730.47,495.51,0.0000
229,0,Elm,0.7261,1428.7,145.9,1686.7,465.2,0.9407,1396.75,145.00,0.0000,1599.25,233.75,0.0000,1573.00,221.88,0.0000,1654.88,184.38,0.0000,1578.00,164.38,0.0000,1396.75,145.00,0.0000,1553.62,202.50,0.0000,1396.75,145.00,0.0000,1396.75,145.00,0.0000,1588.00,405.62,0.0000,1545.50,278.75,0.0000,1565.50,391.88,0.0000,1512.38,373.12,0.0000,1609.25,321.25,0.0000,1396.75,145.00,0.0000,1568.00,405.62,0.0000,1479.25,386.25,0.0000
230,0,Elm,0.7271,1429.9,140.3,1696.2,464.3,0.9406,1399.89,140.00,0.0000,1592.90,228.59,0.0000,1570.12,218.47,0.0000,1399.89,140.00,0.0000,1582.77,160.25,0.0000,1399.89,140.00,0.0000,1558.73,198.22,0.0000,1399.89,140.00,0.0000,1399.89,140.00,0.0000,1591.00,398.82,0.0000,1399.89,140.00,0.0000,1570.75,398.82,0.0000,1510.00,370.98,0.0000,1611.88,317.82,0.0000,1512.53,312.76,0.0000,1573.28,407.68,0.0000,1483.42,384.27,0.0000
230,0,Elm,0.7214,1599.1,151.4,1905.9,512.6,0.8625,1807.00,387.20,0.0000,1830.97,389.32,0.0000,1823.21,366.05,0.0000,1884.56,383.68,0.0000,1834.50,335.03,0.0000,1830.97,297.66,0.0000,1773.86,335.03,0.0000,1791.49,449.25,0.0000,1663.16,380.86,0.0000,1763.99,483.09,0.0000,1784.44,390.02,0.0000,1648.36,437.97,0.0000,1625.09,437.97,0.0000,1763.99,423.16,0.0000,1759.76,418.22,0.0000,1739.31,511.29,0.0000,1738.61,489.44,0.0000
231,0,Elm,0.7016,1601.2,247.0,1908.6,509.2,0.9358,1810.26,392.30,0.0000,1830.65,392.90,0.0000,1821.66,360.53,0.0000,1878.02,380.91,0.0000,1825.25,315.55,0.0000,1839.04,299.37,0.0000,1771.89,339.54,0.0000,1807.87,449.87,0.0000,1659.76,379.11,0.0000,1764.69,496.64,0.0000,1782.08,395.90,0.0000,1647.17,427.08,0.0000,1601.00,440.87,0.0000,1765.89,425.28,0.0000,1759.90,421.69,0.0000,1734.71,478.05,0.0000,1734.11,483.45,0.0000
231,0,Elm,0.6880,1427.0,128.4,1701.3,457.9,0.9421,1580.58,230.81,0.0000,1603.07,206.39,0.0000,1578.01,199.33,0.0000,1657.69,167.84,0.0000,1578.65,152.42,0.0000,1400.01,128.00,0.0000,1551.02,198.04,0.0000,1400.01,128.00,0.0000,1492.54,286.72,0.0000,1588.93,396.60,0.0000,1509.25,409.45,0.0000,1574.15,395.96,0.0000,1484.19,367.68,0.0000,1623.63,344.55,0.0000,1533.67,299.57,0.0000,1576.08,408.81,0.0000,1513.11,399.81,0.0000
232,0,Elm,0.7066,1601.8,249.7,1907.2,509.4,0.9489,1809.58,381.08,0.0000,1831.10,382.88,0.0000,1823.93,351.20,0.0000,1882.50,373.91,0.0000,1837.67,304.58,0.0000,1839.46,418.73,0.0000,1779.70,320.72,0.0000,1789.26,464.16,0.0000,1667.34,379.89,0.0000,1764.16,497.62,0.0000,1781.49,394.23,0.0000,1647.02,428.30,0.0000,1601.00,428.89,0.0000,1764.76,418.73,0.0000,1761.17,418.73,0.0000,1734.28,476.71,0.0000,1733.68,487.46,0.0000
232,0,Elm,0.7055,1428.3,120.9,1715.2,459.8,0.9465,1401.52,120.00,0.0000,1604.12,195.48,0.0000,1580.29,186.87,0.0000,1401.52,120.00,0.0000,1580.29,141.85,0.0000,1401.52,120.00,0.0000,1549.83,194.16,0.0000,1401.52,120.00,0.0000,1500.83,308.04,0.0000,1574.33,291.49,0.0000,1498.85,435.83,0.0000,1560.42,390.14,0.0000,1475.67,358.36,0.0000,1623.32,318.63,0.0000,1549.17,310.03,0.0000,1586.91,400.07,0.0000,1510.10,408.68,0.0000
233,0,Elm,0.7097,1602.4,248.9,1909.5,510.3,0.9433,1805.27,393.71,0.0000,1831.65,393.71,0.0000,1822.66,361.33,0.0000,1883.82,381.11,0.0000,1826.25,330.75,0.0000,1839.45,299.57,0.0000,1772.89,340.34,0.0000,1787.88,457.26,0.0000,1660.76,380.51,0.0000,1765.69,506.43,0.0000,1766.89,400.30,0.0000,1602.00,419.49,0.0000,1602.00,437.48,0.0000,1763.29,426.68,0.0000,1759.10,420.69,0.0000,1735.11,487.84,0.0000,1732.71,487.84,0.0000
233,0,Elm,0.7207,1425.1,114.8,1708.4,470.9,0.9437,1388.84,114.00,0.0000,1619.69,177.97,0.0000,1587.70,176.58,0.0000,1388.84,114.00,0.0000,1582.84,132.77,0.0000,1388.84,114.00,0.0000,1388.84,114.00,0.0000,1388.84,114.00,0.0000,1388.84,114.00,0.0000,1581.45,280.88,0.0000,1492.45,416.46,0.0000,1575.88,388.65,0.0000,1479.93,368.48,0.0000,1612.73,309.38,0.0000,1548.07,309.38,0.0000,1590.48,403.95,0.0000,1505.66,408.12,0.0000
234,0,Elm,0.7096,1600.8,251.6,1911.7,511.7,0.9477,1805.92,396.17,0.0000,1832.64,396.17,0.0000,1822.92,362.77,0.0000,1885.49,383.42,0.0000,1827.18,332.39,0.0000,1841.15,425.94,0.0000,1773.12,326.93,0.0000,1787.69,465.42,0.0000,1659.53,381.60,0.0000,1765.22,498.83,0.0000,1783.44,396.78,0.0000,1646.77,430.80,0.0000,1600.00,431.40,0.0000,1762.79,421.08,0.0000,1750.03,421.08,0.0000,1734.85,482.43,0.0000,1734.85,487.29,0.0000
234,0,Elm,0.7238,1428.1,113.5,1707.3,473.4,0.9393,1387.22,113.00,0.0000,1387.22,113.00,0.0000,1387.22,113.00,0.0000,1667.06,154.48,0.0000,1583.39,113.00,0.0000,1387.22,113.00,0.0000,1548.23,190.34,0.0000,1387.22,113.00,0.0000,1387.22,113.00,0.0000,1580.58,291.59,0.0000,1484.25,411.12,0.0000,1576.36,390.03,0.0000,1479.33,369.64,0.0000,1622.06,317.61,0.0000,1387.22,113.00,0.0000,1590.42,400.58,0.0000,1503.23,411.12,0.0000
235,0,Elm,0.7055,1600.7,252.5,1911.0,511.3,0.9479,1806.52,385.03,0.0000,1833.25,396.57,0.0000,1823.53,364.37,0.0000,1880.63,376.52,0.0000,1827.18,334.00,0.0000,1836.89,301.81,0.0000,1773.72,323.07,0.0000,1788.30,455.49,0.0000,1659.53,382.60,0.0000,1765.22,500.44,0.0000,1783.44,397.17,0.0000,1642.52,431.80,0.0000,1600.00,441.52,0.0000,1762.79,422.08,0.0000,1750.03,418.43,0.0000,1734.85,483.43,0.0000,1733.63,487.07,0.0000
235,0,Elm,0.7274,1427.6,111.0,1707.9,476.8,0.9331,1384.23,111.00,0.0000,1384.23,111.00,0.0000,1384.23,111.00,0.0000,1670.81,153.06,0.0000,1589.54,111.00,0.0000,1384.23,111.00,0.0000,1384.23,111.00,0.0000,1384.23,111.00,0.0000,1384.23,111.00,0.0000,1585.26,292.07,0.0000,1484.74,405.42,0.0000,1575.99,391.88,0.0000,1496.15,371.92,0.0000,1613.78,318.45,0.0000,1548.19,315.60,0.0000,1590.25,401.86,0.0000,1503.99,412.55,0.0000
236,0,Elm,0.7107,1600.2,251.9,1910.1,511.0,0.9478,1809.49,382.99,0.0000,1831.89,384.20,0.0000,1823.42,353.93,0.0000,1879.73,383.60,0.0000,1826.45,323.05,0.0000,1826.45,300.65,0.0000,1777.40,321.84,0.0000,1788.30,448.38,0.0000,1659.34,382.39,0.0000,1778.61,390.26,0.0000,1783.46,396.31,0.0000,1642.38,430.22,0.0000,1624.82,440.51,0.0000,1765.90,420.53,0.0000,1759.24,418.11,0.0000,1745.31,479.26,0.0000,1731.39,482.29,0.0000
236,0,Elm,0.7293,1428.5,103.4,1707.7,479.3,0.9301,1379.53,103.00,0.0000,1379.53,103.00,0.0000,1379.53,103.00,0.0000,1671.08,150.73,0.0000,1379.53,103.00,0.0000,1379.53,103.00,0.0000,1379.53,103.00,0.0000,1379.53,103.00,0.0000,1379.53,103.00,0.0000,1601.31,292.47,0.0000,1483.08,406.30,0.0000,1557.25,387.20,0.0000,1508.05,371.78,0.0000,1615.27,315.97,0.0000,1555.78,314.50,0.0000,1591.77,401.89,0.0000,1502.91,409.97,0.0000
237,0,Elm,0.7063,1598.6,251.6,1910.9,510.8,0.9503,1808.23,382.62,0.0000,1832.00,383.84,0.0000,1822.86,353.38,0.0000,1879.53,383.84,0.0000,1825.91,316.20,0.0000,1825.91,299.75,0.0000,1780.81,320.47,0.0000,1786.91,452.70,0.0000,1665.64,382.62,0.0000,1864.30,390.55,0.0000,1782.03,396.03,0.0000,1640.66,421.62,0.0000,1622.98,430.77,0.0000,1764.97,430.77,0.0000,1761.31,420.41,0.0000,1743.64,479.52,0.0000,1733.89,482.56,0.0000
237,0,Elm,0.7286,1428.9,98.6,1712.7,478.9,0.9292,1380.50,98.00,0.0000,1380.50,98.00,0.0000,1380.50,98.00,0.0000,1675.15,154.41,0.0000,1380.50,98.00,0.0000,1380.50,98.00,0.0000,1380.50,98.00,0.0000,1380.50,98.00,0.0000,1380.50,98.00,0.0000,1604.64,291.71,0.0000,1482.18,404.52,0.0000,1559.37,393.39,0.0000,1504.45,383.74,0.0000,1618.74,320.66,0.0000,1550.46,320.66,0.0000,1589.05,407.49,0.0000,1503.70,412.69,0.0000
238,0,Elm,0.7120,1598.9,250.1,1911.0,510.9,0.9509,1808.91,382.66,0.0000,1832.75,383.27,0.0000,1823.58,361.87,0.0000,1879.82,382.66,0.0000,1826.64,322.14,0.0000,1826.64,298.91,0.0000,1781.40,330.70,0.0000,1788.12,448.07,0.0000,1665.86,380.82,0.0000,1868.82,389.38,0.0000,1782.62,395.50,0.0000,1632.85,410.17,0.0000,1623.06,430.34,0.0000,1762.45,427.90,0.0000,1598.00,223.10,0.0000,1744.11,478.64,0.0000,1732.49,481.69,0.0000
238,0,Elm,0.7290,1429.2,97.3,1716.8,480.1,0.9329,1381.12,97.00,0.0000,1381.12,97.00,0.0000,1381.12,97.00,0.0000,1678.10,145.62,0.0000,1381.12,97.00,0.0000,1381.12,97.00,0.0000,1381.12,97.00,0.0000,1657.15,292.24,0.0000,1381.12,97.00,0.0000,1607.04,292.24,0.0000,1482.11,413.42,0.0000,1561.40,392.48,0.0000,1499.32,376.02,0.0000,1621.25,321.41,0.0000,1551.68,321.41,0.0000,1589.83,402.20,0.0000,1506.05,413.42,0.0000
239,0,Elm,0.6969,1599.0,250.3,1912.2,508.9,0.9513,1810.52,382.66,0.0000,1833.14,383.27,0.0000,1824.58,362.48,0.0000,1880.82,382.66,0.0000,1827.64,331.31,0.0000,1827.64,298.91,0.0000,1776.29,330.70,0.0000,1789.12,437.07,0.0000,1658.91,380.82,0.0000,1869.82,389.38,0.0000,1783.62,395.50,0.0000,1633.85,421.17,0.0000,1624.06,430.34,0.0000,1763.45,428.51,0.0000,1599.00,223.10,0.0000,1745.72,478.64,0.0000,1727.99,482.92,0.0000
239,0,Elm,0.7293,1428.6,92.4,1715.2,482.1,0.9318,1376.20,92.00,0.0000,1376.20,92.00,0.0000,1376.20,92.00,0.0000,1679.37,140.75,0.0000,1376.20,92.00,0.0000,1376.20,92.00,0.0000,1556.73,192.55,0.0000,1657.28,305.28,0.0000,1376.20,92.00,0.0000,1606.24,290.81,0.0000,1483.61,406.59,0.0000,1559.02,392.88,0.0000,1496.55,376.88,0.0000,1620.71,320.52,0.0000,1559.02,320.52,0.0000,1588.72,402.78,0.0000,1511.03,414.21,0.0000
240,0,Elm,0.7025,1599.3,250.9,1911.7,507.6,0.9542,1811.06,389.55,0.0000,1833.00,392.59,0.0000,1823.86,367.00,0.0000,1880.53,381.02,0.0000,1826.91,338.36,0.0000,1826.91,298.14,0.0000,1781.20,329.22,0.0000,1788.52,443.78,0.0000,1658.72,378.58,0.0000,1868.95,381.02,0.0000,1776.33,399.91,0.0000,1599.00,419.41,0.0000,1623.98,437.69,0.0000,1762.92,428.55,0.0000,1599.00,221.97,0.0000,1745.25,477.30,0.0000,1730.02,485.22,0.0000
240,0,Elm,0.7303,1427.9,94.8,1716.4,483.1,0.9337,1376.86,94.00,0.0000,1376.86,94.00,0.0000,1376.86,94.00,0.0000,1685.32,141.87,0.0000,1376.86,94.00,0.0000,1376.86,94.00,0.0000,1557.68,194.29,0.0000,1376.86,94.00,0.0000,1376.86,94.00,0.0000,1607.06,292.30,0.0000,1483.98,407.78,0.0000,1559.20,395.63,0.0000,1496.14,377.39,0.0000,1620.74,321.93,0.0000,1552.36,321.93,0.0000,1588.83,403.22,0.0000,1511.33,411.58,0.0000
241,0,Elm,0.6882,1598.6,249.5,1912.1,506.8,0.9523,1806.52,381.47,0.0000,1832.89,381.47,0.0000,1823.69,360.00,0.0000,1880.72,380.86,0.0000,1826.75,328.11,0.0000,1840.86,298.68,0.0000,1781.37,328.11,0.0000,1788.73,447.09,0.0000,1666.07,379.02,0.0000,1870.30,387.60,0.0000,1783.21,394.35,0.0000,1632.96,420.11,0.0000,1623.76,428.69,0.0000,1766.65,428.69,0.0000,1598.00,220.79,0.0000,1745.19,480.21,0.0000,1731.08,483.27,0.0000
241,0,Elm,0.7298,1427.9,94.9,1720.7,482.2,0.9326,1380.02,94.00,0.0000,1380.02,94.00,0.0000,1380.02,94.00,0.0000,1687.69,151.59,0.0000,1380.02,94.00,0.0000,1380.02,94.00,0.0000,1559.62,194.79,0.0000,1658.89,322.10,0.0000,1380.02,94.00,0.0000,1608.12,281.94,0.0000,1482.32,414.55,0.0000,1561.13,394.85,0.0000,1479.29,376.66,0.0000,1616.45,322.10,0.0000,1552.80,321.34,0.0000,1585.38,404.70,0.0000,1507.33,414.55,0.0000
242,0,Elm,0.7028,1598.9,249.7,1912.4,506.6,0.9543,1806.52,388.83,0.0000,1832.89,391.89,0.0000,1824.30,360.62,0.0000,1880.72,380.86,0.0000,1826.75,328.73,0.0000,1840.86,298.06,0.0000,1781.98,322.59,0.0000,1788.12,447.09,0.0000,1658.10,378.40,0.0000,1870.30,388.21,0.0000,1783.21,393.73,0.0000,1632.96,422.56,0.0000,1623.14,428.69,0.0000,1766.65,428.69,0.0000,1598.00,220.79,0.0000,1745.19,480.21,0.0000,1723.11,483.27,0.0000
242,0,Elm,0.7299,1428.4,96.1,1718.2,482.2,0.9266,1379.75,96.00,0.0000,1379.75,96.00,0.0000,1379.75,96.00,0.0000,1685.84,143.50,0.0000,1379.75,96.00,0.0000,1379.75,96.00,0.0000,1379.75,96.00,0.0000,1661.71,307.85,0.0000,1379.75,96.00,0.0000,1623.26,292.02,0.0000,1485.30,407.36,0.0000,1560.69,393.79,0.0000,1498.87,377.21,0.0000,1621.75,316.89,0.0000,1553.90,312.37,0.0000,1584.06,404.35,0.0000,1513.19,414.90,0.0000
243,0,Elm,0.6983,1596.9,248.6,1910.9,507.4,0.9534,1810.04,389.67,0.0000,1831.50,381.70,0.0000,1822.91,360.23,0.0000,1879.34,381.08,0.0000,1825.37,320.37,0.0000,1838.86,297.06,0.0000,1779.37,328.95,0.0000,1786.12,447.32,0.0000,1664.07,379.24,0.0000,1868.30,388.44,0.0000,1781.21,393.96,0.0000,1596.00,406.84,0.0000,1596.00,428.30,0.0000,1764.65,428.92,0.0000,1596.00,221.02,0.0000,1743.19,480.43,0.0000,1729.70,484.73,0.0000
243,0,Elm,0.7302,1425.9,112.6,1715.6,474.3,0.9300,1389.65,112.00,0.0000,1675.29,183.41,0.0000,1656.91,176.34,0.0000,1692.96,155.84,0.0000,1610.95,138.16,0.0000,1389.65,112.00,0.0000,1389.65,112.00,0.0000,1389.65,112.00,0.0000,1389.65,112.00,0.0000,1595.39,401.18,0.0000,1488.63,419.56,0.0000,1560.04,385.62,0.0000,1470.96,370.07,0.0000,1626.50,324.82,0.0000,1547.32,303.61,0.0000,1584.08,407.54,0.0000,1507.02,411.78,0.0000
244,0,Elm,0.6951,1598.4,245.9,1910.4,506.7,0.9516,1811.28,387.59,0.0000,1832.61,389.42,0.0000,1822.86,363.83,0.0000,1879.53,379.06,0.0000,1825.91,326.66,0.0000,1825.91,296.80,0.0000,1772.89,337.02,0.0000,1786.30,444.27,0.0000,1598.00,219.41,0.0000,1775.94,399.17,0.0000,1775.33,397.95,0.0000,1598.00,425.98,0.0000,1598.00,438.78,0.0000,1766.19,426.59,0.0000,1761.31,425.98,0.0000,1743.64,485.70,0.0000,1729.62,486.31,0.0000
244,0,Elm,0.7153,1425.8,126.7,1718.5,461.6,0.9371,1404.06,126.00,0.0000,1676.25,196.66,0.0000,1657.28,189.47,0.0000,1695.22,175.07,0.0000,1621.94,126.00,0.0000,1404.06,126.00,0.0000,1404.06,126.00,0.0000,1645.50,309.86,0.0000,1506.79,293.50,0.0000,1597.08,274.53,0.0000,1560.44,297.43,0.0000,1561.75,386.41,0.0000,1467.53,361.55,0.0000,1623.91,317.71,0.0000,1547.35,294.15,0.0000,1582.69,402.77,0.0000,1519.87,402.77,0.0000
245,0,Elm,0.7006,1599.4,241.5,1909.7,507.8,0.9523,1810.31,388.73,0.0000,1832.11,389.34,0.0000,1822.42,363.91,0.0000,1878.73,383.89,0.0000,1825.45,339.69,0.0000,1835.13,307.60,0.0000,1775.80,339.69,0.0000,1786.09,442.02,0.0000,1599.00,219.20,0.0000,1775.80,422.64,0.0000,1781.85,400.84,0.0000,1599.00,423.85,0.0000,1599.00,437.17,0.0000,1765.50,425.06,0.0000,1760.66,425.06,0.0000,1743.71,484.40,0.0000,1729.18,485.00,0.0000
245,0,Elm,0.7262,1430.0,121.9,1721.5,464.9,0.9241,1404.54,121.00,0.0000,1693.28,196.03,0.0000,1675.86,189.33,0.0000,1704.00,163.21,0.0000,1635.67,139.09,0.0000,1655.09,228.86,0.0000,1404.54,121.00,0.0000,1655.09,273.07,0.0000,1509.05,278.43,0.0000,1719.41,273.07,0.0000,1586.76,311.26,0.0000,1565.32,387.63,0.0000,1469.53,362.17,0.0000,1628.97,322.65,0.0000,1532.50,313.94,0.0000,1586.76,400.36,0.0000,1492.30,387.63,0.0000
246,0,Elm,0.7018,1595.4,242.6,1910.6,507.2,0.9571,1809.72,389.66,0.0000,1832.48,391.50,0.0000,1825.10,369.35,0.0000,1879.24,384.73,0.0000,1825.71,340.44,0.0000,1838.63,310.29,0.0000,1779.57,346.59,0.0000,1785.72,448.10,0.0000,1663.29,377.97,0.0000,1775.26,425.34,0.0000,1781.42,397.04,0.0000,1654.68,439.49,0.0000,1595.00,438.88,0.0000,1764.80,425.96,0.0000,1760.50,420.42,0.0000,1731.58,486.86,0.0000,1729.12,483.17,0.0000
246,0,Elm,0.7227,1439.8,120.6,1740.2,446.0,0.9362,1426.27,120.00,0.0000,1701.96,198.32,0.0000,1426.27,120.00,0.0000,1710.88,158.84,0.0000,1647.21,137.19,0.0000,1664.40,232.06,0.0000,1426.27,120.00,0.0000,1664.40,264.54,0.0000,1510.31,270.27,0.0000,1710.88,272.18,0.0000,1654.85,293.82,0.0000,1567.62,398.88,0.0000,1470.84,336.48,0.0000,1640.20,324.39,0.0000,1526.87,317.38,0.0000,1600.09,398.25,0.0000,1509.04,389.97,0.0000
247,0,Elm,0.7295,1439.5,136.3,1765.6,453.5,0.9496,1696.87,247.43,0.0000,1712.15,225.14,0.0000,1702.60,225.14,0.0000,1722.34,170.38,0.0000,1676.50,155.10,0.0000,1658.03,188.85,0.0000,1439.00,130.91,0.0000,1667.58,258.25,0.0000,1538.96,281.17,0.0000,1439.00,130.91,0.0000,1439.00,130.91,0.0000,1591.18,410.43,0.0000,1476.57,354.39,0.0000,1636.38,335.29,0.0000,1540.24,313.64,0.0000,1580.35,409.79,0.0000,1439.00,130.91,0.0000
247,0,Elm,0.6975,1598.0,246.9,1911.8,508.3,0.9603,1811.35,390.88,0.0000,1833.36,392.72,0.0000,1826.64,365.82,0.0000,1880.43,387.22,0.0000,1826.64,337.09,0.0000,1826.64,313.25,0.0000,1781.40,341.98,0.0000,1783.23,445.90,0.0000,1598.00,220.32,0.0000,1776.51,426.34,0.0000,1782.62,403.72,0.0000,1645.07,441.01,0.0000,1598.00,440.40,0.0000,1765.50,427.56,0.0000,1761.22,425.12,0.0000,1734.33,478.92,0.0000,1722.71,482.58,0.0000
248,0,Elm,0.6904,1599.4,247.0,1913.9,508.3,0.9613,1809.97,391.96,0.0000,1834.50,394.41,0.0000,1825.30,371.11,0.0000,1881.72,391.35,0.0000,1825.91,347.19,0.0000,1859.03,394.41,0.0000,1784.82,328.79,0.0000,1788.50,450.84,0.0000,1678.73,385.83,0.0000,1770.72,428.14,0.0000,1777.46,399.32,0.0000,1658.49,441.64,0.0000,1599.00,428.14,0.0000,1768.88,428.14,0.0000,1763.36,421.40,0.0000,1735.76,488.86,0.0000,1724.11,485.18,0.0000
248,0,Elm,0.7310,1438.0,148.7,1785.2,453.5,0.9413,1713.63,280.54,0.0000,1738.78,256.07,0.0000,1713.63,247.23,0.0000,1740.14,226.16,0.0000,1690.52,188.10,0.0000,1648.38,188.78,0.0000,1437.00,126.25,0.0000,1664.70,336.27,0.0000,1585.17,324.72,0.0000,1734.02,280.54,0.0000,1706.84,319.28,0.0000,1555.27,374.34,0.0000,1437.00,126.25,0.0000,1624.59,375.70,0.0000,1553.91,321.32,0.0000,1574.30,410.36,0.0000,1437.00,126.25,0.0000
249,0,Elm,0.7310,1436.9,147.0,1778.1,448.6,0.9542,1733.91,264.56,0.0000,1750.61,251.20,0.0000,1749.95,251.20,0.0000,1723.23,167.71,0.0000,1701.18,209.79,0.0000,1661.77,187.75,0.0000,1436.00,126.96,0.0000,1661.77,301.30,0.0000,1436.00,126.96,0.0000,1727.90,291.28,0.0000,1436.00,126.96,0.0000,1500.12,351.40,0.0000,1436.00,126.96,0.0000,1630.38,351.40,0.0000,1564.92,351.40,0.0000,1596.31,419.53,0.0000,1436.00,126.96,0.0000
249,0,Elm,0.6971,1600.8,245.0,1911.6,508.7,0.9574,1811.99,392.21,0.0000,1833.86,406.18,0.0000,1827.18,379.46,0.0000,1880.63,391.00,0.0000,1827.18,348.48,0.0000,1846.61,328.43,0.0000,1791.34,318.11,0.0000,1787.69,444.45,0.0000,1751.86,385.53,0.0000,1777.97,425.62,0.0000,1818.06,414.69,0.0000,1653.45,440.20,0.0000,1600.00,426.83,0.0000,1767.65,426.83,0.0000,1762.79,426.83,0.0000,1735.46,475.43,0.0000,1723.91,486.36,0.0000
250,0,Elm,0.7041,1439.8,138.7,1787.7,451.1,0.9599,1726.51,246.75,0.0000,1740.78,220.92,0.0000,1730.59,222.96,0.0000,1692.52,150.91,0.0000,1692.52,188.98,0.0000,1661.26,182.86,0.0000,1439.00,120.33,0.0000,1669.41,274.62,0.0000,1439.00,120.33,0.0000,1715.63,275.30,0.0000,1439.00,120.33,0.0000,1553.87,350.06,0.0000,1439.00,120.33,0.0000,1637.47,350.06,0.0000,1556.59,341.91,0.0000,1439.00,120.33,0.0000,1439.00,120.33,0.0000
250,0,Elm,0.6715,1603.2,246.7,1913.9,507.8,0.9599,1808.86,391.92,0.0000,1835.50,393.73,0.0000,1826.42,360.43,0.0000,1882.73,391.31,0.0000,1819.76,319.87,0.0000,1820.36,297.46,0.0000,1775.56,338.64,0.0000,1786.46,444.59,0.0000,1603.00,221.78,0.0000,1768.90,409.48,0.0000,1785.85,399.18,0.0000,1662.34,443.38,0.0000,1603.00,446.41,0.0000,1765.87,424.61,0.0000,1761.03,425.22,0.0000,1737.41,486.98,0.0000,1725.91,483.34,0.0000
251,0,Elm,0.6307,1441.1,134.1,1775.0,447.7,0.9602,1441.00,123.56,0.0000,1724.77,210.32,0.0000,1441.00,123.56,0.0000,1672.58,145.74,0.0000,1675.84,170.53,0.0000,1647.14,183.58,0.0000,1441.00,123.56,0.0000,1441.00,123.56,0.0000,1566.25,319.27,0.0000,1730.64,284.04,0.0000,1441.00,123.56,0.0000,1569.51,396.89,0.0000,1441.00,123.56,0.0000,1643.23,333.62,0.0000,1441.00,123.56,0.0000,1585.82,409.29,0.0000,1441.00,123.56,0.0000
251,0,Elm,0.6908,1595.9,247.1,1912.0,508.1,0.9621,1804.84,390.19,0.0000,1832.00,395.12,0.0000,1825.83,380.93,0.0000,1879.52,392.04,0.0000,1825.83,342.66,0.0000,1843.73,329.09,0.0000,1782.62,338.34,0.0000,1781.39,446.97,0.0000,1663.51,380.93,0.0000,1767.20,478.45,0.0000,1775.22,410.55,0.0000,1654.87,442.65,0.0000,1595.00,429.07,0.0000,1764.73,426.60,0.0000,1760.41,421.66,0.0000,1732.63,480.91,0.0000,1729.55,484.00,0.0000
252,1,Jok,0.5058,1443.0,127.3,1786.2,451.0,0.9574,1442.00,117.59,0.0000,1714.11,200.91,0.0000,1442.00,117.59,0.0000,1636.17,139.77,0.0000,1661.03,158.58,0.0000,1634.16,200.91,0.0000,1442.00,117.59,0.0000,1666.41,259.36,0.0000,1587.12,319.16,0.0000,1715.45,270.11,0.0000,1442.00,117.59,0.0000,1591.16,411.88,0.0000,1460.81,354.09,0.0000,1650.28,333.27,0.0000,1442.00,117.59,0.0000,1602.58,411.88,0.0000,1442.00,117.59,0.0000
252,0,Elm,0.6922,1597.4,249.3,1914.2,508.3,0.9610,1806.89,390.78,0.0000,1834.75,394.50,0.0000,1825.46,361.68,0.0000,1883.66,388.93,0.0000,1817.41,329.49,0.0000,1828.56,396.36,0.0000,1773.46,350.54,0.0000,1779.03,448.36,0.0000,1669.44,383.35,0.0000,1770.36,411.83,0.0000,1783.98,401.31,0.0000,1657.06,444.03,0.0000,1597.00,429.79,0.0000,1763.55,427.31,0.0000,1759.21,424.22,0.0000,1734.45,482.42,0.0000,1723.30,483.65,0.0000
253,1,Jok,0.5610,1441.4,129.2,1777.6,445.8,0.9574,1441.00,118.50,0.0000,1706.78,200.53,0.0000,1441.00,118.50,0.0000,1718.59,144.75,0.0000,1655.59,158.53,0.0000,1628.03,199.88,0.0000,1441.00,118.50,0.0000,1441.00,118.50,0.0000,1583.41,316.03,0.0000,1776.34,275.34,0.0000,1749.44,289.12,0.0000,1598.50,405.28,0.0000,1456.09,350.16,0.0000,1644.44,329.81,0.0000,1441.00,118.50,0.0000,1598.50,405.28,0.0000,1441.00,118.50,0.0000
253,0,Elm,0.6768,1595.1,246.4,1910.0,506.8,0.9613,1810.33,391.20,0.0000,1838.63,391.20,0.0000,1825.10,364.74,0.0000,1883.54,385.66,0.0000,1816.48,327.21,0.0000,1824.48,313.06,0.0000,1769.73,348.74,0.0000,1775.88,449.64,0.0000,1663.91,380.12,0.0000,1775.88,488.40,0.0000,1780.80,404.12,0.0000,1649.76,441.03,0.0000,1595.00,426.88,0.0000,1760.50,417.65,0.0000,1755.58,420.11,0.0000,1732.20,488.40,0.0000,1730.97,487.79,0.0000
254,0,Elm,0.5904,1439.8,139.4,1775.5,449.9,0.9617,1439.00,125.88,0.0000,1711.34,213.81,0.0000,1439.00,125.88,0.0000,1657.53,149.50,0.0000,1439.00,125.88,0.0000,1439.00,125.88,0.0000,1439.00,125.88,0.0000,1439.00,125.88,0.0000,1439.00,125.88,0.0000,1439.00,125.88,0.0000,1439.00,125.88,0.0000,1596.50,400.84,0.0000,1439.00,125.88,0.0000,1642.44,336.53,0.0000,1542.69,323.41,0.0000,1596.50,403.47,0.0000,1439.00,125.88,0.0000
254,0,Elm,0.7036,1598.5,245.1,1913.9,507.4,0.9649,1813.33,393.89,0.0000,1834.25,392.66,0.0000,1828.10,364.97,0.0000,1886.54,390.20,0.0000,1817.02,326.21,0.0000,1818.87,296.06,0.0000,1770.27,349.59,0.0000,1777.65,444.95,0.0000,1598.00,217.93,0.0000,1773.34,296.06,0.0000,1783.80,397.58,0.0000,1656.45,440.64,0.0000,1598.00,447.41,0.0000,1763.50,423.42,0.0000,1749.96,424.03,0.0000,1745.04,478.17,0.0000,1723.51,488.02,0.0000
255,0,Elm,0.6642,1441.3,144.5,1793.7,449.4,0.9647,1441.00,120.62,0.0000,1720.81,222.38,0.0000,1441.00,120.62,0.0000,1685.06,163.94,0.0000,1441.00,120.62,0.0000,1441.00,120.62,0.0000,1441.00,120.62,0.0000,1653.44,277.38,0.0000,1558.56,322.06,0.0000,1713.25,284.25,0.0000,1441.00,120.62,0.0000,1573.69,354.38,0.0000,1441.00,120.62,0.0000,1648.62,342.00,0.0000,1548.94,327.56,0.0000,1606.00,408.00,0.0000,1441.00,120.62,0.0000
255,0,Elm,0.6732,1600.3,250.9,1914.5,507.4,0.9624,1814.65,394.73,0.0000,1839.18,395.96,0.0000,1835.50,367.14,0.0000,1887.63,393.51,0.0000,1818.33,321.14,0.0000,1820.17,299.68,0.0000,1776.01,350.58,0.0000,1779.08,454.22,0.0000,1668.07,382.47,0.0000,1781.53,401.48,0.0000,1807.90,397.19,0.0000,1659.49,443.18,0.0000,1600.00,443.18,0.0000,1764.97,421.11,0.0000,1760.07,423.56,0.0000,1736.15,489.79,0.0000,1724.50,484.27,0.0000
256,0,Elm,0.5847,1441.4,144.7,1790.5,448.0,0.9618,1441.00,120.82,0.0000,1719.11,222.39,0.0000,1441.00,120.82,0.0000,1682.98,163.77,0.0000,1441.00,120.82,0.0000,1441.00,120.82,0.0000,1441.00,120.82,0.0000,1652.31,267.38,0.0000,1543.93,314.41,0.0000,1710.93,288.51,0.0000,1441.00,120.82,0.0000,1480.54,350.54,0.0000,1441.00,120.82,0.0000,1628.45,340.31,0.0000,1557.56,331.45,0.0000,1593.01,409.16,0.0000,1441.00,120.82,0.0000
256,0,Elm,0.6953,1597.6,247.7,1913.8,508.2,0.9634,1813.02,393.27,0.0000,1837.70,394.51,0.0000,1827.83,366.73,0.0000,1886.46,390.19,0.0000,1817.34,328.47,0.0000,1818.57,295.76,0.0000,1772.90,350.07,0.0000,1777.84,451.29,0.0000,1665.51,380.93,0.0000,1777.84,427.22,0.0000,1783.39,400.68,0.0000,1651.31,429.07,0.0000,1597.00,442.03,0.0000,1763.02,426.60,0.0000,1758.09,427.22,0.0000,1735.25,490.17,0.0000,1730.93,489.55,0.0000
257,0,Elm,0.6275,1441.5,146.7,1787.4,448.6,0.9629,1441.00,124.38,0.0000,1715.37,224.39,0.0000,1441.00,124.38,0.0000,1680.90,165.60,0.0000,1441.00,124.38,0.0000,1441.00,124.38,0.0000,1441.00,124.38,0.0000,1645.09,277.10,0.0000,1547.77,319.00,0.0000,1693.74,284.54,0.0000,1441.00,124.38,0.0000,1488.98,352.11,0.0000,1441.00,124.38,0.0000,1632.92,342.65,0.0000,1557.23,341.30,0.0000,1591.70,420.37,0.0000,1441.00,124.38,0.0000
257,0,Elm,0.6877,1594.6,247.4,1913.0,508.0,0.9639,1812.07,392.79,0.0000,1836.99,393.42,0.0000,1827.02,365.38,0.0000,1886.21,388.43,0.0000,1816.43,326.75,0.0000,1817.67,294.35,0.0000,1774.06,348.56,0.0000,1766.58,445.13,0.0000,1666.90,380.96,0.0000,1787.14,399.65,0.0000,1782.16,399.65,0.0000,1653.81,427.06,0.0000,1628.89,443.26,0.0000,1765.34,428.31,0.0000,1759.11,425.81,0.0000,1742.91,480.64,0.0000,1731.07,485.63,0.0000
258,0,Elm,0.5851,1440.7,148.5,1787.4,450.0,0.9626,1440.00,124.96,0.0000,1440.00,124.96,0.0000,1440.00,124.96,0.0000,1665.69,167.65,0.0000,1440.00,124.96,0.0000,1440.00,124.96,0.0000,1440.00,124.96,0.0000,1644.68,269.99,0.0000,1547.08,318.11,0.0000,1693.47,286.94,0.0000,1440.00,124.96,0.0000,1478.63,353.35,0.0000,1440.00,124.96,0.0000,1637.22,343.19,0.0000,1556.57,342.51,0.0000,1601.98,412.32,0.0000,1440.00,124.96,0.0000
258,0,Elm,0.7037,1597.7,250.4,1913.0,508.0,0.9638,1812.40,394.42,0.0000,1834.62,395.66,0.0000,1827.83,369.12,0.0000,1882.14,391.34,0.0000,1827.21,330.23,0.0000,1827.21,299.38,0.0000,1775.98,351.22,0.0000,1777.22,448.73,0.0000,1666.12,382.70,0.0000,1769.81,431.45,0.0000,1777.22,401.83,0.0000,1651.31,430.22,0.0000,1597.00,444.41,0.0000,1763.02,427.75,0.0000,1762.41,424.05,0.0000,1736.48,491.94,0.0000,1732.78,486.38,0.0000
259,0,Elm,0.5570,1440.3,147.7,1786.6,451.7,0.9643,1440.00,125.38,0.0000,1440.00,125.38,0.0000,1440.00,125.38,0.0000,1679.90,167.95,0.0000,1440.00,125.38,0.0000,1440.00,125.38,0.0000,1440.00,125.38,0.0000,1648.82,278.78,0.0000,1440.00,125.38,0.0000,1703.55,286.21,0.0000,1440.00,125.38,0.0000,1478.52,349.73,0.0000,1440.00,125.38,0.0000,1636.65,342.98,0.0000,1546.10,335.54,0.0000,1590.70,411.23,0.0000,1440.00,125.38,0.0000
259,0,Elm,0.6885,1598.9,250.0,1913.1,509.1,0.9649,1812.72,393.58,0.0000,1837.33,395.43,0.0000,1828.71,368.36,0.0000,1882.24,393.58,0.0000,1827.48,330.21,0.0000,1827.48,315.45,0.0000,1777.03,351.13,0.0000,1778.26,448.34,0.0000,1665.68,380.66,0.0000,1765.96,491.40,0.0000,1767.19,407.12,0.0000,1652.14,430.49,0.0000,1598.00,429.88,0.0000,1763.50,420.65,0.0000,1758.58,421.27,0.0000,1734.58,482.17,0.0000,1731.51,485.25,0.0000
260,0,Elm,0.6146,1440.5,147.7,1782.3,450.8,0.9612,1440.00,126.96,0.0000,1440.00,126.96,0.0000,1440.00,126.96,0.0000,1662.43,169.04,0.0000,1440.00,126.96,0.0000,1631.04,201.77,0.0000,1440.00,126.96,0.0000,1641.73,279.93,0.0000,1440.00,126.96,0.0000,1704.52,279.26,0.0000,1440.00,126.96,0.0000,1580.94,350.06,0.0000,1440.00,126.96,0.0000,1641.73,341.38,0.0000,1544.87,334.03,0.0000,1589.62,409.51,0.0000,1440.00,126.96,0.0000
260,0,Elm,0.6866,1597.7,246.1,1914.3,508.7,0.9578,1813.08,393.36,0.0000,1835.37,394.59,0.0000,1828.56,380.35,0.0000,1882.42,392.12,0.0000,1826.08,337.01,0.0000,1828.56,327.73,0.0000,1775.31,348.78,0.0000,1779.03,447.22,0.0000,1657.68,380.97,0.0000,1766.64,418.74,0.0000,1783.98,399.55,0.0000,1651.48,442.27,0.0000,1597.00,428.03,0.0000,1763.55,426.17,0.0000,1762.93,418.74,0.0000,1733.83,489.94,0.0000,1731.35,483.13,0.0000
261,1,Jok,0.5032,1440.6,148.4,1786.5,451.4,0.9644,1440.00,126.38,0.0000,1715.04,226.39,0.0000,1440.00,126.38,0.0000,1679.90,168.95,0.0000,1440.00,126.38,0.0000,1440.00,126.38,0.0000,1440.00,126.38,0.0000,1440.00,126.38,0.0000,1563.67,328.43,0.0000,1721.12,280.45,0.0000,1440.00,126.38,0.0000,1478.52,351.41,0.0000,1440.00,126.38,0.0000,1644.09,343.30,0.0000,1546.77,335.19,0.0000,1601.51,412.23,0.0000,1440.00,126.38,0.0000
261,0,Elm,0.6911,1600.1,248.8,1914.0,508.8,0.9630,1809.74,393.35,0.0000,1835.50,395.19,0.0000,1829.37,381.70,0.0000,1883.34,392.73,0.0000,1823.85,343.67,0.0000,1829.37,314.23,0.0000,1779.69,350.42,0.0000,1779.08,447.32,0.0000,1668.07,382.31,0.0000,1771.11,429.53,0.0000,1778.46,400.71,0.0000,1653.97,428.92,0.0000,1600.00,428.92,0.0000,1764.97,427.08,0.0000,1751.48,423.40,0.0000,1737.38,480.43,0.0000,1725.11,485.95,0.0000
262,0,Elm,0.6246,1440.0,149.5,1785.9,451.1,0.9612,1439.00,127.38,0.0000,1439.00,127.38,0.0000,1439.00,127.38,0.0000,1678.90,169.95,0.0000,1439.00,127.38,0.0000,1651.87,211.17,0.0000,1439.00,127.38,0.0000,1643.09,281.45,0.0000,1439.00,127.38,0.0000,1707.29,269.96,0.0000,1439.00,127.38,0.0000,1570.10,352.41,0.0000,1439.00,127.38,0.0000,1643.09,344.30,0.0000,1545.77,331.46,0.0000,1601.19,409.85,0.0000,1439.00,127.38,0.0000
262,0,Elm,0.6916,1597.7,247.0,1914.9,508.9,0.9623,1813.08,394.59,0.0000,1835.37,395.21,0.0000,1824.84,380.35,0.0000,1882.42,392.74,0.0000,1822.99,346.92,0.0000,1828.56,327.73,0.0000,1775.93,349.40,0.0000,1778.41,446.60,0.0000,1657.68,380.35,0.0000,1766.03,489.94,0.0000,1777.17,405.12,0.0000,1656.44,442.27,0.0000,1597.00,428.03,0.0000,1763.55,426.79,0.0000,1762.31,421.84,0.0000,1736.31,480.65,0.0000,1732.59,481.27,0.0000
263,0,Elm,0.5993,1439.1,149.6,1784.0,452.0,0.9610,1439.00,127.44,0.0000,1712.57,227.84,0.0000,1439.00,127.44,0.0000,1678.21,169.89,0.0000,1439.00,127.44,0.0000,1439.00,127.44,0.0000,1439.00,127.44,0.0000,1439.00,127.44,0.0000,1560.96,324.87,0.0000,1705.84,288.48,0.0000,1439.00,127.44,0.0000,1477.41,351.15,0.0000,1439.00,127.44,0.0000,1635.08,336.32,0.0000,1545.46,330.26,0.0000,1600.72,409.77,0.0000,1439.00,127.44,0.0000
263,0,Elm,0.6839,1599.9,248.7,1913.4,509.1,0.9636,1813.04,393.96,0.0000,1835.11,395.80,0.0000,1828.37,381.70,0.0000,1881.72,393.35,0.0000,1827.75,343.06,0.0000,1828.37,309.94,0.0000,1776.24,350.42,0.0000,1778.08,447.32,0.0000,1659.10,380.47,0.0000,1767.04,433.82,0.0000,1778.08,405.61,0.0000,1599.00,428.92,0.0000,1599.00,441.80,0.0000,1763.97,426.46,0.0000,1759.68,422.79,0.0000,1735.15,480.43,0.0000,1732.08,482.89,0.0000
264,0,Elm,0.6104,1438.9,148.8,1785.9,451.6,0.9612,1438.00,126.31,0.0000,1707.74,226.62,0.0000,1438.00,126.31,0.0000,1678.60,169.01,0.0000,1438.00,126.31,0.0000,1438.00,126.31,0.0000,1438.00,126.31,0.0000,1438.00,126.31,0.0000,1553.89,324.89,0.0000,1706.38,288.29,0.0000,1438.00,126.31,0.0000,1476.63,354.71,0.0000,1438.00,126.31,0.0000,1642.68,343.87,0.0000,1545.08,336.41,0.0000,1600.66,410.28,0.0000,1438.00,126.31,0.0000
264,0,Elm,0.6954,1599.6,247.5,1913.4,508.7,0.9640,1813.65,392.96,0.0000,1838.18,394.19,0.0000,1828.37,380.08,0.0000,1882.34,392.35,0.0000,1827.75,342.06,0.0000,1828.37,308.94,0.0000,1776.85,349.42,0.0000,1778.08,446.32,0.0000,1659.10,380.70,0.0000,1770.11,428.53,0.0000,1778.08,404.00,0.0000,1599.00,427.92,0.0000,1599.00,441.41,0.0000,1763.97,425.46,0.0000,1759.68,421.17,0.0000,1745.57,479.43,0.0000,1732.08,484.95,0.0000
265,0,Elm,0.5612,1438.3,148.5,1785.3,451.4,0.9616,1438.00,126.31,0.0000,1707.74,227.29,0.0000,1438.00,126.31,0.0000,1678.60,167.65,0.0000,1438.00,126.31,0.0000,1438.00,126.31,0.0000,1438.00,126.31,0.0000,1644.03,269.99,0.0000,1438.00,126.31,0.0000,1702.32,287.61,0.0000,1438.00,126.31,0.0000,1476.63,352.00,0.0000,1438.00,126.31,0.0000,1630.48,343.87,0.0000,1545.08,343.87,0.0000,1600.66,412.99,0.0000,1438.00,126.31,0.0000
265,0,Elm,0.6654,1599.0,249.6,1913.5,508.8,0.9642,1809.64,393.58,0.0000,1834.25,395.43,0.0000,1828.10,381.28,0.0000,1882.24,393.58,0.0000,1828.10,343.13,0.0000,1837.94,319.14,0.0000,1783.19,343.75,0.0000,1778.26,446.49,0.0000,1666.29,381.89,0.0000,1765.96,489.56,0.0000,1777.65,405.88,0.0000,1657.68,442.80,0.0000,1598.00,429.26,0.0000,1763.50,426.80,0.0000,1759.19,421.88,0.0000,1734.58,484.63,0.0000,1731.51,484.02,0.0000
266,0,Elm,0.5845,1439.7,147.6,1781.2,450.5,0.9646,1439.00,126.96,0.0000,1710.20,225.82,0.0000,1439.00,126.96,0.0000,1668.78,167.71,0.0000,1439.00,126.96,0.0000,1439.00,126.96,0.0000,1439.00,126.96,0.0000,1439.00,126.96,0.0000,1439.00,126.96,0.0000,1708.19,291.28,0.0000,1439.00,126.96,0.0000,1477.07,349.39,0.0000,1439.00,126.96,0.0000,1622.69,342.05,0.0000,1544.54,341.38,0.0000,1598.64,409.51,0.0000,1439.00,126.96,0.0000
266,0,Elm,0.6965,1597.5,250.1,1913.5,509.1,0.9662,1812.40,395.04,0.0000,1834.00,396.89,0.0000,1827.83,382.70,0.0000,1882.14,395.66,0.0000,1827.83,345.05,0.0000,1827.83,320.36,0.0000,1784.62,351.22,0.0000,1777.84,448.12,0.0000,1669.21,382.70,0.0000,1766.11,491.94,0.0000,1777.22,406.77,0.0000,1631.56,431.45,0.0000,1597.00,444.41,0.0000,1763.02,421.58,0.0000,1762.41,428.37,0.0000,1734.02,480.83,0.0000,1730.93,484.53,0.0000
267,0,Elm,0.6255,1438.9,148.5,1784.5,451.7,0.9626,1438.00,126.38,0.0000,1708.31,226.39,0.0000,1438.00,126.38,0.0000,1677.90,167.60,0.0000,1438.00,126.38,0.0000,1640.73,210.17,0.0000,1438.00,126.38,0.0000,1642.76,280.45,0.0000,1438.00,126.38,0.0000,1706.29,279.78,0.0000,1438.00,126.38,0.0000,1586.67,354.11,0.0000,1438.00,126.38,0.0000,1642.09,343.98,0.0000,1544.10,343.30,0.0000,1600.19,412.23,0.0000,1438.00,126.38,0.0000
267,0,Elm,0.6935,1599.7,246.5,1914.4,509.7,0.9664,1813.72,393.66,0.0000,1835.25,401.65,0.0000,1829.10,381.35,0.0000,1872.16,393.66,0.0000,1829.10,343.21,0.0000,1828.48,366.59,0.0000,1784.19,349.36,0.0000,1778.65,437.95,0.0000,1659.29,378.28,0.0000,1767.57,416.42,0.0000,1784.80,396.12,0.0000,1653.14,437.34,0.0000,1599.00,441.64,0.0000,1763.88,426.26,0.0000,1760.19,421.34,0.0000,1732.51,482.25,0.0000,1724.51,482.87,0.0000
268,0,Elm,0.6535,1438.6,148.7,1783.6,450.7,0.9648,1438.00,126.44,0.0000,1708.21,226.84,0.0000,1438.00,126.44,0.0000,1677.21,168.89,0.0000,1438.00,126.44,0.0000,1438.00,126.44,0.0000,1438.00,126.44,0.0000,1438.00,126.44,0.0000,1438.00,126.44,0.0000,1700.12,292.87,0.0000,1438.00,126.44,0.0000,1485.17,353.52,0.0000,1438.00,126.44,0.0000,1629.37,342.74,0.0000,1544.46,342.74,0.0000,1599.72,411.47,0.0000,1438.00,126.44,0.0000
268,0,Elm,0.6910,1597.2,248.3,1913.3,509.7,0.9670,1813.02,396.12,0.0000,1837.70,402.91,0.0000,1827.83,382.55,0.0000,1882.14,395.51,0.0000,1827.83,350.45,0.0000,1827.21,301.08,0.0000,1783.39,350.45,0.0000,1777.84,439.95,0.0000,1664.89,381.31,0.0000,1769.20,435.01,0.0000,1783.39,401.06,0.0000,1597.00,430.07,0.0000,1597.00,450.44,0.0000,1763.02,427.60,0.0000,1759.32,424.52,0.0000,1735.25,479.45,0.0000,1730.31,485.00,0.0000
269,0,Elm,0.6892,1438.8,148.3,1781.8,450.7,0.9643,1438.00,127.90,0.0000,1707.98,227.72,0.0000,1438.00,127.90,0.0000,1675.82,170.11,0.0000,1438.00,127.90,0.0000,1438.00,127.90,0.0000,1438.00,127.90,0.0000,1438.00,127.90,0.0000,1552.56,324.19,0.0000,1703.29,293.37,0.0000,1438.00,127.90,0.0000,1484.89,353.67,0.0000,1438.00,127.90,0.0000,1628.26,343.62,0.0000,1553.23,342.95,0.0000,1598.78,411.28,0.0000,1438.00,127.90,0.0000
269,0,Elm,0.6916,1597.4,247.7,1912.8,509.9,0.9671,1812.33,395.27,0.0000,1836.94,401.42,0.0000,1827.10,381.12,0.0000,1881.24,394.04,0.0000,1827.10,349.74,0.0000,1827.10,299.91,0.0000,1781.57,349.74,0.0000,1782.80,446.34,0.0000,1665.29,381.12,0.0000,1768.65,432.80,0.0000,1782.80,400.19,0.0000,1597.00,436.49,0.0000,1597.00,448.80,0.0000,1766.19,425.42,0.0000,1760.65,426.03,0.0000,1744.04,480.17,0.0000,1731.12,485.71,0.0000
270,0,Elm,0.6411,1438.2,149.1,1783.0,450.7,0.9643,1438.00,127.44,0.0000,1706.86,227.84,0.0000,1438.00,127.44,0.0000,1677.21,169.89,0.0000,1438.00,127.44,0.0000,1630.04,203.58,0.0000,1438.00,127.44,0.0000,1438.00,127.44,0.0000,1438.00,127.44,0.0000,1704.84,293.87,0.0000,1438.00,127.44,0.0000,1485.17,355.19,0.0000,1438.00,127.44,0.0000,1629.37,344.41,0.0000,1543.79,343.74,0.0000,1599.04,412.47,0.0000,1438.00,127.44,0.0000
270,0,Elm,0.6944,1597.5,249.6,1913.5,510.2,0.9674,1812.40,395.27,0.0000,1834.62,397.74,0.0000,1827.83,382.93,0.0000,1882.14,395.27,0.0000,1827.83,344.66,0.0000,1827.83,315.66,0.0000,1782.16,351.45,0.0000,1788.33,448.35,0.0000,1665.51,381.08,0.0000,1765.49,491.55,0.0000,1776.60,407.62,0.0000,1651.31,444.65,0.0000,1597.00,431.07,0.0000,1762.41,428.60,0.0000,1597.00,424.28,0.0000,1734.02,482.91,0.0000,1731.55,483.53,0.0000
271,0,Elm,0.5503,1438.8,149.0,1783.6,449.7,0.9615,1438.00,126.44,0.0000,1710.23,226.84,0.0000,1438.00,126.44,0.0000,1677.21,168.89,0.0000,1438.00,126.44,0.0000,1630.04,202.58,0.0000,1438.00,126.44,0.0000,1438.00,126.44,0.0000,1566.70,323.20,0.0000,1704.16,292.20,0.0000,1438.00,126.44,0.0000,1476.41,350.15,0.0000,1438.00,126.44,0.0000,1629.37,343.41,0.0000,1438.00,126.44,0.0000,1599.72,411.47,0.0000,1438.00,126.44,0.0000
271,0,Elm,0.6816,1596.3,248.6,1912.6,509.3,0.9657,1811.40,394.89,0.0000,1833.62,408.47,0.0000,1826.83,382.55,0.0000,1881.14,396.12,0.0000,1826.83,344.28,0.0000,1836.70,314.04,0.0000,1787.33,343.66,0.0000,1776.84,443.65,0.0000,1664.51,382.55,0.0000,1764.49,481.91,0.0000,1775.60,411.55,0.0000,1650.31,443.65,0.0000,1596.00,430.07,0.0000,1762.64,430.07,0.0000,1766.34,428.22,0.0000,1733.02,482.53,0.0000,1731.16,484.38,0.0000
272,0,Elm,0.6784,1437.9,150.3,1783.4,451.1,0.9619,1437.00,127.02,0.0000,1707.99,228.39,0.0000,1437.00,127.02,0.0000,1676.90,169.60,0.0000,1437.00,127.02,0.0000,1437.00,127.02,0.0000,1437.00,127.02,0.0000,1437.00,127.02,0.0000,1553.23,325.03,0.0000,1700.55,293.27,0.0000,1437.00,127.02,0.0000,1475.52,354.76,0.0000,1437.00,127.02,0.0000,1623.52,343.95,0.0000,1543.77,343.95,0.0000,1598.51,412.20,0.0000,1437.00,127.02,0.0000
272,0,Elm,0.6910,1599.0,248.5,1913.0,509.5,0.9675,1812.72,396.89,0.0000,1828.10,408.58,0.0000,1828.10,393.20,0.0000,1882.24,395.66,0.0000,1828.10,350.74,0.0000,1828.10,307.68,0.0000,1781.96,343.98,0.0000,1769.04,443.64,0.0000,1665.68,381.51,0.0000,1769.65,435.03,0.0000,1783.80,401.19,0.0000,1598.00,443.03,0.0000,1598.00,443.03,0.0000,1763.50,429.49,0.0000,1759.19,427.03,0.0000,1734.58,481.17,0.0000,1730.28,486.10,0.0000
273,0,Elm,0.6884,1438.3,151.4,1782.9,450.8,0.9631,1438.00,128.16,0.0000,1708.09,228.94,0.0000,1438.00,128.16,0.0000,1676.52,177.88,0.0000,1438.00,128.16,0.0000,1630.16,202.73,0.0000,1438.00,128.16,0.0000,1633.52,280.67,0.0000,1560.28,325.02,0.0000,1700.03,282.02,0.0000,1438.00,128.16,0.0000,1476.30,354.58,0.0000,1438.00,128.16,0.0000,1640.91,344.50,0.0000,1544.16,337.78,0.0000,1587.83,412.36,0.0000,1438.00,128.16,0.0000
273,0,Elm,0.6930,1598.3,247.3,1911.9,509.7,0.9657,1811.35,396.78,0.0000,1832.75,407.17,0.0000,1826.64,392.50,0.0000,1880.43,394.94,0.0000,1826.64,349.09,0.0000,1840.09,313.63,0.0000,1783.23,342.98,0.0000,1777.12,445.68,0.0000,1665.86,380.88,0.0000,1768.56,429.79,0.0000,1782.62,405.33,0.0000,1598.00,428.56,0.0000,1598.00,441.40,0.0000,1766.12,429.18,0.0000,1758.78,426.12,0.0000,1744.11,488.47,0.0000,1730.05,489.09,0.0000
274,0,Elm,0.6552,1438.8,151.1,1785.5,450.7,0.9630,1438.00,126.60,0.0000,1707.74,228.26,0.0000,1438.00,126.60,0.0000,1678.60,169.30,0.0000,1438.00,126.60,0.0000,1438.00,126.60,0.0000,1438.00,126.60,0.0000,1438.00,126.60,0.0000,1553.89,325.18,0.0000,1702.32,288.58,0.0000,1438.00,126.60,0.0000,1476.63,355.00,0.0000,1438.00,126.60,0.0000,1630.48,344.83,0.0000,1554.57,337.38,0.0000,1600.66,409.89,0.0000,1438.00,126.60,0.0000
274,0,Elm,0.6953,1598.0,248.9,1912.8,511.0,0.9664,1811.72,397.50,0.0000,1833.25,404.27,0.0000,1827.10,383.35,0.0000,1881.24,396.27,0.0000,1827.10,345.21,0.0000,1836.94,302.14,0.0000,1774.19,351.36,0.0000,1777.26,447.95,0.0000,1665.29,380.89,0.0000,1765.57,491.63,0.0000,1776.65,402.42,0.0000,1597.00,444.26,0.0000,1597.00,443.64,0.0000,1762.50,427.65,0.0000,1761.88,423.34,0.0000,1734.20,482.40,0.0000,1731.12,484.25,0.0000
275,0,Elm,0.5638,1439.5,151.1,1780.4,450.5,0.9628,1439.00,129.69,0.0000,1712.07,228.92,0.0000,1439.00,129.69,0.0000,1675.44,171.65,0.0000,1439.00,129.69,0.0000,1629.48,212.27,0.0000,1439.00,129.69,0.0000,1640.14,281.54,0.0000,1439.00,129.69,0.0000,1702.74,280.87,0.0000,1439.00,129.69,0.0000,1598.84,408.75,0.0000,1439.00,129.69,0.0000,1645.46,343.48,0.0000,1439.00,129.69,0.0000,1598.18,411.41,0.0000,1439.00,129.69,0.0000
275,0,Elm,0.6964,1595.5,251.0,1913.1,510.3,0.9663,1812.38,396.58,0.0000,1834.12,397.82,0.0000,1827.29,383.54,0.0000,1881.95,396.58,0.0000,1827.29,345.65,0.0000,1827.29,315.84,0.0000,1775.12,345.65,0.0000,1786.92,449.99,0.0000,1667.67,382.91,0.0000,1765.18,429.50,0.0000,1781.95,402.79,0.0000,1650.28,445.64,0.0000,1595.00,431.36,0.0000,1762.07,422.04,0.0000,1762.07,424.53,0.0000,1732.26,493.47,0.0000,1731.02,485.39,0.0000
276,0,Elm,0.5139,1438.5,150.9,1784.3,452.4,0.9666,1438.00,128.38,0.0000,1711.69,229.74,0.0000,1438.00,128.38,0.0000,1677.90,170.27,0.0000,1438.00,128.38,0.0000,1630.60,204.06,0.0000,1438.00,128.38,0.0000,1643.44,281.78,0.0000,1567.75,322.32,0.0000,1713.04,281.78,0.0000,1438.00,128.38,0.0000,1600.19,356.79,0.0000,1438.00,128.38,0.0000,1647.49,345.30,0.0000,1544.10,332.46,0.0000,1584.64,414.23,0.0000,1438.00,128.38,0.0000
276,0,Elm,0.7004,1598.2,247.8,1913.1,511.1,0.9663,1812.72,395.27,0.0000,1834.87,403.27,0.0000,1828.10,381.74,0.0000,1872.39,395.89,0.0000,1828.10,344.21,0.0000,1828.10,314.68,0.0000,1783.19,344.21,0.0000,1778.26,447.57,0.0000,1666.29,379.89,0.0000,1765.96,490.63,0.0000,1777.03,401.42,0.0000,1652.14,443.26,0.0000,1598.00,429.72,0.0000,1763.50,427.26,0.0000,1762.88,420.50,0.0000,1731.51,490.63,0.0000,1723.51,484.48,0.0000
277,0,Elm,0.6360,1437.4,150.1,1786.2,452.2,0.9633,1437.00,126.82,0.0000,1711.02,229.07,0.0000,1437.00,126.82,0.0000,1678.98,169.77,0.0000,1437.00,126.82,0.0000,1437.00,126.82,0.0000,1437.00,126.82,0.0000,1437.00,126.82,0.0000,1553.56,325.86,0.0000,1702.84,289.74,0.0000,1437.00,126.82,0.0000,1475.85,353.13,0.0000,1437.00,126.82,0.0000,1635.36,332.00,0.0000,1554.24,332.00,0.0000,1589.01,415.16,0.0000,1437.00,126.82,0.0000
277,0,Elm,0.6843,1598.6,247.5,1914.7,510.8,0.9665,1807.84,397.59,0.0000,1828.83,408.70,0.0000,1825.74,393.89,0.0000,1883.14,395.12,0.0000,1828.83,350.69,0.0000,1838.70,314.89,0.0000,1782.54,350.69,0.0000,1778.22,448.82,0.0000,1666.51,382.16,0.0000,1766.49,492.02,0.0000,1784.39,406.23,0.0000,1632.56,430.30,0.0000,1598.00,443.27,0.0000,1764.02,427.84,0.0000,1750.45,427.84,0.0000,1735.63,491.41,0.0000,1731.93,485.23,0.0000
278,0,Elm,0.6928,1438.4,150.1,1785.3,451.9,0.9630,1438.00,126.96,0.0000,1707.06,229.29,0.0000,1438.00,126.96,0.0000,1678.60,169.65,0.0000,1438.00,126.96,0.0000,1438.00,126.96,0.0000,1438.00,126.96,0.0000,1438.00,126.96,0.0000,1553.89,324.18,0.0000,1698.93,294.36,0.0000,1438.00,126.96,0.0000,1476.63,355.35,0.0000,1438.00,126.96,0.0000,1630.48,330.96,0.0000,1554.57,337.73,0.0000,1600.66,410.25,0.0000,1438.00,126.96,0.0000
278,0,Elm,0.6973,1598.7,247.1,1914.3,510.1,0.9667,1810.31,397.59,0.0000,1828.83,408.09,0.0000,1825.74,393.89,0.0000,1883.14,394.51,0.0000,1828.21,350.69,0.0000,1842.41,314.27,0.0000,1776.98,351.30,0.0000,1788.71,449.44,0.0000,1666.51,381.55,0.0000,1767.11,498.20,0.0000,1784.39,406.23,0.0000,1632.56,430.30,0.0000,1598.00,443.27,0.0000,1764.02,428.45,0.0000,1759.09,427.84,0.0000,1745.51,491.41,0.0000,1731.93,487.70,0.0000
279,0,Elm,0.6425,1439.3,150.3,1784.9,451.0,0.9622,1439.00,127.09,0.0000,1707.18,228.84,0.0000,1439.00,127.09,0.0000,1678.21,169.54,0.0000,1439.00,127.09,0.0000,1439.00,127.09,0.0000,1439.00,127.09,0.0000,1439.00,127.09,0.0000,1554.22,324.52,0.0000,1705.84,293.53,0.0000,1439.00,127.09,0.0000,1477.41,354.17,0.0000,1439.00,127.09,0.0000,1635.08,343.39,0.0000,1545.46,343.39,0.0000,1600.72,409.42,0.0000,1439.00,127.09,0.0000
279,0,Elm,0.6964,1596.8,247.1,1914.2,510.6,0.9674,1807.17,397.93,0.0000,1828.29,408.48,0.0000,1825.18,394.20,0.0000,1882.95,394.20,0.0000,1827.67,350.72,0.0000,1838.23,309.73,0.0000,1777.98,350.10,0.0000,1788.54,448.86,0.0000,1664.94,381.16,0.0000,1769.29,435.19,0.0000,1782.95,401.65,0.0000,1630.78,430.22,0.0000,1596.00,443.89,0.0000,1766.18,427.12,0.0000,1762.45,427.74,0.0000,1744.44,482.39,0.0000,1731.40,487.98,0.0000
280,0,Elm,0.6693,1438.7,150.2,1785.8,451.4,0.9651,1438.00,126.96,0.0000,1707.74,229.29,0.0000,1438.00,126.96,0.0000,1678.60,169.65,0.0000,1438.00,126.96,0.0000,1631.83,211.00,0.0000,1438.00,126.96,0.0000,1635.22,281.48,0.0000,1438.00,126.96,0.0000,1706.38,288.26,0.0000,1438.00,126.96,0.0000,1476.63,356.03,0.0000,1438.00,126.96,0.0000,1642.68,344.51,0.0000,1554.57,344.51,0.0000,1600.66,413.64,0.0000,1438.00,126.96,0.0000
280,0,Elm,0.6946,1597.7,248.6,1913.3,510.7,0.9666,1806.84,401.06,0.0000,1834.00,408.47,0.0000,1824.12,393.66,0.0000,1882.14,396.12,0.0000,1827.83,350.45,0.0000,1841.41,314.04,0.0000,1782.77,350.45,0.0000,1787.71,446.73,0.0000,1665.51,381.93,0.0000,1765.49,497.96,0.0000,1776.60,410.94,0.0000,1651.31,444.27,0.0000,1597.00,430.07,0.0000,1766.11,430.07,0.0000,1762.41,430.07,0.0000,1734.63,491.17,0.0000,1732.78,490.55,0.0000
281,0,Elm,0.6462,1439.1,150.3,1781.3,451.2,0.9625,1439.00,129.96,0.0000,1710.20,229.49,0.0000,1439.00,129.96,0.0000,1676.13,172.04,0.0000,1439.00,129.96,0.0000,1629.37,204.11,0.0000,1439.00,129.96,0.0000,1642.06,281.59,0.0000,1439.00,129.96,0.0000,1710.86,282.26,0.0000,1439.00,129.96,0.0000,1599.31,409.84,0.0000,1439.00,129.96,0.0000,1646.07,331.02,0.0000,1439.00,129.96,0.0000,1599.31,412.51,0.0000,1439.00,129.96,0.0000
281,0,Elm,0.6790,1594.9,248.3,1914.2,511.4,0.9669,1807.75,398.00,0.0000,1834.00,402.38,0.0000,1827.75,394.25,0.0000,1882.75,395.50,0.0000,1827.75,351.12,0.0000,1837.75,313.62,0.0000,1781.50,351.12,0.0000,1787.12,450.50,0.0000,1667.12,382.38,0.0000,1764.62,493.62,0.0000,1782.75,402.38,0.0000,1641.50,444.88,0.0000,1594.00,430.50,0.0000,1762.12,428.62,0.0000,1761.50,424.25,0.0000,1734.00,492.38,0.0000,1729.62,486.12,0.0000
282,0,Elm,0.6488,1439.1,150.2,1785.0,451.8,0.9649,1439.00,127.02,0.0000,1712.69,228.39,0.0000,1439.00,127.02,0.0000,1678.90,169.60,0.0000,1439.00,127.02,0.0000,1631.60,195.28,0.0000,1439.00,127.02,0.0000,1644.44,281.10,0.0000,1439.00,127.02,0.0000,1714.04,281.10,0.0000,1439.00,127.02,0.0000,1601.19,356.11,0.0000,1439.00,127.02,0.0000,1665.39,335.84,0.0000,1439.00,127.02,0.0000,1601.19,409.50,0.0000,1439.00,127.02,0.0000
282,0,Elm,0.6911,1598.3,247.5,1914.4,511.0,0.9659,1807.84,396.36,0.0000,1828.83,402.53,0.0000,1825.74,382.78,0.0000,1883.14,396.36,0.0000,1828.21,350.69,0.0000,1838.70,429.69,0.0000,1783.16,344.52,0.0000,1779.45,453.14,0.0000,1598.00,221.08,0.0000,1766.49,492.02,0.0000,1783.77,401.91,0.0000,1645.52,443.88,0.0000,1598.00,430.30,0.0000,1767.11,427.84,0.0000,1759.70,421.05,0.0000,1735.63,491.41,0.0000,1731.31,487.70,0.0000
283,0,Elm,0.5984,1438.6,151.3,1787.3,452.6,0.9644,1438.00,126.46,0.0000,1714.06,229.39,0.0000,1438.00,126.46,0.0000,1679.98,169.40,0.0000,1438.00,126.46,0.0000,1632.27,195.31,0.0000,1438.00,126.46,0.0000,1636.36,281.88,0.0000,1438.00,126.46,0.0000,1703.84,281.88,0.0000,1438.00,126.46,0.0000,1438.00,353.45,0.0000,1438.00,126.46,0.0000,1643.86,345.27,0.0000,1545.02,337.77,0.0000,1585.23,414.79,0.0000,1438.00,126.46,0.0000
283,0,Elm,0.6806,1600.1,248.0,1913.9,510.5,0.9674,1813.35,397.16,0.0000,1834.75,401.44,0.0000,1828.64,382.49,0.0000,1875.71,400.22,0.0000,1828.03,344.59,0.0000,1828.64,429.56,0.0000,1784.01,350.70,0.0000,1779.12,447.29,0.0000,1667.25,380.66,0.0000,1766.28,490.70,0.0000,1769.34,400.83,0.0000,1658.69,443.01,0.0000,1600.00,429.56,0.0000,1764.45,427.73,0.0000,1760.17,427.12,0.0000,1732.66,490.70,0.0000,1731.44,490.09,0.0000
284,0,Elm,0.6877,1438.3,151.2,1788.1,452.8,0.9629,1438.00,126.39,0.0000,1710.07,229.61,0.0000,1438.00,126.39,0.0000,1680.68,169.46,0.0000,1438.00,126.39,0.0000,1438.00,126.39,0.0000,1438.00,126.39,0.0000,1438.00,126.39,0.0000,1554.89,323.27,0.0000,1700.50,290.45,0.0000,1438.00,126.39,0.0000,1476.96,354.03,0.0000,1438.00,126.39,0.0000,1632.14,338.30,0.0000,1546.01,338.30,0.0000,1602.06,412.13,0.0000,1438.00,126.39,0.0000
284,0,Elm,0.6981,1600.2,247.7,1913.8,510.9,0.9671,1813.35,397.39,0.0000,1834.75,407.78,0.0000,1828.64,393.72,0.0000,1881.82,395.55,0.0000,1828.64,350.31,0.0000,1842.09,315.47,0.0000,1778.51,350.31,0.0000,1778.51,448.13,0.0000,1659.91,381.49,0.0000,1766.89,434.07,0.0000,1778.51,401.67,0.0000,1634.23,429.79,0.0000,1600.00,442.62,0.0000,1764.45,427.34,0.0000,1760.17,427.34,0.0000,1736.33,490.31,0.0000,1732.66,490.31,0.0000
285,0,Elm,0.6541,1438.6,150.8,1786.0,451.7,0.9633,1438.00,126.89,0.0000,1710.55,228.84,0.0000,1438.00,126.89,0.0000,1664.34,169.71,0.0000,1438.00,126.89,0.0000,1632.39,203.02,0.0000,1438.00,126.89,0.0000,1635.79,281.18,0.0000,1438.00,126.89,0.0000,1703.08,281.86,0.0000,1438.00,126.89,0.0000,1438.00,352.55,0.0000,1438.00,126.89,0.0000,1643.27,345.75,0.0000,1545.39,344.39,0.0000,1584.81,414.40,0.0000,1438.00,126.89,0.0000
285,0,Elm,0.6842,1599.3,248.2,1913.2,510.0,0.9661,1813.04,396.41,0.0000,1835.11,402.55,0.0000,1828.37,392.73,0.0000,1882.34,395.19,0.0000,1828.37,348.58,0.0000,1838.18,314.23,0.0000,1784.21,350.42,0.0000,1778.69,446.09,0.0000,1666.46,381.08,0.0000,1766.43,489.63,0.0000,1784.82,409.91,0.0000,1652.97,441.80,0.0000,1599.00,428.92,0.0000,1763.97,428.92,0.0000,1759.07,427.69,0.0000,1735.15,489.63,0.0000,1732.08,485.95,0.0000
286,0,Elm,0.6735,1438.6,151.4,1785.5,451.7,0.9628,1438.00,127.96,0.0000,1707.06,230.29,0.0000,1438.00,127.96,0.0000,1678.60,170.65,0.0000,1438.00,127.96,0.0000,1438.00,127.96,0.0000,1438.00,127.96,0.0000,1438.00,127.96,0.0000,1559.99,325.18,0.0000,1692.15,289.94,0.0000,1438.00,127.96,0.0000,1476.63,356.35,0.0000,1438.00,127.96,0.0000,1635.22,345.51,0.0000,1545.08,338.05,0.0000,1589.81,414.64,0.0000,1438.00,127.96,0.0000
286,0,Elm,0.6870,1598.8,248.5,1914.0,510.1,0.9672,1812.72,396.89,0.0000,1834.25,407.96,0.0000,1828.10,393.20,0.0000,1881.62,395.04,0.0000,1828.10,350.13,0.0000,1837.94,310.14,0.0000,1782.57,350.74,0.0000,1777.65,447.95,0.0000,1665.68,381.51,0.0000,1767.19,434.42,0.0000,1783.80,406.12,0.0000,1598.00,429.49,0.0000,1598.00,444.26,0.0000,1763.50,429.49,0.0000,1758.58,428.26,0.0000,1735.20,481.17,0.0000,1731.51,486.71,0.0000
287,0,Elm,0.6251,1438.0,152.4,1783.9,452.1,0.9615,1437.00,129.02,0.0000,1707.99,231.07,0.0000,1437.00,129.02,0.0000,1669.47,170.92,0.0000,1437.00,129.02,0.0000,1629.60,197.28,0.0000,1437.00,129.02,0.0000,1640.41,273.64,0.0000,1559.99,323.65,0.0000,1700.55,289.86,0.0000,1437.00,129.02,0.0000,1586.35,357.44,0.0000,1437.00,129.02,0.0000,1641.09,345.95,0.0000,1543.77,332.43,0.0000,1583.64,414.88,0.0000,1437.00,129.02,0.0000
287,0,Elm,0.6887,1598.7,249.1,1915.0,510.9,0.9679,1813.40,397.74,0.0000,1835.62,403.30,0.0000,1828.83,383.55,0.0000,1882.52,394.66,0.0000,1827.59,345.28,0.0000,1828.83,311.34,0.0000,1776.98,354.54,0.0000,1778.22,448.97,0.0000,1658.48,380.46,0.0000,1767.73,436.62,0.0000,1778.22,407.62,0.0000,1598.00,431.07,0.0000,1598.00,444.65,0.0000,1763.41,428.60,0.0000,1759.09,424.90,0.0000,1735.63,482.91,0.0000,1733.16,486.00,0.0000
288,0,Elm,0.6131,1438.0,153.1,1785.8,452.7,0.9609,1438.00,128.60,0.0000,1707.74,230.94,0.0000,1438.00,128.60,0.0000,1678.60,171.30,0.0000,1438.00,128.60,0.0000,1438.00,128.60,0.0000,1438.00,128.60,0.0000,1635.22,273.64,0.0000,1560.67,324.47,0.0000,1702.32,289.22,0.0000,1438.00,128.60,0.0000,1501.71,357.68,0.0000,1438.00,128.60,0.0000,1642.68,338.70,0.0000,1545.08,332.60,0.0000,1589.13,415.28,0.0000,1438.00,128.60,0.0000
288,0,Elm,0.6835,1599.6,250.0,1914.8,511.5,0.9678,1810.03,397.66,0.0000,1835.25,398.27,0.0000,1829.10,384.12,0.0000,1883.24,396.43,0.0000,1829.10,345.98,0.0000,1829.10,316.45,0.0000,1778.03,352.13,0.0000,1779.26,449.95,0.0000,1659.29,382.28,0.0000,1766.96,432.72,0.0000,1778.65,403.19,0.0000,1633.45,431.49,0.0000,1599.00,444.41,0.0000,1764.50,429.03,0.0000,1759.58,425.34,0.0000,1735.58,492.40,0.0000,1724.51,486.25,0.0000
289,0,Elm,0.6275,1438.2,152.9,1787.5,452.0,0.9611,1438.00,127.46,0.0000,1711.34,230.39,0.0000,1438.00,127.46,0.0000,1664.99,178.58,0.0000,1438.00,127.46,0.0000,1632.27,203.12,0.0000,1438.00,127.46,0.0000,1635.68,282.88,0.0000,1438.00,127.46,0.0000,1703.84,282.19,0.0000,1438.00,127.46,0.0000,1502.07,357.17,0.0000,1438.00,127.46,0.0000,1632.27,338.77,0.0000,1545.02,333.32,0.0000,1589.32,413.07,0.0000,1438.00,127.46,0.0000
289,0,Elm,0.6620,1597.8,249.0,1915.6,510.6,0.9645,1808.17,397.06,0.0000,1829.29,407.62,0.0000,1829.29,393.34,0.0000,1874.63,400.79,0.0000,1829.29,350.48,0.0000,1829.29,367.25,0.0000,1783.95,343.03,0.0000,1785.19,448.61,0.0000,1665.94,381.54,0.0000,1766.56,492.09,0.0000,1784.57,401.41,0.0000,1631.78,443.64,0.0000,1597.00,429.98,0.0000,1764.07,420.04,0.0000,1759.11,420.04,0.0000,1734.88,481.53,0.0000,1723.08,484.64,0.0000
290,0,Elm,0.6549,1438.5,152.6,1788.6,452.4,0.9648,1438.00,127.39,0.0000,1711.44,231.30,0.0000,1438.00,127.39,0.0000,1680.68,177.98,0.0000,1438.00,127.39,0.0000,1438.00,127.39,0.0000,1438.00,127.39,0.0000,1636.93,283.25,0.0000,1574.04,327.68,0.0000,1708.70,282.57,0.0000,1438.00,127.39,0.0000,1476.96,358.45,0.0000,1438.00,127.39,0.0000,1632.14,346.82,0.0000,1545.32,333.84,0.0000,1590.44,416.55,0.0000,1438.00,127.39,0.0000
290,0,Elm,0.6940,1599.1,246.6,1914.6,511.1,0.9660,1807.56,394.89,0.0000,1829.10,401.04,0.0000,1826.02,381.97,0.0000,1877.09,396.12,0.0000,1829.10,348.74,0.0000,1844.48,429.34,0.0000,1806.95,338.90,0.0000,1788.49,458.87,0.0000,1667.29,380.12,0.0000,1766.96,498.25,0.0000,1784.80,401.04,0.0000,1633.45,445.95,0.0000,1599.00,429.96,0.0000,1767.57,421.34,0.0000,1768.80,407.19,0.0000,1734.97,491.48,0.0000,1731.89,490.25,0.0000
291,0,Elm,0.6865,1438.7,152.3,1789.6,453.2,0.9642,1438.00,127.32,0.0000,1710.85,231.52,0.0000,1438.00,127.32,0.0000,1681.37,178.74,0.0000,1438.00,127.32,0.0000,1634.07,202.04,0.0000,1438.00,127.32,0.0000,1637.49,283.62,0.0000,1569.62,328.19,0.0000,1705.36,282.94,0.0000,1438.00,127.32,0.0000,1477.08,354.92,0.0000,1438.00,127.32,0.0000,1637.49,339.15,0.0000,1529.18,333.67,0.0000,1577.17,417.31,0.0000,1438.00,127.32,0.0000
291,0,Elm,0.6846,1600.4,247.7,1914.9,511.9,0.9658,1807.90,395.41,0.0000,1829.37,401.55,0.0000,1826.30,382.54,0.0000,1872.30,397.25,0.0000,1829.37,340.22,0.0000,1829.37,429.76,0.0000,1790.12,339.61,0.0000,1600.00,222.47,0.0000,1667.46,381.92,0.0000,1766.81,491.09,0.0000,1785.21,401.55,0.0000,1659.49,443.86,0.0000,1600.00,430.98,0.0000,1764.97,427.92,0.0000,1760.68,428.53,0.0000,1732.47,491.09,0.0000,1724.50,484.95,0.0000
292,0,Elm,0.6489,1437.9,152.1,1790.5,453.7,0.9621,1437.00,125.80,0.0000,1710.71,231.29,0.0000,1437.00,125.80,0.0000,1681.76,183.71,0.0000,1437.00,125.80,0.0000,1437.00,125.80,0.0000,1437.00,125.80,0.0000,1636.25,274.72,0.0000,1554.90,322.98,0.0000,1437.00,125.80,0.0000,1437.00,125.80,0.0000,1476.30,358.15,0.0000,1437.00,125.80,0.0000,1634.18,347.12,0.0000,1555.59,333.33,0.0000,1590.06,413.99,0.0000,1437.00,125.80,0.0000
292,0,Elm,0.7022,1601.7,248.2,1915.1,511.6,0.9671,1809.52,395.80,0.0000,1830.37,397.03,0.0000,1830.37,382.92,0.0000,1877.59,396.41,0.0000,1830.37,339.99,0.0000,1830.37,368.20,0.0000,1785.60,344.29,0.0000,1780.69,452.84,0.0000,1661.10,380.47,0.0000,1768.43,491.47,0.0000,1786.21,401.32,0.0000,1635.34,443.64,0.0000,1601.00,443.64,0.0000,1765.97,427.69,0.0000,1752.48,428.30,0.0000,1733.47,490.86,0.0000,1725.50,484.11,0.0000
293,0,Elm,0.6522,1438.0,152.5,1787.2,452.8,0.9617,1438.00,127.46,0.0000,1709.29,230.39,0.0000,1438.00,127.46,0.0000,1679.98,184.72,0.0000,1438.00,127.46,0.0000,1438.00,127.46,0.0000,1438.00,127.46,0.0000,1635.68,274.01,0.0000,1554.56,323.77,0.0000,1438.00,127.46,0.0000,1438.00,127.46,0.0000,1476.85,357.17,0.0000,1438.00,127.46,0.0000,1637.04,346.27,0.0000,1555.24,338.77,0.0000,1590.01,412.39,0.0000,1438.00,127.46,0.0000
293,0,Elm,0.6898,1600.9,249.2,1914.8,511.4,0.9665,1808.52,398.03,0.0000,1829.37,403.55,0.0000,1829.37,383.92,0.0000,1877.20,396.80,0.0000,1829.37,340.38,0.0000,1829.37,369.20,0.0000,1783.98,345.29,0.0000,1780.30,449.54,0.0000,1660.10,380.86,0.0000,1767.43,499.22,0.0000,1779.08,402.93,0.0000,1647.22,444.64,0.0000,1600.00,444.02,0.0000,1764.97,428.69,0.0000,1760.68,428.69,0.0000,1735.54,482.66,0.0000,1725.11,485.11,0.0000
294,0,Elm,0.6591,1438.5,152.5,1786.2,452.6,0.9603,1438.00,127.53,0.0000,1707.84,230.84,0.0000,1438.00,127.53,0.0000,1679.29,177.83,0.0000,1438.00,127.53,0.0000,1438.00,127.53,0.0000,1438.00,127.53,0.0000,1635.79,273.66,0.0000,1568.50,326.68,0.0000,1438.00,127.53,0.0000,1438.00,127.53,0.0000,1476.74,353.19,0.0000,1438.00,127.53,0.0000,1635.79,332.12,0.0000,1545.39,332.80,0.0000,1585.49,411.64,0.0000,1438.00,127.53,0.0000
294,0,Elm,0.6835,1600.8,248.9,1914.3,510.5,0.9662,1808.52,397.03,0.0000,1829.37,403.16,0.0000,1829.37,382.92,0.0000,1876.59,396.41,0.0000,1829.37,344.90,0.0000,1829.37,368.20,0.0000,1784.60,344.29,0.0000,1779.08,447.93,0.0000,1668.07,381.08,0.0000,1767.43,435.66,0.0000,1785.21,406.23,0.0000,1653.97,443.64,0.0000,1600.00,443.02,0.0000,1764.97,428.30,0.0000,1760.68,428.92,0.0000,1735.54,482.27,0.0000,1725.11,484.73,0.0000
295,0,Elm,0.6708,1437.9,152.7,1787.5,452.8,0.9618,1437.00,127.39,0.0000,1707.70,231.98,0.0000,1437.00,127.39,0.0000,1679.68,185.50,0.0000,1437.00,127.39,0.0000,1437.00,127.39,0.0000,1437.00,127.39,0.0000,1437.00,127.39,0.0000,1560.73,327.68,0.0000,1437.00,127.39,0.0000,1437.00,127.39,0.0000,1475.96,357.76,0.0000,1437.00,127.39,0.0000,1631.14,346.82,0.0000,1544.32,333.84,0.0000,1581.24,416.55,0.0000,1437.00,127.39,0.0000
295,0,Elm,0.6886,1600.5,248.3,1915.0,511.8,0.9668,1809.74,397.03,0.0000,1835.50,403.77,0.0000,1829.37,393.35,0.0000,1882.72,395.80,0.0000,1829.37,349.80,0.0000,1829.37,315.46,0.0000,1783.98,344.29,0.0000,1779.08,448.54,0.0000,1668.07,381.08,0.0000,1768.65,435.66,0.0000,1785.21,401.93,0.0000,1653.97,443.64,0.0000,1600.00,443.64,0.0000,1764.97,427.69,0.0000,1760.68,427.69,0.0000,1732.47,490.86,0.0000,1725.11,484.73,0.0000
296,0,Elm,0.6508,1438.0,152.8,1789.0,453.1,0.9608,1437.00,127.32,0.0000,1708.48,232.89,0.0000,1437.00,127.32,0.0000,1680.37,177.37,0.0000,1437.00,127.32,0.0000,1437.00,127.32,0.0000,1437.00,127.32,0.0000,1635.81,282.94,0.0000,1561.77,327.50,0.0000,1437.00,127.32,0.0000,1437.00,127.32,0.0000,1437.00,355.61,0.0000,1437.00,127.32,0.0000,1631.70,347.38,0.0000,1544.63,333.67,0.0000,1585.76,417.31,0.0000,1437.00,127.32,0.0000
296,0,Elm,0.6881,1600.2,249.2,1914.6,511.2,0.9676,1808.52,396.19,0.0000,1829.37,402.93,0.0000,1825.69,383.92,0.0000,1882.72,397.41,0.0000,1829.37,340.99,0.0000,1829.37,431.14,0.0000,1784.60,340.99,0.0000,1779.69,449.54,0.0000,1668.07,380.86,0.0000,1767.43,492.47,0.0000,1785.21,402.32,0.0000,1659.49,444.64,0.0000,1600.00,444.02,0.0000,1764.97,428.08,0.0000,1761.29,428.69,0.0000,1736.15,482.66,0.0000,1725.11,485.73,0.0000
297,0,Elm,0.6688,1438.4,152.5,1786.4,451.9,0.9615,1438.00,127.53,0.0000,1707.16,231.52,0.0000,1438.00,127.53,0.0000,1679.29,178.51,0.0000,1438.00,127.53,0.0000,1438.00,127.53,0.0000,1438.00,127.53,0.0000,1642.59,273.66,0.0000,1562.38,326.68,0.0000,1438.00,127.53,0.0000,1438.00,127.53,0.0000,1438.00,353.19,0.0000,1438.00,127.53,0.0000,1635.79,345.71,0.0000,1545.39,338.23,0.0000,1589.57,415.04,0.0000,1438.00,127.53,0.0000
297,0,Elm,0.6887,1599.5,249.2,1914.1,510.9,0.9662,1808.79,397.89,0.0000,1829.10,402.81,0.0000,1826.02,383.12,0.0000,1882.62,396.66,0.0000,1829.10,344.98,0.0000,1829.10,429.88,0.0000,1784.19,344.36,0.0000,1778.65,448.95,0.0000,1667.29,380.66,0.0000,1766.34,501.86,0.0000,1784.19,402.19,0.0000,1658.68,444.03,0.0000,1599.00,443.41,0.0000,1764.50,428.03,0.0000,1760.19,428.03,0.0000,1735.58,491.40,0.0000,1724.51,488.33,0.0000
298,0,Elm,0.6647,1437.9,152.7,1787.1,452.6,0.9604,1437.00,127.39,0.0000,1707.70,232.66,0.0000,1437.00,127.39,0.0000,1679.68,177.98,0.0000,1437.00,127.39,0.0000,1437.00,127.39,0.0000,1437.00,127.39,0.0000,1635.24,274.36,0.0000,1560.73,326.32,0.0000,1437.00,127.39,0.0000,1437.00,127.39,0.0000,1475.96,357.76,0.0000,1437.00,127.39,0.0000,1631.14,346.82,0.0000,1545.01,333.15,0.0000,1588.76,416.55,0.0000,1437.00,127.39,0.0000
298,0,Elm,0.6991,1600.4,248.7,1914.2,511.6,0.9664,1808.52,397.64,0.0000,1829.37,407.45,0.0000,1826.30,393.35,0.0000,1882.72,396.41,0.0000,1829.37,349.19,0.0000,1829.37,330.18,0.0000,1783.98,344.29,0.0000,1779.08,448.54,0.0000,1668.07,380.47,0.0000,1766.81,435.66,0.0000,1784.60,401.93,0.0000,1653.97,443.64,0.0000,1600.00,443.02,0.0000,1764.97,427.69,0.0000,1764.36,428.30,0.0000,1733.08,490.86,0.0000,1725.11,487.18,0.0000
299,0,Elm,0.6046,1437.6,153.2,1784.7,452.7,0.9609,1437.00,128.60,0.0000,1706.06,232.29,0.0000,1437.00,128.60,0.0000,1677.60,186.21,0.0000,1437.00,128.60,0.0000,1437.00,128.60,0.0000,1437.00,128.60,0.0000,1437.00,128.60,0.0000,1559.67,326.50,0.0000,1437.00,128.60,0.0000,1437.00,128.60,0.0000,1475.63,354.29,0.0000,1437.00,128.60,0.0000,1634.22,332.60,0.0000,1544.08,332.60,0.0000,1588.13,411.89,0.0000,1437.00,128.60,0.0000
299,0,Elm,0.6950,1600.5,249.0,1914.5,511.6,0.9663,1808.52,397.64,0.0000,1829.37,408.07,0.0000,1825.69,393.96,0.0000,1883.34,400.71,0.0000,1829.37,349.19,0.0000,1839.18,330.18,0.0000,1779.69,344.90,0.0000,1779.08,448.54,0.0000,1667.46,381.08,0.0000,1766.81,501.29,0.0000,1784.60,406.84,0.0000,1600.00,429.53,0.0000,1600.00,443.02,0.0000,1764.97,428.30,0.0000,1760.68,427.69,0.0000,1736.15,490.86,0.0000,1725.11,487.18,0.0000
300,0,Elm,0.6889,1437.8,153.3,1787.2,453.2,0.9605,1437.00,128.39,0.0000,1707.70,232.30,0.0000,1437.00,128.39,0.0000,1679.68,186.50,0.0000,1437.00,128.39,0.0000,1437.00,128.39,0.0000,1437.00,128.39,0.0000,1635.24,273.31,0.0000,1560.73,324.58,0.0000,1437.00,128.39,0.0000,1437.00,128.39,0.0000,1475.96,355.34,0.0000,1437.00,128.39,0.0000,1631.14,334.15,0.0000,1545.01,334.15,0.0000,1588.76,414.13,0.0000,1437.00,128.39,0.0000
300,0,Elm,0.7005,1601.5,248.7,1915.6,512.0,0.9664,1809.52,397.03,0.0000,1830.37,407.45,0.0000,1827.30,382.92,0.0000,1878.20,400.71,0.0000,1830.37,344.90,0.0000,1830.37,330.18,0.0000,1785.60,344.29,0.0000,1779.46,448.54,0.0000,1668.46,381.70,0.0000,1767.81,435.05,0.0000,1786.21,406.23,0.0000,1601.00,443.64,0.0000,1601.00,443.02,0.0000,1765.97,428.30,0.0000,1761.07,427.69,0.0000,1737.15,490.86,0.0000,1726.11,484.73,0.0000
