frame_number,monkey_ID,monkey_name,monkey_id_confidence,bbox_x1,bbox_y1,bbox_x2,bbox_y2,bbox_confidence,nose_x,nose_y,nose_confidence,left_eye_x,left_eye_y,left_eye_confidence,right_eye_x,right_eye_y,right_eye_confidence,left_ear_x,left_ear_y,left_ear_confidence,right_ear_x,right_ear_y,right_ear_confidence,left_shoulder_x,left_shoulder_y,left_shoulder_confidence,right_shoulder_x,right_shoulder_y,right_shoulder_confidence,left_elbow_x,left_elbow_y,left_elbow_confidence,right_elbow_x,right_elbow_y,right_elbow_confidence,left_wrist_x,left_wrist_y,left_wrist_confidence,right_wrist_x,right_wrist_y,right_wrist_confidence,left_hip_x,left_hip_y,left_hip_confidence,right_hip_x,right_hip_y,right_hip_confidence,left_knee_x,left_knee_y,left_knee_confidence,right_knee_x,right_knee_y,right_knee_confidence,left_ankle_x,left_ankle_y,left_ankle_confidence,right_ankle_x,right_ankle_y,right_ankle_confidence
3,1,Jok,0.6399,994.0,142.1,1091.5,346.6,0.6881,1048.59,235.63,0.0000,1062.13,221.69,0.0000,1056.16,214.12,0.0000,1054.56,163.91,0.0000,1040.62,166.30,0.0000,1064.12,227.27,0.0000,1020.30,202.96,0.0000,1064.52,275.88,0.0000,986.83,276.27,0.0000,1049.38,345.60,0.0000,1003.96,345.60,0.0000,1035.84,345.60,0.0000,940.61,345.60,0.0000,1036.63,276.27,0.0000,1003.16,270.30,0.0000,1029.06,345.60,0.0000,994.00,345.60,0.0000
4,1,Jok,0.6350,1005.8,150.4,1086.6,342.9,0.8837,1051.12,235.50,0.0000,1066.12,222.38,0.0000,1059.00,214.88,0.0000,1048.50,167.25,0.0000,1043.62,171.00,0.0000,1058.62,235.88,0.0000,1023.38,202.88,0.0000,1063.12,275.62,0.0000,985.12,263.25,0.0000,1051.88,245.62,0.0000,1051.88,252.00,0.0000,1038.75,341.62,0.0000,949.50,341.62,0.0000,1039.50,271.12,0.0000,1008.75,263.25,0.0000,1023.00,341.62,0.0000,999.75,341.62,0.0000
4,1,Jok,0.6373,901.3,59.5,1069.0,383.6,0.6813,1021.87,169.74,0.0000,964.91,80.52,0.0000,1015.54,116.59,0.0000,822.53,59.00,0.0000,1013.01,105.83,0.0000,933.91,128.61,0.0000,993.39,142.53,0.0000,938.97,223.53,0.0000,1014.27,243.15,0.0000,1026.93,170.38,0.0000,1036.42,191.89,0.0000,822.53,334.27,0.0000,956.05,346.93,0.0000,822.53,272.26,0.0000,1006.68,272.26,0.0000,822.53,382.37,0.0000,822.53,59.00,0.0000
5,1,Jok,0.6309,1010.3,152.4,1084.3,342.7,0.9252,952.11,152.00,0.0000,1064.92,225.85,0.0000,952.11,152.00,0.0000,1050.08,164.62,0.0000,1045.25,167.96,0.0000,1060.10,231.41,0.0000,1024.84,204.32,0.0000,1026.70,271.12,0.0000,1005.55,271.49,0.0000,1044.88,246.63,0.0000,1049.34,246.63,0.0000,1040.43,341.63,0.0000,1040.43,341.63,0.0000,1041.17,283.37,0.0000,1010.74,263.70,0.0000,1021.88,341.63,0.0000,1001.46,341.63,0.0000
5,1,Jok,0.6290,883.8,56.1,1056.0,403.3,0.8205,1026.00,117.67,0.0000,948.74,84.46,0.0000,1017.19,106.15,0.0000,796.25,56.00,0.0000,1003.64,97.34,0.0000,796.25,56.00,0.0000,989.40,140.72,0.0000,903.33,201.04,0.0000,796.25,56.00,0.0000,1025.32,175.28,0.0000,1024.65,181.38,0.0000,873.51,331.84,0.0000,946.71,352.85,0.0000,982.63,260.00,0.0000,796.25,56.00,0.0000,981.95,352.17,0.0000,796.25,56.00,0.0000
6,1,Jok,0.6237,1011.4,153.0,1084.5,343.4,0.9399,952.06,152.00,0.0000,1063.60,224.74,0.0000,952.06,152.00,0.0000,1050.54,165.43,0.0000,952.06,152.00,0.0000,1060.24,231.83,0.0000,1022.94,204.60,0.0000,1023.68,267.64,0.0000,1000.93,264.66,0.0000,1041.22,342.63,0.0000,1049.80,247.13,0.0000,1040.84,342.63,0.0000,1030.40,342.63,0.0000,1041.59,288.91,0.0000,1010.63,264.29,0.0000,952.06,342.63,0.0000,1001.67,342.63,0.0000
6,1,Jok,0.6167,875.0,52.1,1050.9,409.1,0.8748,1016.54,112.66,0.0000,941.94,89.65,0.0000,1016.54,103.60,0.0000,784.36,52.00,0.0000,1003.99,100.11,0.0000,784.36,52.00,0.0000,991.44,139.16,0.0000,895.22,200.52,0.0000,784.36,52.00,0.0000,1029.10,174.72,0.0000,1024.21,185.88,0.0000,871.51,335.79,0.0000,951.70,351.13,0.0000,936.36,261.88,0.0000,784.36,52.00,0.0000,901.50,346.25,0.0000,784.36,52.00,0.0000
7,1,Jok,0.6150,1011.7,152.2,1084.2,343.2,0.9443,952.06,152.00,0.0000,1062.11,224.37,0.0000,952.06,152.00,0.0000,1059.50,165.80,0.0000,952.06,152.00,0.0000,1049.42,231.83,0.0000,1021.07,204.60,0.0000,1016.60,266.90,0.0000,1000.93,264.66,0.0000,1037.11,342.63,0.0000,1007.27,342.63,0.0000,1041.22,342.63,0.0000,1041.22,342.63,0.0000,1035.25,288.91,0.0000,1010.63,264.29,0.0000,1017.71,342.63,0.0000,1001.67,342.63,0.0000
7,1,Jok,0.6144,870.7,51.8,1046.3,411.4,0.8955,1007.81,111.47,0.0000,936.80,89.67,0.0000,1012.73,103.03,0.0000,778.59,51.00,0.0000,1000.08,100.92,0.0000,778.59,51.00,0.0000,988.83,138.89,0.0000,907.27,200.77,0.0000,778.59,51.00,0.0000,1030.31,174.75,0.0000,1024.69,180.38,0.0000,866.48,321.70,0.0000,947.34,348.42,0.0000,940.31,261.94,0.0000,778.59,51.00,0.0000,1004.30,337.88,0.0000,778.59,51.00,0.0000
8,1,Jok,0.6122,1014.0,148.7,1083.9,343.8,0.9438,950.78,148.00,0.0000,1062.75,220.36,0.0000,950.78,148.00,0.0000,1051.32,164.00,0.0000,1045.23,168.19,0.0000,1053.99,229.50,0.0000,1026.57,209.32,0.0000,1023.90,262.64,0.0000,1010.57,263.02,0.0000,1041.80,245.12,0.0000,1046.37,242.07,0.0000,1054.37,314.82,0.0000,1042.18,314.82,0.0000,1035.71,295.01,0.0000,1037.99,287.78,0.0000,1017.81,342.62,0.0000,1011.71,342.62,0.0000
8,1,Jok,0.5850,869.2,52.7,1044.1,411.1,0.9139,1009.94,115.81,0.0000,932.81,90.56,0.0000,1010.64,103.19,0.0000,776.45,52.00,0.0000,776.45,52.00,0.0000,776.45,52.00,0.0000,982.59,131.93,0.0000,905.46,201.35,0.0000,776.45,52.00,0.0000,1022.56,158.58,0.0000,1021.86,175.41,0.0000,864.09,321.95,0.0000,944.73,348.60,0.0000,929.30,262.35,0.0000,776.45,52.00,0.0000,1004.33,337.38,0.0000,776.45,52.00,0.0000
9,1,Jok,0.6157,1014.7,152.4,1083.0,343.7,0.9465,952.82,152.00,0.0000,1062.87,218.78,0.0000,952.82,152.00,0.0000,1050.93,165.43,0.0000,952.82,152.00,0.0000,1050.56,226.61,0.0000,952.82,152.00,0.0000,1016.98,264.29,0.0000,1001.69,265.41,0.0000,1042.35,244.14,0.0000,1008.78,342.63,0.0000,1054.66,288.91,0.0000,1042.35,342.63,0.0000,1036.01,288.54,0.0000,1011.76,288.54,0.0000,1009.52,342.63,0.0000,1002.44,342.63,0.0000
9,0,Elm,0.5140,871.2,50.8,1038.9,411.3,0.9172,1009.20,114.16,0.0000,934.46,89.48,0.0000,1012.02,101.47,0.0000,773.70,50.00,0.0000,773.70,50.00,0.0000,773.70,50.00,0.0000,983.11,131.08,0.0000,884.40,200.18,0.0000,773.70,50.00,0.0000,1026.82,173.39,0.0000,1020.48,174.09,0.0000,866.06,321.46,0.0000,951.38,348.25,0.0000,866.06,262.23,0.0000,773.70,50.00,0.0000,884.40,342.61,0.0000,773.70,50.00,0.0000
10,0,Elm,0.5330,869.2,47.7,1038.6,414.1,0.9245,1009.49,112.95,0.0000,933.51,87.14,0.0000,1008.78,100.04,0.0000,770.08,47.00,0.0000,770.08,47.00,0.0000,770.08,47.00,0.0000,982.97,135.17,0.0000,883.34,200.39,0.0000,770.08,47.00,0.0000,1026.70,172.44,0.0000,1020.96,173.16,0.0000,863.98,322.97,0.0000,942.83,346.62,0.0000,863.98,262.04,0.0000,770.08,47.00,0.0000,881.90,344.47,0.0000,770.08,47.00,0.0000
10,1,Jok,0.6134,1014.2,154.0,1083.4,344.2,0.9481,952.82,153.00,0.0000,1063.24,220.52,0.0000,952.82,153.00,0.0000,1050.93,166.80,0.0000,952.82,153.00,0.0000,1050.56,228.36,0.0000,952.82,153.00,0.0000,1017.36,268.64,0.0000,1006.54,273.87,0.0000,1006.54,343.63,0.0000,1008.78,343.63,0.0000,1054.66,282.45,0.0000,1042.35,343.63,0.0000,1036.01,305.58,0.0000,1011.39,289.91,0.0000,1012.88,343.63,0.0000,1002.44,343.63,0.0000
11,1,Jok,0.5071,866.4,46.7,1038.1,414.6,0.9334,1011.19,112.12,0.0000,932.12,86.25,0.0000,1011.91,99.91,0.0000,768.25,46.00,0.0000,768.25,46.00,0.0000,768.25,46.00,0.0000,984.59,135.12,0.0000,880.38,199.81,0.0000,768.25,46.00,0.0000,1027.00,176.81,0.0000,1019.81,178.25,0.0000,862.41,322.72,0.0000,949.38,346.44,0.0000,862.41,262.34,0.0000,768.25,46.00,0.0000,880.38,349.31,0.0000,768.25,46.00,0.0000
11,1,Jok,0.6090,1014.0,154.1,1083.6,344.5,0.9481,952.88,154.00,0.0000,1062.36,220.43,0.0000,952.88,154.00,0.0000,1059.76,167.73,0.0000,952.88,154.00,0.0000,1059.02,227.85,0.0000,952.88,154.00,0.0000,1013.74,268.30,0.0000,1006.32,267.93,0.0000,952.88,343.63,0.0000,1008.92,343.63,0.0000,1054.19,290.19,0.0000,1030.81,343.63,0.0000,1035.64,305.41,0.0000,1011.14,290.19,0.0000,1013.00,343.63,0.0000,1002.24,343.63,0.0000
12,0,Elm,0.5375,867.3,48.3,1038.1,413.3,0.9377,1011.72,113.59,0.0000,956.82,87.92,0.0000,1015.28,100.75,0.0000,770.05,48.00,0.0000,770.05,48.00,0.0000,770.05,48.00,0.0000,985.34,136.40,0.0000,881.26,200.56,0.0000,770.05,48.00,0.0000,1026.69,198.42,0.0000,1019.56,184.16,0.0000,859.87,322.46,0.0000,942.57,345.99,0.0000,854.88,262.58,0.0000,770.05,48.00,0.0000,881.26,349.55,0.0000,770.05,48.00,0.0000
12,1,Jok,0.6174,1014.4,154.9,1084.9,345.2,0.9496,953.57,154.00,0.0000,953.57,154.00,0.0000,953.57,154.00,0.0000,1061.38,219.28,0.0000,953.57,154.00,0.0000,1054.66,229.73,0.0000,1022.21,206.23,0.0000,1016.61,266.29,0.0000,1012.13,274.87,0.0000,1012.51,249.13,0.0000,1007.29,344.63,0.0000,1055.78,283.07,0.0000,1036.38,279.72,0.0000,1032.28,298.00,0.0000,1015.49,290.54,0.0000,1013.63,344.63,0.0000,1003.55,344.63,0.0000
13,0,Elm,0.6111,865.2,44.6,1039.5,411.3,0.9429,1012.66,109.95,0.0000,956.75,84.14,0.0000,1012.66,104.93,0.0000,768.95,44.00,0.0000,768.95,44.00,0.0000,768.95,44.00,0.0000,986.86,138.62,0.0000,882.20,206.00,0.0000,768.95,44.00,0.0000,1027.00,195.24,0.0000,1019.83,186.64,0.0000,862.13,319.97,0.0000,949.58,344.34,0.0000,854.25,259.76,0.0000,768.95,44.00,0.0000,880.77,346.49,0.0000,768.95,44.00,0.0000
13,1,Jok,0.6333,1014.0,154.6,1085.1,345.2,0.9505,954.31,154.00,0.0000,1063.99,220.03,0.0000,954.31,154.00,0.0000,1062.12,171.53,0.0000,954.31,154.00,0.0000,1055.41,228.24,0.0000,1023.33,211.08,0.0000,1016.98,266.29,0.0000,1012.88,274.87,0.0000,1008.03,249.13,0.0000,1006.54,344.63,0.0000,1056.15,279.72,0.0000,1043.84,266.29,0.0000,1037.13,306.20,0.0000,1015.87,290.54,0.0000,1014.37,344.63,0.0000,1002.06,344.63,0.0000
14,0,Elm,0.6999,866.9,46.1,1039.0,410.3,0.9411,1011.74,110.70,0.0000,957.00,85.10,0.0000,1011.74,105.72,0.0000,770.73,46.00,0.0000,770.73,46.00,0.0000,770.73,46.00,0.0000,986.86,136.29,0.0000,882.35,206.67,0.0000,770.73,46.00,0.0000,1025.96,171.12,0.0000,1019.56,181.79,0.0000,859.60,319.71,0.0000,949.18,343.17,0.0000,855.34,259.99,0.0000,770.73,46.00,0.0000,881.64,346.73,0.0000,770.73,46.00,0.0000
14,1,Jok,0.6324,1014.2,155.2,1085.3,345.2,0.9506,954.62,155.00,0.0000,954.62,155.00,0.0000,954.62,155.00,0.0000,1061.87,219.94,0.0000,954.62,155.00,0.0000,1051.85,228.85,0.0000,954.62,155.00,0.0000,1016.97,266.70,0.0000,1012.89,275.23,0.0000,1012.89,249.63,0.0000,1004.35,344.63,0.0000,1056.30,274.49,0.0000,1043.69,270.04,0.0000,1032.55,306.41,0.0000,1013.26,290.45,0.0000,1014.74,344.63,0.0000,1002.50,344.63,0.0000
15,0,Elm,0.6984,864.9,45.0,1038.5,409.1,0.9417,1014.01,115.38,0.0000,955.00,84.81,0.0000,1014.01,109.70,0.0000,768.73,45.00,0.0000,768.73,45.00,0.0000,768.73,45.00,0.0000,984.86,138.84,0.0000,878.93,206.38,0.0000,768.73,45.00,0.0000,1024.67,174.39,0.0000,1021.83,186.48,0.0000,861.87,318.71,0.0000,947.89,342.88,0.0000,861.87,258.99,0.0000,768.73,45.00,0.0000,879.64,345.02,0.0000,768.73,45.00,0.0000
15,1,Jok,0.6468,1013.7,155.2,1085.8,345.4,0.9503,954.37,155.00,0.0000,1063.84,220.31,0.0000,954.37,155.00,0.0000,1061.24,168.73,0.0000,954.37,155.00,0.0000,1051.59,226.62,0.0000,954.37,155.00,0.0000,1015.97,269.67,0.0000,1012.63,275.23,0.0000,1007.43,344.63,0.0000,1006.32,344.63,0.0000,1061.61,270.41,0.0000,1056.05,274.12,0.0000,1027.47,310.12,0.0000,1015.60,290.82,0.0000,1014.11,344.63,0.0000,1003.72,344.63,0.0000
16,0,Elm,0.7248,868.3,47.2,1038.5,408.0,0.9399,1014.66,116.80,0.0000,956.84,89.30,0.0000,1015.36,106.23,0.0000,772.11,47.00,0.0000,772.11,47.00,0.0000,772.11,47.00,0.0000,985.75,139.37,0.0000,882.10,206.35,0.0000,772.11,47.00,0.0000,1025.23,171.09,0.0000,1022.41,187.31,0.0000,860.24,318.46,0.0000,949.08,345.25,0.0000,990.68,259.23,0.0000,772.11,47.00,0.0000,882.10,345.25,0.0000,772.11,47.00,0.0000
16,1,Jok,0.6404,1013.9,155.4,1085.7,345.5,0.9499,954.37,155.00,0.0000,1063.84,221.80,0.0000,954.37,155.00,0.0000,1042.69,167.62,0.0000,954.37,155.00,0.0000,1051.22,233.30,0.0000,954.37,155.00,0.0000,1018.20,269.67,0.0000,1012.63,275.23,0.0000,1007.80,344.63,0.0000,1003.72,344.63,0.0000,1055.68,274.49,0.0000,1056.05,280.06,0.0000,1032.30,309.75,0.0000,1018.94,290.82,0.0000,1013.74,344.63,0.0000,1004.09,344.63,0.0000
17,0,Elm,0.7257,866.1,48.3,1038.0,407.5,0.9414,1013.25,118.12,0.0000,955.75,90.07,0.0000,1013.95,111.81,0.0000,772.04,48.00,0.0000,772.04,48.00,0.0000,772.04,48.00,0.0000,985.20,137.05,0.0000,880.72,207.17,0.0000,772.04,48.00,0.0000,1024.46,176.31,0.0000,1018.86,187.53,0.0000,859.69,317.95,0.0000,948.04,341.09,0.0000,990.11,259.75,0.0000,772.04,48.00,0.0000,927.70,344.60,0.0000,772.04,48.00,0.0000
17,1,Jok,0.6465,1014.3,155.6,1085.4,345.6,0.9499,954.62,155.00,0.0000,954.62,155.00,0.0000,954.62,155.00,0.0000,1052.59,167.99,0.0000,954.62,155.00,0.0000,1051.48,226.25,0.0000,954.62,155.00,0.0000,1018.45,269.67,0.0000,1012.89,275.23,0.0000,1035.52,249.26,0.0000,1008.43,344.63,0.0000,1056.30,274.49,0.0000,1043.69,274.49,0.0000,1032.55,298.24,0.0000,1016.23,290.82,0.0000,1014.74,344.63,0.0000,996.19,344.63,0.0000
18,0,Elm,0.7271,865.1,47.7,1038.4,407.3,0.9414,1014.77,116.61,0.0000,956.41,89.19,0.0000,1015.47,106.06,0.0000,772.19,47.00,0.0000,772.19,47.00,0.0000,772.19,47.00,0.0000,985.94,137.70,0.0000,882.58,206.61,0.0000,772.19,47.00,0.0000,1025.31,180.59,0.0000,1021.09,186.92,0.0000,860.08,317.70,0.0000,948.67,343.72,0.0000,864.30,258.64,0.0000,772.19,47.00,0.0000,928.28,344.42,0.0000,772.19,47.00,0.0000
18,1,Jok,0.6450,1014.1,155.3,1085.8,345.8,0.9498,954.62,155.00,0.0000,1064.10,221.80,0.0000,954.62,155.00,0.0000,1052.59,168.36,0.0000,954.62,155.00,0.0000,1051.48,226.25,0.0000,1022.54,207.32,0.0000,1018.45,266.70,0.0000,1008.06,267.44,0.0000,1039.23,249.26,0.0000,1008.43,344.63,0.0000,1055.93,274.49,0.0000,1055.93,274.86,0.0000,1032.55,298.24,0.0000,1018.82,290.82,0.0000,954.62,344.63,0.0000,1004.35,344.63,0.0000
19,0,Elm,0.7129,864.2,47.5,1038.4,407.4,0.9441,1013.77,116.61,0.0000,955.41,89.19,0.0000,1014.47,106.06,0.0000,771.19,47.00,0.0000,771.19,47.00,0.0000,771.19,47.00,0.0000,984.94,136.30,0.0000,881.58,206.61,0.0000,771.19,47.00,0.0000,1024.31,175.67,0.0000,1020.09,186.92,0.0000,859.08,317.70,0.0000,947.67,343.72,0.0000,863.30,258.64,0.0000,771.19,47.00,0.0000,927.28,344.42,0.0000,771.19,47.00,0.0000
19,1,Jok,0.6457,1014.1,155.1,1085.9,345.3,0.9504,954.62,155.00,0.0000,954.62,155.00,0.0000,954.62,155.00,0.0000,1061.50,168.73,0.0000,954.62,155.00,0.0000,1051.48,229.22,0.0000,954.62,155.00,0.0000,1017.34,269.67,0.0000,1012.89,275.23,0.0000,954.62,344.63,0.0000,1008.06,344.63,0.0000,1056.30,274.49,0.0000,1043.69,274.49,0.0000,1032.55,298.24,0.0000,1015.86,290.82,0.0000,1014.74,344.63,0.0000,1003.98,344.63,0.0000
20,0,Elm,0.7023,863.6,47.5,1038.6,407.0,0.9444,1012.77,117.31,0.0000,954.41,89.19,0.0000,1014.17,110.98,0.0000,770.19,47.00,0.0000,770.19,47.00,0.0000,770.19,47.00,0.0000,983.94,136.30,0.0000,881.28,206.61,0.0000,770.19,47.00,0.0000,1026.83,175.67,0.0000,1020.50,186.92,0.0000,861.59,317.70,0.0000,947.38,341.61,0.0000,862.30,259.34,0.0000,770.19,47.00,0.0000,868.62,344.42,0.0000,770.19,47.00,0.0000
20,1,Jok,0.6408,1014.2,155.3,1085.9,345.7,0.9497,954.62,155.00,0.0000,954.62,155.00,0.0000,954.62,155.00,0.0000,1061.50,168.36,0.0000,954.62,155.00,0.0000,1051.48,230.33,0.0000,954.62,155.00,0.0000,1017.34,269.67,0.0000,1012.89,267.07,0.0000,954.62,344.63,0.0000,1006.58,344.63,0.0000,1056.30,280.06,0.0000,1043.69,280.06,0.0000,1032.55,298.24,0.0000,1015.86,290.82,0.0000,1015.11,344.63,0.0000,1003.98,344.63,0.0000
21,0,Elm,0.7053,864.7,49.5,1037.3,406.6,0.9424,1011.82,118.73,0.0000,954.64,88.05,0.0000,1013.91,112.45,0.0000,771.96,49.00,0.0000,771.96,49.00,0.0000,771.96,49.00,0.0000,984.63,137.55,0.0000,880.73,206.58,0.0000,771.96,49.00,0.0000,1027.16,171.72,0.0000,1020.19,182.18,0.0000,859.12,317.45,0.0000,946.97,341.15,0.0000,854.94,258.88,0.0000,771.96,49.00,0.0000,869.58,343.94,0.0000,771.96,49.00,0.0000
21,1,Jok,0.6579,1014.5,154.6,1085.8,345.8,0.9487,954.31,154.00,0.0000,1064.36,221.15,0.0000,954.31,154.00,0.0000,1052.80,167.43,0.0000,954.31,154.00,0.0000,1051.68,232.34,0.0000,954.31,154.00,0.0000,1018.48,269.64,0.0000,1008.03,274.87,0.0000,954.31,344.63,0.0000,1008.40,344.63,0.0000,1056.15,279.72,0.0000,1043.84,279.72,0.0000,1032.65,298.00,0.0000,1013.25,290.54,0.0000,954.31,344.63,0.0000,1003.93,344.63,0.0000
22,0,Elm,0.7201,863.3,51.4,1037.9,406.0,0.9434,1011.65,119.45,0.0000,954.27,89.03,0.0000,1013.73,113.92,0.0000,773.12,51.00,0.0000,773.12,51.00,0.0000,773.12,51.00,0.0000,984.00,138.12,0.0000,882.36,207.95,0.0000,773.12,51.00,0.0000,1022.02,172.69,0.0000,1018.57,183.06,0.0000,859.54,317.19,0.0000,946.66,340.01,0.0000,863.69,259.80,0.0000,773.12,51.00,0.0000,880.98,337.93,0.0000,773.12,51.00,0.0000
22,1,Jok,0.6609,1014.6,154.3,1086.0,346.0,0.9485,954.31,154.00,0.0000,954.31,154.00,0.0000,954.31,154.00,0.0000,1061.75,169.67,0.0000,954.31,154.00,0.0000,1052.05,228.98,0.0000,954.31,154.00,0.0000,1015.49,266.66,0.0000,1008.03,268.53,0.0000,954.31,344.63,0.0000,1011.76,344.63,0.0000,1056.15,279.72,0.0000,1043.84,279.72,0.0000,1032.65,298.00,0.0000,1015.87,290.54,0.0000,1016.61,344.63,0.0000,1003.93,344.63,0.0000
23,0,Elm,0.7016,864.4,51.4,1038.3,405.5,0.9415,1012.65,119.45,0.0000,955.27,89.72,0.0000,1014.04,109.08,0.0000,774.12,51.00,0.0000,774.12,51.00,0.0000,774.12,51.00,0.0000,984.30,138.12,0.0000,883.36,208.64,0.0000,774.12,51.00,0.0000,1023.02,172.69,0.0000,1019.57,188.59,0.0000,861.23,317.19,0.0000,948.35,343.46,0.0000,989.14,259.11,0.0000,774.12,51.00,0.0000,927.61,342.77,0.0000,774.12,51.00,0.0000
23,1,Jok,0.6607,1014.7,154.9,1085.7,345.7,0.9493,954.31,154.00,0.0000,954.31,154.00,0.0000,954.31,154.00,0.0000,1061.75,167.80,0.0000,954.31,154.00,0.0000,1051.68,232.34,0.0000,954.31,154.00,0.0000,1016.98,269.64,0.0000,1008.03,266.66,0.0000,954.31,249.13,0.0000,1011.39,344.63,0.0000,1056.53,274.12,0.0000,1056.53,274.49,0.0000,1032.65,306.20,0.0000,1013.25,290.54,0.0000,1014.75,344.63,0.0000,1003.55,344.63,0.0000
24,0,Elm,0.7179,859.5,50.5,1039.6,406.7,0.9386,1021.70,139.70,0.0000,930.62,100.76,0.0000,1018.23,113.97,0.0000,771.39,50.00,0.0000,771.39,50.00,0.0000,771.39,50.00,0.0000,983.46,135.52,0.0000,879.86,207.84,0.0000,771.39,50.00,0.0000,1021.70,162.64,0.0000,1025.18,182.80,0.0000,861.78,317.70,0.0000,945.91,341.34,0.0000,862.48,259.29,0.0000,771.39,50.00,0.0000,925.75,337.86,0.0000,771.39,50.00,0.0000
24,1,Jok,0.6708,1015.2,147.5,1085.1,346.1,0.9487,950.48,147.00,0.0000,1063.58,220.07,0.0000,950.48,147.00,0.0000,1062.81,215.79,0.0000,950.48,147.00,0.0000,1052.31,229.01,0.0000,950.48,147.00,0.0000,1017.33,267.49,0.0000,1011.50,272.93,0.0000,1030.94,243.39,0.0000,1007.23,345.61,0.0000,1056.98,272.15,0.0000,1056.59,272.15,0.0000,1028.99,309.46,0.0000,1019.28,289.25,0.0000,1012.67,345.61,0.0000,1002.56,345.61,0.0000
25,0,Elm,0.7080,860.3,51.0,1036.8,406.6,0.9375,1016.45,118.84,0.0000,928.14,91.72,0.0000,1010.88,108.41,0.0000,769.61,50.00,0.0000,769.61,50.00,0.0000,769.61,50.00,0.0000,980.98,135.52,0.0000,879.47,207.84,0.0000,769.61,50.00,0.0000,1019.92,161.95,0.0000,1019.92,173.07,0.0000,860.70,317.70,0.0000,944.83,340.64,0.0000,985.16,259.98,0.0000,769.61,50.00,0.0000,930.23,338.55,0.0000,769.61,50.00,0.0000
25,1,Jok,0.6653,1013.7,149.8,1086.3,345.7,0.9498,951.75,149.00,0.0000,951.75,149.00,0.0000,951.75,149.00,0.0000,1062.00,166.99,0.0000,951.75,149.00,0.0000,1047.84,230.54,0.0000,951.75,149.00,0.0000,1016.45,267.67,0.0000,1011.85,273.03,0.0000,1030.99,243.94,0.0000,1007.26,344.62,0.0000,1056.26,272.65,0.0000,1056.64,272.27,0.0000,1026.78,309.02,0.0000,1019.12,317.05,0.0000,1009.55,344.62,0.0000,1002.66,344.62,0.0000
26,0,Elm,0.7060,864.8,50.0,1033.8,406.7,0.9387,1006.54,118.84,0.0000,953.00,88.94,0.0000,1010.71,108.41,0.0000,770.83,50.00,0.0000,770.83,50.00,0.0000,770.83,50.00,0.0000,982.20,134.83,0.0000,878.60,208.53,0.0000,770.83,50.00,0.0000,1027.40,173.07,0.0000,1019.75,182.80,0.0000,857.74,317.70,0.0000,945.35,341.34,0.0000,987.07,259.29,0.0000,770.83,50.00,0.0000,1000.28,342.73,0.0000,770.83,50.00,0.0000
26,1,Jok,0.6717,1013.0,153.1,1085.2,345.5,0.9504,952.75,153.00,0.0000,952.75,153.00,0.0000,952.75,153.00,0.0000,1070.88,173.25,0.0000,952.75,153.00,0.0000,1050.62,227.62,0.0000,952.75,153.00,0.0000,1015.75,265.88,0.0000,1006.75,274.50,0.0000,952.75,344.62,0.0000,1007.12,344.62,0.0000,1061.88,273.38,0.0000,1055.50,273.75,0.0000,1026.25,297.75,0.0000,1015.00,290.25,0.0000,1012.75,344.62,0.0000,1002.62,344.62,0.0000
27,0,Elm,0.7015,861.5,50.2,1035.4,406.0,0.9396,1017.01,118.64,0.0000,944.20,88.83,0.0000,1011.46,108.24,0.0000,770.86,50.00,0.0000,770.86,50.00,0.0000,770.86,50.00,0.0000,981.64,135.28,0.0000,879.03,207.39,0.0000,770.86,50.00,0.0000,1030.18,176.88,0.0000,1019.09,182.43,0.0000,861.00,316.94,0.0000,945.59,340.52,0.0000,996.21,258.70,0.0000,770.86,50.00,0.0000,924.79,343.29,0.0000,770.86,50.00,0.0000
27,1,Jok,0.6681,1012.4,154.0,1086.2,345.6,0.9498,953.80,154.00,0.0000,953.80,154.00,0.0000,953.80,154.00,0.0000,1071.31,218.54,0.0000,953.80,154.00,0.0000,1051.17,228.61,0.0000,953.80,154.00,0.0000,1014.98,266.66,0.0000,1007.52,274.87,0.0000,953.80,344.63,0.0000,1010.13,344.63,0.0000,1056.02,274.12,0.0000,1043.34,274.12,0.0000,1027.29,306.20,0.0000,1012.75,290.54,0.0000,1014.24,344.63,0.0000,1003.42,344.63,0.0000
28,0,Elm,0.7008,862.3,48.3,1036.5,406.3,0.9395,1017.93,117.92,0.0000,929.82,89.95,0.0000,1013.03,107.43,0.0000,769.70,48.00,0.0000,769.70,48.00,0.0000,769.70,48.00,0.0000,982.27,136.10,0.0000,878.78,206.72,0.0000,769.70,48.00,0.0000,1027.71,175.96,0.0000,1017.93,181.55,0.0000,860.60,317.20,0.0000,945.21,340.27,0.0000,861.30,258.46,0.0000,769.70,48.00,0.0000,924.93,343.07,0.0000,769.70,48.00,0.0000
28,1,Jok,0.6631,1012.4,154.3,1085.9,345.9,0.9496,953.06,154.00,0.0000,953.06,154.00,0.0000,953.06,154.00,0.0000,1060.87,174.14,0.0000,953.06,154.00,0.0000,1050.80,228.24,0.0000,953.06,154.00,0.0000,1016.10,266.29,0.0000,1011.63,268.90,0.0000,953.06,246.52,0.0000,1007.15,344.63,0.0000,1061.24,271.14,0.0000,1055.27,273.75,0.0000,1031.40,298.00,0.0000,1019.09,290.54,0.0000,1013.49,344.63,0.0000,1003.05,344.63,0.0000
29,0,Elm,0.7140,860.5,50.5,1038.7,407.2,0.9412,1018.28,119.03,0.0000,953.43,88.35,0.0000,1013.40,108.57,0.0000,770.75,50.00,0.0000,770.75,50.00,0.0000,770.75,50.00,0.0000,983.42,137.86,0.0000,880.22,208.28,0.0000,770.75,50.00,0.0000,1028.04,177.60,0.0000,1018.98,183.18,0.0000,861.39,318.45,0.0000,946.46,341.46,0.0000,862.09,260.57,0.0000,770.75,50.00,0.0000,926.24,344.25,0.0000,770.75,50.00,0.0000
29,1,Jok,0.6583,1012.8,154.8,1085.8,346.0,0.9498,953.06,154.00,0.0000,1063.11,220.78,0.0000,953.06,154.00,0.0000,1060.50,169.67,0.0000,953.06,154.00,0.0000,1050.42,228.24,0.0000,953.06,154.00,0.0000,1015.36,266.29,0.0000,1011.63,268.53,0.0000,953.06,344.63,0.0000,1010.88,344.63,0.0000,1061.62,269.64,0.0000,1055.27,273.75,0.0000,1031.40,298.00,0.0000,1018.71,290.54,0.0000,1013.49,344.63,0.0000,1002.67,344.63,0.0000
30,0,Elm,0.7140,862.4,53.2,1037.9,406.8,0.9414,1017.13,121.26,0.0000,953.70,90.92,0.0000,1017.13,115.74,0.0000,772.37,53.00,0.0000,772.37,53.00,0.0000,772.37,53.00,0.0000,982.65,137.80,0.0000,879.24,210.20,0.0000,772.37,53.00,0.0000,1029.54,174.34,0.0000,1018.51,175.03,0.0000,862.00,318.44,0.0000,946.11,341.19,0.0000,862.69,260.53,0.0000,772.37,53.00,0.0000,925.43,339.12,0.0000,772.37,53.00,0.0000
30,1,Jok,0.6477,1013.5,154.6,1085.4,345.4,0.9492,953.31,154.00,0.0000,1063.73,221.89,0.0000,953.31,154.00,0.0000,1051.80,167.43,0.0000,953.31,154.00,0.0000,1050.68,232.71,0.0000,953.31,154.00,0.0000,1015.98,269.64,0.0000,1011.88,274.87,0.0000,953.31,344.63,0.0000,1010.02,344.63,0.0000,1055.53,274.12,0.0000,1055.53,274.12,0.0000,1031.65,306.20,0.0000,1018.97,290.54,0.0000,1013.75,344.63,0.0000,1003.30,344.63,0.0000
31,0,Elm,0.6887,860.9,53.0,1037.1,406.1,0.9433,1017.64,121.14,0.0000,952.65,90.72,0.0000,1017.64,114.92,0.0000,771.50,52.00,0.0000,771.50,52.00,0.0000,771.50,52.00,0.0000,987.91,137.73,0.0000,879.36,208.95,0.0000,771.50,52.00,0.0000,1029.39,173.69,0.0000,1019.71,189.59,0.0000,861.38,310.59,0.0000,945.04,341.01,0.0000,862.07,260.11,0.0000,771.50,52.00,0.0000,924.99,338.24,0.0000,771.50,52.00,0.0000
31,1,Jok,0.6537,1014.0,154.7,1085.3,345.6,0.9491,953.31,154.00,0.0000,1063.36,221.15,0.0000,953.31,154.00,0.0000,1060.75,167.43,0.0000,953.31,154.00,0.0000,1050.68,225.62,0.0000,953.31,154.00,0.0000,1015.98,269.27,0.0000,1007.03,267.03,0.0000,953.31,344.63,0.0000,1009.64,344.63,0.0000,1061.87,269.64,0.0000,1055.53,273.75,0.0000,1032.03,306.20,0.0000,1018.22,290.54,0.0000,1015.61,344.63,0.0000,1003.30,344.63,0.0000
32,0,Elm,0.6833,860.1,51.2,1037.7,406.5,0.9435,1009.77,120.34,0.0000,952.91,89.13,0.0000,1013.23,114.10,0.0000,771.25,51.00,0.0000,771.25,51.00,0.0000,771.25,51.00,0.0000,988.96,137.67,0.0000,871.09,207.70,0.0000,771.25,51.00,0.0000,1029.87,172.34,0.0000,1018.78,173.72,0.0000,862.08,310.32,0.0000,945.98,340.82,0.0000,862.08,259.70,0.0000,771.25,51.00,0.0000,925.87,343.60,0.0000,771.25,51.00,0.0000
32,1,Jok,0.6506,1013.5,154.8,1085.6,345.6,0.9499,953.31,154.00,0.0000,1063.36,220.03,0.0000,953.31,154.00,0.0000,1045.83,167.06,0.0000,953.31,154.00,0.0000,1042.10,225.62,0.0000,953.31,154.00,0.0000,1016.36,269.64,0.0000,1011.88,274.87,0.0000,953.31,344.63,0.0000,1007.40,344.63,0.0000,1055.15,279.72,0.0000,1055.15,279.72,0.0000,1036.13,298.00,0.0000,1018.22,290.54,0.0000,1013.37,344.63,0.0000,1003.30,344.63,0.0000
33,0,Elm,0.7155,861.7,52.4,1037.8,405.5,0.9406,1017.51,136.11,0.0000,953.39,90.61,0.0000,1013.37,114.74,0.0000,772.75,52.00,0.0000,772.75,52.00,0.0000,772.75,52.00,0.0000,983.03,137.49,0.0000,878.93,208.51,0.0000,772.75,52.00,0.0000,1024.40,172.65,0.0000,1019.57,173.34,0.0000,862.38,317.44,0.0000,945.80,340.19,0.0000,863.07,260.21,0.0000,772.75,52.00,0.0000,862.38,343.64,0.0000,772.75,52.00,0.0000
33,1,Jok,0.6563,1014.2,154.4,1085.4,345.4,0.9483,954.31,154.00,0.0000,1064.73,221.15,0.0000,954.31,154.00,0.0000,1037.88,166.68,0.0000,954.31,154.00,0.0000,1043.10,232.71,0.0000,954.31,154.00,0.0000,1017.36,269.27,0.0000,954.31,274.87,0.0000,1043.47,344.63,0.0000,1008.40,344.63,0.0000,1056.15,279.72,0.0000,1056.15,279.72,0.0000,1037.50,290.54,0.0000,1015.87,289.04,0.0000,954.31,344.63,0.0000,996.09,344.63,0.0000
34,0,Elm,0.6711,861.7,52.3,1036.6,406.0,0.9405,1016.57,120.45,0.0000,952.27,90.03,0.0000,1016.57,110.08,0.0000,771.12,52.00,0.0000,771.12,52.00,0.0000,771.12,52.00,0.0000,988.22,139.12,0.0000,876.90,208.95,0.0000,771.12,52.00,0.0000,1029.01,173.00,0.0000,1018.64,174.38,0.0000,861.00,318.19,0.0000,945.35,341.70,0.0000,861.69,260.80,0.0000,771.12,52.00,0.0000,924.61,343.08,0.0000,771.12,52.00,0.0000
34,1,Jok,0.6578,1014.1,154.7,1085.1,345.3,0.9483,954.31,154.00,0.0000,1064.73,220.78,0.0000,954.31,154.00,0.0000,1037.88,167.06,0.0000,954.31,154.00,0.0000,1043.47,232.71,0.0000,954.31,154.00,0.0000,1017.36,266.66,0.0000,1003.18,274.87,0.0000,1035.64,344.63,0.0000,1006.54,344.63,0.0000,1056.15,280.09,0.0000,954.31,268.90,0.0000,1037.13,290.54,0.0000,1015.87,290.16,0.0000,954.31,344.63,0.0000,996.09,344.63,0.0000
35,0,Elm,0.6968,860.7,51.8,1037.3,406.6,0.9437,1009.77,114.79,0.0000,953.60,89.13,0.0000,1012.54,109.24,0.0000,771.25,51.00,0.0000,771.25,51.00,0.0000,771.25,51.00,0.0000,988.96,137.67,0.0000,879.41,208.39,0.0000,771.25,51.00,0.0000,1027.10,173.03,0.0000,1018.78,173.72,0.0000,862.08,317.94,0.0000,946.67,340.82,0.0000,862.08,259.70,0.0000,771.25,51.00,0.0000,860.69,343.60,0.0000,771.25,51.00,0.0000
35,1,Jok,0.6606,1014.0,154.7,1085.4,345.4,0.9477,954.31,154.00,0.0000,1064.36,221.15,0.0000,954.31,154.00,0.0000,1037.88,167.43,0.0000,954.31,154.00,0.0000,1043.47,232.71,0.0000,954.31,154.00,0.0000,1016.98,268.53,0.0000,989.75,268.15,0.0000,1035.64,344.63,0.0000,1006.54,344.63,0.0000,1056.15,274.49,0.0000,1043.84,279.72,0.0000,1033.03,290.54,0.0000,1013.25,289.04,0.0000,954.31,344.63,0.0000,996.09,344.63,0.0000
36,0,Elm,0.6988,860.3,51.9,1037.9,406.5,0.9433,1009.77,119.64,0.0000,952.91,89.13,0.0000,1011.85,114.10,0.0000,771.25,51.00,0.0000,771.25,51.00,0.0000,771.25,51.00,0.0000,982.72,138.36,0.0000,871.09,207.70,0.0000,771.25,51.00,0.0000,1027.10,173.03,0.0000,1019.47,173.72,0.0000,861.39,317.94,0.0000,945.98,340.82,0.0000,862.08,259.70,0.0000,771.25,51.00,0.0000,771.25,343.60,0.0000,771.25,51.00,0.0000
36,1,Jok,0.6508,1013.0,154.8,1085.8,345.8,0.9491,953.31,154.00,0.0000,1063.36,220.40,0.0000,953.31,154.00,0.0000,1051.80,167.43,0.0000,953.31,154.00,0.0000,1050.68,225.62,0.0000,953.31,154.00,0.0000,1014.49,269.27,0.0000,1007.03,274.87,0.0000,953.31,344.63,0.0000,1009.64,344.63,0.0000,1055.15,274.12,0.0000,1055.53,279.72,0.0000,1031.65,306.20,0.0000,1015.24,298.00,0.0000,953.31,344.63,0.0000,1002.93,344.63,0.0000
37,0,Elm,0.7030,860.4,51.8,1037.5,406.6,0.9412,1017.39,119.64,0.0000,953.60,89.13,0.0000,1017.39,114.10,0.0000,771.25,51.00,0.0000,771.25,51.00,0.0000,771.25,51.00,0.0000,988.96,139.06,0.0000,878.72,208.39,0.0000,771.25,51.00,0.0000,1030.57,177.88,0.0000,1018.78,183.43,0.0000,861.39,310.32,0.0000,945.28,340.82,0.0000,862.08,260.39,0.0000,771.25,51.00,0.0000,771.25,343.60,0.0000,771.25,51.00,0.0000
37,1,Jok,0.6618,1013.1,154.5,1086.4,345.7,0.9494,954.06,154.00,0.0000,1063.73,221.52,0.0000,954.06,154.00,0.0000,1061.50,167.43,0.0000,954.06,154.00,0.0000,1051.42,232.34,0.0000,954.06,154.00,0.0000,1017.10,266.29,0.0000,1007.40,274.87,0.0000,1031.28,246.52,0.0000,1008.15,344.63,0.0000,1055.90,280.09,0.0000,1043.59,279.72,0.0000,1032.77,306.20,0.0000,1015.61,290.54,0.0000,1014.12,344.63,0.0000,1004.05,344.63,0.0000
38,0,Elm,0.7130,862.0,53.1,1036.5,406.4,0.9430,1017.82,121.95,0.0000,953.01,91.61,0.0000,1017.13,115.74,0.0000,772.37,53.00,0.0000,772.37,53.00,0.0000,772.37,53.00,0.0000,982.65,138.49,0.0000,879.24,209.51,0.0000,772.37,53.00,0.0000,1029.54,174.34,0.0000,1018.51,175.03,0.0000,862.00,310.86,0.0000,946.11,341.19,0.0000,862.69,260.53,0.0000,772.37,53.00,0.0000,772.37,338.43,0.0000,772.37,53.00,0.0000
38,1,Jok,0.6543,1013.9,154.8,1086.1,345.7,0.9485,954.06,154.00,0.0000,1064.11,221.15,0.0000,954.06,154.00,0.0000,1061.50,169.29,0.0000,954.06,154.00,0.0000,1051.42,232.34,0.0000,954.06,154.00,0.0000,1018.22,268.90,0.0000,1007.78,274.87,0.0000,954.06,344.63,0.0000,1006.29,344.63,0.0000,1055.90,279.72,0.0000,1055.90,279.72,0.0000,1032.40,309.93,0.0000,1018.60,290.54,0.0000,954.06,344.63,0.0000,1003.67,344.63,0.0000
39,0,Elm,0.7120,862.3,52.8,1037.4,406.0,0.9421,1018.26,137.04,0.0000,953.27,90.03,0.0000,1017.57,114.92,0.0000,772.12,52.00,0.0000,772.12,52.00,0.0000,772.12,52.00,0.0000,983.00,139.81,0.0000,879.29,208.95,0.0000,772.12,52.00,0.0000,1027.25,173.69,0.0000,1018.95,179.22,0.0000,858.54,310.59,0.0000,939.44,341.01,0.0000,862.69,260.80,0.0000,772.12,52.00,0.0000,925.61,343.77,0.0000,772.12,52.00,0.0000
39,1,Jok,0.6613,1014.1,154.9,1085.9,345.5,0.9485,954.31,154.00,0.0000,954.31,154.00,0.0000,954.31,154.00,0.0000,1061.75,174.14,0.0000,954.31,154.00,0.0000,1051.68,232.71,0.0000,954.31,154.00,0.0000,1017.36,268.90,0.0000,1003.18,268.15,0.0000,954.31,344.63,0.0000,1008.03,344.63,0.0000,1056.53,280.46,0.0000,1043.84,279.72,0.0000,1032.65,298.00,0.0000,1016.61,290.54,0.0000,1014.75,344.63,0.0000,1003.93,344.63,0.0000
40,0,Elm,0.7036,863.0,52.6,1037.9,406.4,0.9407,1017.57,137.04,0.0000,953.27,90.72,0.0000,1017.57,114.92,0.0000,772.12,52.00,0.0000,772.12,52.00,0.0000,772.12,52.00,0.0000,983.00,139.12,0.0000,879.29,208.95,0.0000,772.12,52.00,0.0000,1027.25,173.69,0.0000,1018.26,174.38,0.0000,862.00,310.59,0.0000,945.66,341.01,0.0000,862.69,260.11,0.0000,772.12,52.00,0.0000,772.12,343.77,0.0000,772.12,52.00,0.0000
40,1,Jok,0.6614,1013.5,154.9,1086.5,345.5,0.9488,954.06,154.00,0.0000,954.06,154.00,0.0000,954.06,154.00,0.0000,1061.87,167.80,0.0000,1042.84,169.67,0.0000,1051.42,232.71,0.0000,954.06,154.00,0.0000,1017.10,268.90,0.0000,1007.78,274.87,0.0000,954.06,344.63,0.0000,1008.15,344.63,0.0000,1055.90,280.46,0.0000,1043.59,279.72,0.0000,1032.40,309.93,0.0000,1018.97,290.54,0.0000,1014.87,344.63,0.0000,1003.67,344.63,0.0000
41,0,Elm,0.6767,860.4,53.5,1036.9,406.7,0.9435,1018.57,121.95,0.0000,952.39,91.61,0.0000,1017.20,115.74,0.0000,771.75,53.00,0.0000,771.75,53.00,0.0000,771.75,53.00,0.0000,988.24,139.87,0.0000,877.93,209.51,0.0000,771.75,53.00,0.0000,1029.61,174.34,0.0000,1018.57,175.03,0.0000,862.07,310.86,0.0000,945.49,341.19,0.0000,862.07,260.53,0.0000,771.75,53.00,0.0000,771.75,343.95,0.0000,771.75,53.00,0.0000
41,1,Jok,0.6537,1013.6,154.8,1086.3,345.6,0.9487,954.06,154.00,0.0000,954.06,154.00,0.0000,954.06,154.00,0.0000,1061.50,169.67,0.0000,954.06,154.00,0.0000,1051.42,229.36,0.0000,954.06,154.00,0.0000,1017.85,269.64,0.0000,1012.63,274.49,0.0000,954.06,246.52,0.0000,1007.78,344.63,0.0000,1056.27,274.12,0.0000,1056.27,279.72,0.0000,1032.40,309.93,0.0000,1018.97,290.54,0.0000,1016.36,344.63,0.0000,1004.05,344.63,0.0000
42,0,Elm,0.7118,862.8,51.8,1036.8,405.9,0.9421,1018.26,119.45,0.0000,953.96,89.03,0.0000,1017.57,113.92,0.0000,772.12,51.00,0.0000,772.12,51.00,0.0000,772.12,51.00,0.0000,989.22,140.88,0.0000,878.59,207.95,0.0000,772.12,51.00,0.0000,1030.01,176.84,0.0000,1018.95,183.06,0.0000,862.00,317.19,0.0000,945.66,340.01,0.0000,862.69,259.80,0.0000,772.12,51.00,0.0000,772.12,342.77,0.0000,772.12,51.00,0.0000
42,1,Jok,0.6609,1014.2,155.0,1085.9,345.6,0.9482,954.31,154.00,0.0000,1064.73,221.52,0.0000,954.31,154.00,0.0000,1061.75,169.67,0.0000,954.31,154.00,0.0000,1051.68,232.34,0.0000,954.31,154.00,0.0000,1018.48,268.90,0.0000,954.31,268.53,0.0000,954.31,344.63,0.0000,1006.54,344.63,0.0000,1056.53,279.72,0.0000,1043.84,279.72,0.0000,1032.65,306.20,0.0000,1013.25,290.54,0.0000,1014.37,344.63,0.0000,1003.93,344.63,0.0000
43,0,Elm,0.7103,861.7,51.7,1037.6,405.7,0.9429,1020.02,136.04,0.0000,954.34,89.03,0.0000,1017.95,114.61,0.0000,772.50,51.00,0.0000,772.50,51.00,0.0000,772.50,51.00,0.0000,989.60,139.50,0.0000,879.67,207.26,0.0000,772.50,51.00,0.0000,1027.63,177.53,0.0000,1019.33,188.59,0.0000,859.62,309.59,0.0000,946.04,340.70,0.0000,863.07,259.11,0.0000,772.50,51.00,0.0000,772.50,342.77,0.0000,772.50,51.00,0.0000
43,1,Jok,0.6644,1014.6,154.8,1086.2,345.7,0.9480,954.31,154.00,0.0000,1064.36,221.52,0.0000,954.31,154.00,0.0000,1037.88,167.06,0.0000,954.31,154.00,0.0000,1051.68,232.34,0.0000,954.31,154.00,0.0000,1017.36,268.53,0.0000,954.31,268.53,0.0000,954.31,344.63,0.0000,1006.54,344.63,0.0000,1056.15,279.72,0.0000,1056.15,280.09,0.0000,1032.65,298.00,0.0000,1015.87,290.16,0.0000,954.31,344.63,0.0000,1003.93,344.63,0.0000
44,0,Elm,0.6709,865.9,51.5,1035.8,405.1,0.9397,1017.80,119.45,0.0000,953.50,89.72,0.0000,1017.80,109.08,0.0000,772.35,51.00,0.0000,772.35,51.00,0.0000,772.35,51.00,0.0000,989.45,136.04,0.0000,878.83,207.95,0.0000,772.35,51.00,0.0000,1030.25,172.69,0.0000,1020.57,182.37,0.0000,862.23,317.19,0.0000,946.59,340.01,0.0000,862.93,259.80,0.0000,772.35,51.00,0.0000,862.23,343.46,0.0000,772.35,51.00,0.0000
44,1,Jok,0.6694,1013.9,154.5,1086.3,345.5,0.9482,954.06,154.00,0.0000,1064.48,220.78,0.0000,954.06,154.00,0.0000,1052.54,167.43,0.0000,954.06,154.00,0.0000,1051.42,225.62,0.0000,954.06,154.00,0.0000,1018.22,266.29,0.0000,1007.78,274.49,0.0000,1035.38,248.75,0.0000,1008.15,344.63,0.0000,1056.27,274.49,0.0000,1055.90,279.72,0.0000,1027.55,306.20,0.0000,1015.61,290.54,0.0000,1013.75,344.63,0.0000,1003.67,344.63,0.0000
45,0,Elm,0.6906,863.0,52.0,1035.0,405.8,0.9387,1016.75,120.26,0.0000,952.63,90.61,0.0000,1011.92,114.74,0.0000,771.99,52.00,0.0000,771.99,52.00,0.0000,771.99,52.00,0.0000,988.48,136.11,0.0000,871.27,209.20,0.0000,771.99,52.00,0.0000,1029.16,173.34,0.0000,1020.20,174.03,0.0000,858.17,317.44,0.0000,945.04,340.19,0.0000,862.31,259.53,0.0000,771.99,52.00,0.0000,861.62,342.95,0.0000,771.99,52.00,0.0000
45,1,Jok,0.6753,1013.7,148.8,1086.6,345.7,0.9501,950.67,148.00,0.0000,950.67,148.00,0.0000,950.67,148.00,0.0000,1061.48,216.49,0.0000,950.67,148.00,0.0000,1051.09,229.57,0.0000,950.67,148.00,0.0000,1017.23,267.66,0.0000,1011.08,272.66,0.0000,1011.46,243.42,0.0000,1006.46,344.62,0.0000,1056.09,272.28,0.0000,1055.71,272.28,0.0000,1031.85,308.83,0.0000,1014.92,288.82,0.0000,1012.62,344.62,0.0000,1002.23,344.62,0.0000
46,0,Elm,0.7078,866.7,51.4,1033.0,405.3,0.9391,1010.50,119.45,0.0000,953.12,89.72,0.0000,1011.20,109.08,0.0000,771.97,51.00,0.0000,771.97,51.00,0.0000,771.97,51.00,0.0000,982.16,130.51,0.0000,878.45,207.95,0.0000,771.97,51.00,0.0000,1027.10,172.69,0.0000,771.97,51.00,0.0000,861.85,317.19,0.0000,945.51,340.01,0.0000,993.91,259.11,0.0000,771.97,51.00,0.0000,879.83,342.77,0.0000,771.97,51.00,0.0000
46,1,Jok,0.6693,1014.1,153.2,1085.5,345.5,0.9490,953.25,153.00,0.0000,953.25,153.00,0.0000,953.25,153.00,0.0000,1052.25,168.75,0.0000,953.25,153.00,0.0000,1042.88,232.12,0.0000,953.25,153.00,0.0000,1017.75,268.88,0.0000,1007.25,266.25,0.0000,1035.00,248.62,0.0000,1011.38,344.62,0.0000,1055.62,279.00,0.0000,1055.62,279.38,0.0000,1036.50,290.62,0.0000,1019.25,290.25,0.0000,953.25,344.62,0.0000,1003.12,344.62,0.0000
47,0,Elm,0.7101,865.7,51.5,1033.5,405.2,0.9384,1006.74,119.45,0.0000,953.50,89.72,0.0000,1012.27,109.08,0.0000,772.35,51.00,0.0000,772.35,51.00,0.0000,772.35,51.00,0.0000,981.85,130.51,0.0000,879.52,207.95,0.0000,772.35,51.00,0.0000,1024.71,172.69,0.0000,1020.57,178.22,0.0000,859.47,317.19,0.0000,945.89,340.70,0.0000,987.38,259.11,0.0000,772.35,51.00,0.0000,869.15,343.46,0.0000,772.35,51.00,0.0000
47,1,Jok,0.6602,1013.1,154.4,1085.2,345.3,0.9495,953.31,154.00,0.0000,953.31,154.00,0.0000,953.31,154.00,0.0000,1060.75,167.43,0.0000,953.31,154.00,0.0000,1050.68,229.36,0.0000,953.31,154.00,0.0000,1015.98,266.29,0.0000,1011.88,274.12,0.0000,953.31,344.63,0.0000,1010.76,344.63,0.0000,1055.53,279.34,0.0000,1055.15,279.72,0.0000,1031.65,298.00,0.0000,1021.95,290.91,0.0000,1015.24,344.63,0.0000,1003.30,344.63,0.0000
48,0,Elm,0.7206,866.6,52.2,1033.8,405.3,0.9343,1007.34,120.26,0.0000,931.50,90.61,0.0000,1011.47,103.02,0.0000,773.61,52.00,0.0000,773.61,52.00,0.0000,773.61,52.00,0.0000,982.52,130.60,0.0000,880.48,208.51,0.0000,773.61,52.00,0.0000,1021.82,163.69,0.0000,773.61,52.00,0.0000,860.48,317.44,0.0000,946.67,340.19,0.0000,988.03,259.53,0.0000,773.61,52.00,0.0000,863.93,337.43,0.0000,773.61,52.00,0.0000
48,1,Jok,0.6690,1013.6,151.9,1085.8,345.3,0.9500,952.38,151.00,0.0000,952.38,151.00,0.0000,952.38,151.00,0.0000,1061.50,166.91,0.0000,952.38,151.00,0.0000,1051.27,230.57,0.0000,952.38,151.00,0.0000,1016.03,268.08,0.0000,1011.86,273.77,0.0000,1030.81,244.59,0.0000,1011.11,344.62,0.0000,1055.82,278.31,0.0000,1043.31,278.69,0.0000,1027.02,305.59,0.0000,1019.06,289.68,0.0000,1013.76,344.62,0.0000,1003.15,344.62,0.0000
49,0,Elm,0.7042,864.5,50.7,1033.7,405.6,0.9378,1006.14,118.64,0.0000,952.75,88.83,0.0000,1010.30,101.31,0.0000,771.09,50.00,0.0000,771.09,50.00,0.0000,771.09,50.00,0.0000,981.87,129.74,0.0000,877.87,198.38,0.0000,771.09,50.00,0.0000,1023.47,172.03,0.0000,1020.70,182.43,0.0000,861.23,316.94,0.0000,945.82,340.52,0.0000,986.72,258.70,0.0000,771.09,50.00,0.0000,1004.06,342.60,0.0000,771.09,50.00,0.0000
49,1,Jok,0.6646,1013.4,154.0,1085.4,345.2,0.9488,953.00,153.00,0.0000,953.00,153.00,0.0000,953.00,153.00,0.0000,1037.38,166.50,0.0000,953.00,153.00,0.0000,1050.88,227.62,0.0000,953.00,153.00,0.0000,1016.38,269.25,0.0000,1011.88,274.50,0.0000,1012.25,344.62,0.0000,1010.75,344.62,0.0000,1055.75,274.12,0.0000,1055.38,279.38,0.0000,1031.75,306.00,0.0000,1015.25,297.75,0.0000,1013.75,344.62,0.0000,1002.88,344.62,0.0000
50,0,Elm,0.7199,862.3,50.0,1034.2,405.6,0.9411,1008.99,113.79,0.0000,969.47,88.83,0.0000,1009.69,101.31,0.0000,770.48,50.00,0.0000,770.48,50.00,0.0000,770.48,50.00,0.0000,981.26,129.74,0.0000,878.64,198.38,0.0000,770.48,50.00,0.0000,1023.55,172.03,0.0000,1019.39,182.43,0.0000,861.31,316.94,0.0000,946.59,339.82,0.0000,985.42,258.70,0.0000,770.48,50.00,0.0000,1002.75,337.05,0.0000,770.48,50.00,0.0000
50,1,Jok,0.6591,1011.8,154.5,1086.1,345.1,0.9505,952.80,154.00,0.0000,1063.23,219.66,0.0000,952.80,154.00,0.0000,1036.37,167.43,0.0000,952.80,154.00,0.0000,1041.96,229.36,0.0000,1021.07,209.21,0.0000,1011.75,266.29,0.0000,1011.37,274.87,0.0000,952.80,344.63,0.0000,1006.52,344.63,0.0000,1055.02,274.49,0.0000,1055.02,279.72,0.0000,1031.52,298.00,0.0000,1011.75,290.54,0.0000,1013.24,344.63,0.0000,1002.79,344.63,0.0000
51,0,Elm,0.7091,861.4,48.8,1034.7,404.9,0.9434,1009.10,111.27,0.0000,951.39,86.94,0.0000,1010.49,99.45,0.0000,769.22,48.00,0.0000,769.22,48.00,0.0000,769.22,48.00,0.0000,980.59,132.83,0.0000,876.30,205.14,0.0000,769.22,48.00,0.0000,1028.57,170.38,0.0000,1018.14,180.80,0.0000,860.30,315.70,0.0000,944.44,339.34,0.0000,860.30,257.29,0.0000,769.22,48.00,0.0000,1002.15,341.42,0.0000,769.22,48.00,0.0000
51,1,Jok,0.6641,1012.1,154.6,1086.1,345.4,0.9502,953.80,154.00,0.0000,953.80,154.00,0.0000,953.80,154.00,0.0000,1061.62,174.14,0.0000,953.80,154.00,0.0000,1051.17,225.62,0.0000,953.80,154.00,0.0000,1016.85,266.29,0.0000,1012.37,274.87,0.0000,1031.40,249.13,0.0000,1007.90,344.63,0.0000,1056.02,274.12,0.0000,1055.65,279.72,0.0000,1032.14,298.00,0.0000,1015.73,290.54,0.0000,1014.24,344.63,0.0000,1003.42,344.63,0.0000
52,0,Elm,0.7009,864.8,51.2,1035.4,406.1,0.9379,1013.07,114.79,0.0000,931.26,89.83,0.0000,1013.77,102.31,0.0000,955.52,81.51,0.0000,772.48,51.00,0.0000,772.48,51.00,0.0000,982.56,130.74,0.0000,879.25,208.39,0.0000,772.48,51.00,0.0000,1025.55,173.03,0.0000,1021.39,178.58,0.0000,859.15,317.94,0.0000,947.20,340.82,0.0000,995.04,259.70,0.0000,772.48,51.00,0.0000,1001.98,343.60,0.0000,772.48,51.00,0.0000
52,1,Jok,0.6553,1013.4,154.9,1085.8,345.4,0.9501,953.31,154.00,0.0000,1063.36,219.66,0.0000,953.31,154.00,0.0000,1061.12,171.53,0.0000,953.31,154.00,0.0000,1051.05,228.24,0.0000,953.31,154.00,0.0000,1012.25,269.27,0.0000,1011.88,274.87,0.0000,953.31,344.63,0.0000,1010.02,344.63,0.0000,1055.53,279.72,0.0000,1042.84,279.72,0.0000,1031.65,298.00,0.0000,1014.87,290.54,0.0000,1013.75,344.63,0.0000,1002.93,344.63,0.0000
53,0,Elm,0.6917,868.1,51.5,1038.2,405.3,0.9349,1020.80,135.35,0.0000,933.68,101.47,0.0000,1014.58,109.08,0.0000,775.35,51.00,0.0000,775.35,51.00,0.0000,775.35,51.00,0.0000,984.85,135.35,0.0000,883.21,207.95,0.0000,775.35,51.00,0.0000,1027.71,173.38,0.0000,775.35,51.00,0.0000,854.17,317.19,0.0000,949.59,340.70,0.0000,997.29,259.11,0.0000,775.35,51.00,0.0000,929.54,343.46,0.0000,775.35,51.00,0.0000
53,1,Jok,0.6567,1013.4,154.5,1086.7,345.2,0.9498,954.06,154.00,0.0000,954.06,154.00,0.0000,954.06,154.00,0.0000,1061.87,167.80,0.0000,954.06,154.00,0.0000,1051.80,225.62,0.0000,954.06,154.00,0.0000,1017.85,266.29,0.0000,1007.78,266.66,0.0000,1013.00,249.13,0.0000,1011.88,344.63,0.0000,1056.27,279.34,0.0000,1043.59,279.72,0.0000,1027.18,290.54,0.0000,1015.98,289.04,0.0000,1014.12,344.63,0.0000,1003.67,344.63,0.0000
54,1,Jok,0.6487,1015.1,154.7,1086.7,345.7,0.9488,955.31,154.00,0.0000,1064.99,220.78,0.0000,955.31,154.00,0.0000,1053.80,167.43,0.0000,955.31,154.00,0.0000,1053.05,225.62,0.0000,1028.06,206.60,0.0000,1026.56,266.29,0.0000,1014.25,269.27,0.0000,1024.70,249.13,0.0000,1007.17,344.63,0.0000,1057.53,274.49,0.0000,1044.84,274.12,0.0000,1033.65,290.54,0.0000,1017.98,290.54,0.0000,1011.64,344.63,0.0000,1005.30,344.63,0.0000
54,0,Elm,0.6578,870.4,57.2,1042.2,404.7,0.9256,1026.56,145.11,0.0000,924.90,120.71,0.0000,1023.17,124.77,0.0000,968.27,89.53,0.0000,781.89,57.00,0.0000,781.89,57.00,0.0000,995.38,134.26,0.0000,873.39,197.29,0.0000,781.89,57.00,0.0000,1035.37,176.28,0.0000,1032.66,176.28,0.0000,859.16,317.93,0.0000,945.23,340.29,0.0000,1000.80,247.44,0.0000,781.89,57.00,0.0000,1002.16,343.00,0.0000,781.89,57.00,0.0000
55,0,Elm,0.6604,859.7,52.9,1047.6,404.0,0.9266,1034.50,152.09,0.0000,1024.22,136.32,0.0000,1024.90,135.64,0.0000,982.40,89.02,0.0000,1022.16,114.38,0.0000,778.11,52.00,0.0000,994.74,134.27,0.0000,882.31,189.79,0.0000,778.11,52.00,0.0000,1034.50,196.65,0.0000,1039.98,176.77,0.0000,856.94,309.08,0.0000,943.32,339.24,0.0000,1001.59,241.21,0.0000,778.11,52.00,0.0000,1013.93,317.31,0.0000,778.11,52.00,0.0000
55,1,Jok,0.6561,1014.8,155.5,1087.5,346.3,0.9488,955.06,155.00,0.0000,1065.48,223.64,0.0000,955.06,155.00,0.0000,1047.57,167.68,0.0000,955.06,155.00,0.0000,1052.42,226.62,0.0000,1028.18,207.23,0.0000,1026.68,267.29,0.0000,1013.63,267.29,0.0000,1013.63,345.63,0.0000,1005.05,345.63,0.0000,1056.90,280.72,0.0000,1056.90,280.72,0.0000,1037.88,291.54,0.0000,1016.61,291.16,0.0000,1015.49,345.63,0.0000,1004.67,345.63,0.0000
56,1,Jok,0.6524,1015.2,155.0,1087.9,346.4,0.9482,955.00,154.00,0.0000,1063.75,221.50,0.0000,955.00,154.00,0.0000,1054.00,166.75,0.0000,955.00,154.00,0.0000,1056.62,226.00,0.0000,1028.50,206.50,0.0000,1019.50,266.88,0.0000,1013.88,270.25,0.0000,1014.25,345.62,0.0000,1007.50,345.62,0.0000,1057.75,280.00,0.0000,1057.75,280.00,0.0000,1029.25,291.25,0.0000,1014.25,266.88,0.0000,1012.00,345.62,0.0000,1005.25,345.62,0.0000
56,0,Elm,0.5680,875.2,56.1,1044.0,403.7,0.9188,1030.88,165.79,0.0000,1028.85,144.11,0.0000,1028.85,141.39,0.0000,980.05,87.85,0.0000,785.54,56.00,0.0000,785.54,56.00,0.0000,999.03,132.58,0.0000,883.81,192.22,0.0000,785.54,56.00,0.0000,1035.62,175.28,0.0000,1039.01,175.96,0.0000,862.80,309.47,0.0000,948.87,339.29,0.0000,1003.09,253.90,0.0000,785.54,56.00,0.0000,1005.12,342.00,0.0000,785.54,56.00,0.0000
57,1,Jok,0.6541,1015.9,155.2,1087.6,346.3,0.9469,955.31,155.00,0.0000,1064.99,222.89,0.0000,955.31,155.00,0.0000,1053.42,167.68,0.0000,955.31,155.00,0.0000,1056.04,226.62,0.0000,1029.92,207.60,0.0000,1030.67,266.91,0.0000,1014.25,257.59,0.0000,1019.48,250.13,0.0000,1005.30,250.13,0.0000,1057.15,281.09,0.0000,1057.53,280.72,0.0000,1038.13,291.54,0.0000,1015.00,251.62,0.0000,1015.37,345.63,0.0000,1005.30,345.63,0.0000
57,0,Elm,0.5224,876.9,58.3,1043.9,404.3,0.9202,1030.08,160.72,0.0000,1020.62,141.80,0.0000,1028.73,134.36,0.0000,980.75,88.41,0.0000,1019.94,107.33,0.0000,786.80,58.00,0.0000,992.23,131.66,0.0000,891.54,193.83,0.0000,786.80,58.00,0.0000,1036.16,167.48,0.0000,1038.86,175.59,0.0000,863.84,310.74,0.0000,948.98,340.48,0.0000,1003.72,243.84,0.0000,786.80,58.00,0.0000,1009.80,342.50,0.0000,786.80,58.00,0.0000
58,1,Jok,0.6524,1014.1,154.9,1088.0,346.1,0.9483,954.75,154.00,0.0000,1065.38,221.12,0.0000,954.75,154.00,0.0000,1053.75,166.75,0.0000,954.75,154.00,0.0000,1052.62,226.00,0.0000,1028.25,203.50,0.0000,1028.25,266.88,0.0000,954.75,266.88,0.0000,1014.00,249.62,0.0000,1004.62,249.62,0.0000,1057.12,280.38,0.0000,1045.12,280.38,0.0000,1037.25,290.88,0.0000,1014.38,251.88,0.0000,1011.38,345.62,0.0000,1004.62,345.62,0.0000
58,0,Elm,0.6433,880.1,51.8,1043.4,404.7,0.9100,1018.58,119.95,0.0000,922.75,93.06,0.0000,1022.72,102.02,0.0000,955.15,82.03,0.0000,1008.93,91.68,0.0000,784.86,51.00,0.0000,992.38,128.22,0.0000,936.54,197.85,0.0000,784.86,51.00,0.0000,1032.37,172.34,0.0000,1032.37,172.34,0.0000,863.45,316.44,0.0000,950.32,339.19,0.0000,998.59,257.84,0.0000,784.86,51.00,0.0000,1008.24,342.64,0.0000,784.86,51.00,0.0000
59,1,Jok,0.6705,1013.2,153.9,1087.4,346.4,0.9471,953.44,153.00,0.0000,1064.64,218.97,0.0000,953.44,153.00,0.0000,1062.00,166.57,0.0000,953.44,153.00,0.0000,1051.83,228.01,0.0000,1022.80,202.76,0.0000,1018.28,269.86,0.0000,953.44,266.46,0.0000,1007.72,345.62,0.0000,1007.72,345.62,0.0000,1056.73,274.38,0.0000,1056.35,279.66,0.0000,1032.60,290.96,0.0000,1013.00,257.04,0.0000,953.44,345.62,0.0000,1002.07,345.62,0.0000
59,0,Elm,0.6707,879.7,49.4,1036.4,404.2,0.9136,1014.90,112.79,0.0000,919.21,87.13,0.0000,1013.51,91.99,0.0000,946.95,78.12,0.0000,1000.34,82.97,0.0000,780.54,49.00,0.0000,978.15,125.96,0.0000,920.60,196.69,0.0000,780.54,49.00,0.0000,1023.91,170.34,0.0000,780.54,49.00,0.0000,859.59,315.94,0.0000,946.95,338.82,0.0000,995.48,257.01,0.0000,780.54,49.00,0.0000,1004.50,352.00,0.0000,780.54,49.00,0.0000
60,1,Jok,0.6697,1013.6,154.2,1087.0,345.9,0.9475,954.06,154.00,0.0000,1064.11,220.03,0.0000,954.06,154.00,0.0000,1061.50,167.06,0.0000,954.06,154.00,0.0000,1051.42,228.61,0.0000,1020.46,206.23,0.0000,1018.22,269.64,0.0000,1012.63,266.66,0.0000,1007.78,344.63,0.0000,1006.29,344.63,0.0000,1056.27,279.34,0.0000,1055.90,279.72,0.0000,1032.77,298.00,0.0000,1015.61,290.54,0.0000,1010.76,344.63,0.0000,1003.67,344.63,0.0000
60,0,Elm,0.6352,879.3,49.2,1036.0,404.4,0.9190,1014.21,112.79,0.0000,917.83,87.13,0.0000,1012.12,91.99,0.0000,949.72,78.81,0.0000,1001.03,83.67,0.0000,779.16,49.00,0.0000,977.46,125.96,0.0000,931.70,196.69,0.0000,779.16,49.00,0.0000,1022.53,155.08,0.0000,779.16,49.00,0.0000,858.89,315.94,0.0000,945.56,338.82,0.0000,994.10,257.70,0.0000,779.16,49.00,0.0000,1003.80,352.69,0.0000,779.16,49.00,0.0000
61,1,Jok,0.6581,1013.0,154.1,1086.9,345.9,0.9479,953.80,154.00,0.0000,1063.85,220.78,0.0000,953.80,154.00,0.0000,1061.62,218.91,0.0000,953.80,154.00,0.0000,1054.90,228.24,0.0000,1022.82,203.24,0.0000,1016.48,269.64,0.0000,969.47,256.21,0.0000,953.80,246.14,0.0000,1004.17,238.68,0.0000,1056.02,279.72,0.0000,1056.02,279.72,0.0000,1027.67,290.54,0.0000,1012.37,257.33,0.0000,953.80,344.63,0.0000,1003.42,344.63,0.0000
61,0,Elm,0.6074,876.7,51.4,1036.5,404.6,0.9173,1017.34,135.11,0.0000,917.37,110.29,0.0000,1019.41,113.74,0.0000,952.53,82.03,0.0000,779.48,51.00,0.0000,779.48,51.00,0.0000,986.31,128.91,0.0000,992.52,208.20,0.0000,779.48,51.00,0.0000,1026.30,172.34,0.0000,779.48,51.00,0.0000,858.07,316.44,0.0000,944.95,339.19,0.0000,993.90,252.32,0.0000,779.48,51.00,0.0000,1003.55,342.64,0.0000,779.48,51.00,0.0000
62,1,Jok,0.6597,1015.1,154.6,1088.0,346.4,0.9470,955.00,154.00,0.0000,1065.25,222.62,0.0000,955.00,154.00,0.0000,1063.00,219.62,0.0000,955.00,154.00,0.0000,1052.88,229.75,0.0000,1024.00,203.50,0.0000,1019.50,270.25,0.0000,1013.88,267.25,0.0000,955.00,345.62,0.0000,1012.75,345.62,0.0000,1058.12,280.00,0.0000,1057.75,280.00,0.0000,1029.25,298.75,0.0000,1014.25,291.25,0.0000,1011.62,345.62,0.0000,997.38,345.62,0.0000
62,0,Elm,0.6837,878.3,55.3,1044.0,404.3,0.9086,1031.37,150.43,0.0000,1018.42,139.52,0.0000,1029.32,129.98,0.0000,982.97,86.36,0.0000,786.66,55.00,0.0000,786.66,55.00,0.0000,992.52,129.30,0.0000,997.29,210.41,0.0000,786.66,55.00,0.0000,1031.37,174.97,0.0000,1032.05,164.74,0.0000,864.37,309.93,0.0000,949.57,339.24,0.0000,997.97,241.77,0.0000,786.66,55.00,0.0000,1007.51,341.97,0.0000,786.66,55.00,0.0000
63,1,Jok,0.6662,1014.7,153.9,1088.1,346.5,0.9489,954.44,153.00,0.0000,1065.27,223.49,0.0000,954.44,153.00,0.0000,1063.00,168.83,0.0000,954.44,153.00,0.0000,1049.06,232.54,0.0000,1024.18,205.77,0.0000,1026.44,269.86,0.0000,954.44,266.46,0.0000,1013.62,345.62,0.0000,1007.21,345.62,0.0000,1057.73,279.28,0.0000,1057.35,280.03,0.0000,1033.60,290.96,0.0000,1014.00,257.04,0.0000,1015.13,345.62,0.0000,1004.58,345.62,0.0000
63,0,Elm,0.6938,879.9,56.7,1047.2,404.2,0.9020,1033.29,151.16,0.0000,1024.45,140.96,0.0000,1032.61,132.80,0.0000,995.23,88.62,0.0000,1025.13,106.98,0.0000,789.28,56.00,0.0000,994.55,129.41,0.0000,887.84,200.77,0.0000,789.28,56.00,0.0000,1032.61,175.62,0.0000,789.28,56.00,0.0000,866.77,310.20,0.0000,952.41,339.43,0.0000,995.23,242.23,0.0000,789.28,56.00,0.0000,895.31,343.51,0.0000,789.28,56.00,0.0000
64,1,Jok,0.6674,1014.6,154.6,1088.1,346.4,0.9488,954.75,154.00,0.0000,1065.00,223.75,0.0000,954.75,154.00,0.0000,1053.75,167.12,0.0000,954.75,154.00,0.0000,1048.88,233.12,0.0000,1024.12,206.50,0.0000,1026.38,270.25,0.0000,1014.00,266.88,0.0000,1013.62,247.00,0.0000,1008.75,345.62,0.0000,1057.50,280.00,0.0000,1057.12,280.38,0.0000,1038.00,291.62,0.0000,1014.00,295.75,0.0000,1015.50,345.62,0.0000,1004.62,345.62,0.0000
64,0,Elm,0.7000,879.3,62.0,1047.4,404.5,0.8941,1033.75,159.48,0.0000,1030.40,144.07,0.0000,1033.08,135.36,0.0000,985.52,89.81,0.0000,1025.04,109.23,0.0000,791.91,61.00,0.0000,994.23,124.64,0.0000,998.92,203.69,0.0000,791.91,61.00,0.0000,1032.41,168.86,0.0000,1033.08,169.53,0.0000,858.90,305.52,0.0000,952.02,335.67,0.0000,994.23,243.89,0.0000,791.91,61.00,0.0000,1012.98,334.33,0.0000,791.91,61.00,0.0000
65,1,Jok,0.6578,1014.8,154.7,1087.9,346.5,0.9491,954.75,154.00,0.0000,954.75,154.00,0.0000,954.75,154.00,0.0000,1062.75,167.50,0.0000,954.75,154.00,0.0000,1052.62,232.75,0.0000,1027.12,206.88,0.0000,1026.75,270.25,0.0000,1013.62,266.88,0.0000,1014.00,246.62,0.0000,1012.88,345.62,0.0000,1057.50,274.75,0.0000,1045.12,280.38,0.0000,1033.50,291.25,0.0000,1014.00,291.25,0.0000,1014.75,345.62,0.0000,1004.62,345.62,0.0000
65,0,Elm,0.6580,879.5,58.5,1049.6,403.9,0.8927,1033.98,152.34,0.0000,1024.55,141.55,0.0000,1033.31,134.14,0.0000,986.81,86.97,0.0000,791.40,58.00,0.0000,791.40,58.00,0.0000,995.57,132.12,0.0000,897.19,201.53,0.0000,791.40,58.00,0.0000,1032.63,167.16,0.0000,1033.31,173.90,0.0000,868.22,309.34,0.0000,953.12,338.99,0.0000,995.57,242.63,0.0000,791.40,58.00,0.0000,897.19,343.03,0.0000,791.40,58.00,0.0000
66,1,Jok,0.6524,1015.2,155.0,1087.8,346.6,0.9495,955.00,154.00,0.0000,1065.62,224.12,0.0000,955.00,154.00,0.0000,1047.62,166.75,0.0000,955.00,154.00,0.0000,1044.62,233.12,0.0000,1025.88,206.88,0.0000,1027.00,266.88,0.0000,1014.25,266.88,0.0000,1024.38,249.62,0.0000,1013.12,345.62,0.0000,1057.75,280.38,0.0000,1057.38,280.38,0.0000,1038.25,291.25,0.0000,1020.25,291.25,0.0000,1014.62,345.62,0.0000,1004.88,345.62,0.0000
66,0,Elm,0.6502,879.8,57.9,1049.8,404.1,0.8975,1035.56,151.88,0.0000,950.84,141.72,0.0000,1034.20,133.58,0.0000,986.08,88.85,0.0000,790.89,57.00,0.0000,790.89,57.00,0.0000,996.25,133.58,0.0000,940.00,202.04,0.0000,790.89,57.00,0.0000,1033.52,166.79,0.0000,1034.88,175.60,0.0000,867.48,310.47,0.0000,943.38,339.62,0.0000,995.57,242.02,0.0000,790.89,57.00,0.0000,1005.06,337.58,0.0000,790.89,57.00,0.0000
67,1,Jok,0.6454,1015.0,154.5,1088.2,346.8,0.9505,955.75,154.00,0.0000,955.75,154.00,0.0000,955.75,154.00,0.0000,1054.75,167.12,0.0000,955.75,154.00,0.0000,1045.38,233.12,0.0000,1025.12,206.88,0.0000,1023.25,270.25,0.0000,1014.62,267.25,0.0000,1033.38,246.62,0.0000,1010.12,345.62,0.0000,1058.50,280.38,0.0000,1058.50,280.38,0.0000,1029.62,307.00,0.0000,1015.00,298.75,0.0000,1012.38,345.62,0.0000,1005.62,345.62,0.0000
67,0,Elm,0.6399,878.9,52.8,1051.3,404.5,0.9013,1036.12,148.25,0.0000,950.88,116.62,0.0000,1033.38,128.31,0.0000,983.88,89.12,0.0000,788.62,52.00,0.0000,788.62,52.00,0.0000,996.94,131.06,0.0000,888.31,199.12,0.0000,788.62,52.00,0.0000,1034.75,173.00,0.0000,1035.44,182.62,0.0000,866.31,309.12,0.0000,952.94,339.38,0.0000,938.50,252.75,0.0000,788.62,52.00,0.0000,880.06,342.12,0.0000,788.62,52.00,0.0000
68,1,Jok,0.6507,1015.2,155.5,1087.9,346.5,0.9470,955.31,155.00,0.0000,1065.36,224.76,0.0000,955.31,155.00,0.0000,1047.46,167.68,0.0000,955.31,155.00,0.0000,1044.10,233.71,0.0000,1023.95,207.23,0.0000,1024.33,267.29,0.0000,1014.25,267.66,0.0000,1024.70,345.63,0.0000,1007.54,345.63,0.0000,1057.15,275.49,0.0000,1057.15,280.72,0.0000,1038.13,290.42,0.0000,1016.87,345.63,0.0000,955.31,345.63,0.0000,1004.55,345.63,0.0000
68,0,Elm,0.6984,878.8,58.2,1044.2,404.2,0.9048,1031.40,141.80,0.0000,946.93,115.44,0.0000,1030.05,119.50,0.0000,969.91,83.68,0.0000,787.45,58.00,0.0000,787.45,58.00,0.0000,992.88,132.34,0.0000,996.26,201.94,0.0000,787.45,58.00,0.0000,1039.51,176.94,0.0000,1040.19,167.48,0.0000,864.48,310.07,0.0000,949.63,339.80,0.0000,996.94,243.84,0.0000,787.45,58.00,0.0000,1013.83,337.77,0.0000,787.45,58.00,0.0000
69,1,Jok,0.6522,1014.0,155.6,1087.9,346.4,0.9503,955.06,155.00,0.0000,1065.11,224.76,0.0000,955.06,155.00,0.0000,1062.50,168.43,0.0000,955.06,155.00,0.0000,1052.42,226.62,0.0000,1023.70,204.24,0.0000,1022.58,267.29,0.0000,955.06,266.91,0.0000,1013.63,345.63,0.0000,1006.91,345.63,0.0000,1057.27,270.64,0.0000,1057.27,275.12,0.0000,1033.40,310.56,0.0000,1019.97,299.00,0.0000,955.06,345.63,0.0000,1002.81,345.63,0.0000
69,0,Elm,0.7018,877.3,49.6,1044.1,405.3,0.9042,1023.02,118.53,0.0000,929.15,91.41,0.0000,1023.02,100.45,0.0000,956.96,79.59,0.0000,782.44,49.00,0.0000,782.44,49.00,0.0000,993.12,128.27,0.0000,890.21,188.76,0.0000,782.44,49.00,0.0000,1032.05,176.24,0.0000,1032.05,181.80,0.0000,861.70,309.05,0.0000,949.31,339.64,0.0000,934.02,251.34,0.0000,782.44,49.00,0.0000,880.48,343.12,0.0000,782.44,49.00,0.0000
70,1,Jok,0.6595,1012.2,155.3,1087.6,346.0,0.9506,953.80,155.00,0.0000,953.80,155.00,0.0000,953.80,155.00,0.0000,1061.24,155.00,0.0000,953.80,155.00,0.0000,1051.17,229.24,0.0000,1022.82,207.23,0.0000,1016.85,270.64,0.0000,1012.37,267.66,0.0000,953.80,345.63,0.0000,1006.03,345.63,0.0000,1056.02,280.72,0.0000,1056.02,280.72,0.0000,1036.62,299.00,0.0000,1012.75,296.01,0.0000,953.80,345.63,0.0000,1003.42,345.63,0.0000
70,0,Elm,0.6852,874.5,46.5,1043.0,406.6,0.9049,1016.03,109.98,0.0000,918.30,85.38,0.0000,1016.73,96.62,0.0000,947.12,81.16,0.0000,778.38,46.00,0.0000,778.38,46.00,0.0000,987.91,126.86,0.0000,869.78,186.62,0.0000,778.38,46.00,0.0000,1025.88,169.75,0.0000,1025.88,176.08,0.0000,858.53,308.97,0.0000,947.12,339.91,0.0000,931.66,256.94,0.0000,778.38,46.00,0.0000,888.06,343.42,0.0000,778.38,46.00,0.0000
71,1,Jok,0.6525,1010.9,154.9,1087.6,345.7,0.9493,953.30,154.00,0.0000,1064.09,223.76,0.0000,953.30,154.00,0.0000,1051.41,154.00,0.0000,953.30,154.00,0.0000,1042.46,232.71,0.0000,1021.94,203.24,0.0000,1017.46,270.02,0.0000,953.30,265.91,0.0000,953.30,344.63,0.0000,1005.52,344.63,0.0000,1055.51,280.09,0.0000,1055.51,279.72,0.0000,953.30,298.00,0.0000,1011.49,344.63,0.0000,953.30,344.63,0.0000,995.45,344.63,0.0000
71,0,Elm,0.6651,873.2,47.2,1039.6,406.5,0.9035,1013.94,111.51,0.0000,916.47,86.27,0.0000,1013.23,97.48,0.0000,951.53,76.45,0.0000,776.24,47.00,0.0000,776.24,47.00,0.0000,986.59,126.23,0.0000,886.32,196.35,0.0000,776.24,47.00,0.0000,1022.35,170.41,0.0000,1023.75,180.22,0.0000,856.87,316.95,0.0000,945.22,340.09,0.0000,929.09,258.05,0.0000,776.24,47.00,0.0000,886.32,352.71,0.0000,776.24,47.00,0.0000
72,1,Jok,0.6520,1011.4,155.2,1087.3,345.9,0.9493,953.85,155.00,0.0000,1063.70,224.02,0.0000,953.85,155.00,0.0000,1060.73,168.36,0.0000,953.85,155.00,0.0000,1050.71,229.22,0.0000,1022.13,203.61,0.0000,1016.57,270.04,0.0000,1007.29,267.07,0.0000,953.85,344.63,0.0000,1006.18,344.63,0.0000,1055.53,274.49,0.0000,1055.53,274.49,0.0000,1026.59,306.41,0.0000,1012.11,298.24,0.0000,953.85,344.63,0.0000,1003.21,344.63,0.0000
72,0,Elm,0.6527,870.8,47.5,1040.6,407.8,0.9025,1012.73,111.69,0.0000,976.17,85.67,0.0000,1012.73,91.30,0.0000,950.16,76.53,0.0000,774.38,47.00,0.0000,774.38,47.00,0.0000,982.50,127.16,0.0000,884.06,196.77,0.0000,774.38,47.00,0.0000,1025.39,170.75,0.0000,1026.09,171.45,0.0000,855.23,317.70,0.0000,943.83,340.91,0.0000,986.72,257.94,0.0000,774.38,47.00,0.0000,884.06,344.42,0.0000,774.38,47.00,0.0000
73,1,Jok,0.6556,1011.8,155.8,1087.6,345.8,0.9491,953.85,155.00,0.0000,1064.07,223.65,0.0000,953.85,155.00,0.0000,1060.73,168.73,0.0000,953.85,155.00,0.0000,1050.71,226.25,0.0000,1022.13,200.64,0.0000,1016.20,270.41,0.0000,953.85,267.07,0.0000,953.85,344.63,0.0000,1005.80,344.63,0.0000,1062.21,270.04,0.0000,1055.53,274.49,0.0000,1026.59,306.41,0.0000,1012.11,298.24,0.0000,953.85,344.63,0.0000,995.79,344.63,0.0000
73,0,Elm,0.6891,869.8,49.0,1040.2,407.4,0.9116,1016.25,117.42,0.0000,915.28,90.07,0.0000,1016.25,98.48,0.0000,951.04,77.45,0.0000,775.04,48.00,0.0000,775.04,48.00,0.0000,986.10,127.93,0.0000,883.72,197.35,0.0000,775.04,48.00,0.0000,1026.06,171.41,0.0000,1026.06,172.11,0.0000,854.98,317.95,0.0000,944.03,340.39,0.0000,987.50,258.35,0.0000,775.04,48.00,0.0000,884.43,344.60,0.0000,775.04,48.00,0.0000
74,1,Jok,0.6617,1013.3,155.7,1087.1,346.1,0.9488,954.80,155.00,0.0000,954.80,155.00,0.0000,954.80,155.00,0.0000,1053.29,168.43,0.0000,954.80,155.00,0.0000,1052.17,226.62,0.0000,1023.82,203.87,0.0000,1021.95,267.29,0.0000,1008.52,267.29,0.0000,1039.86,250.13,0.0000,1006.66,345.63,0.0000,1057.02,275.12,0.0000,1044.34,275.49,0.0000,1037.99,290.42,0.0000,1013.75,275.87,0.0000,954.80,345.63,0.0000,1003.30,345.63,0.0000
74,0,Elm,0.7169,867.9,55.9,1041.6,407.6,0.9179,1025.12,155.38,0.0000,939.88,119.62,0.0000,1024.44,123.75,0.0000,967.38,85.94,0.0000,1016.19,105.19,0.0000,777.62,55.00,0.0000,994.19,133.38,0.0000,884.19,211.06,0.0000,777.62,55.00,0.0000,1034.75,192.50,0.0000,1028.56,176.69,0.0000,856.00,312.81,0.0000,942.62,341.69,0.0000,991.44,261.25,0.0000,777.62,55.00,0.0000,1001.06,345.81,0.0000,777.62,55.00,0.0000
75,1,Jok,0.6481,1014.5,155.8,1088.1,346.7,0.9500,955.80,155.00,0.0000,955.80,155.00,0.0000,955.80,155.00,0.0000,1048.69,168.06,0.0000,955.80,155.00,0.0000,1044.96,234.09,0.0000,1024.82,207.60,0.0000,1019.97,270.64,0.0000,955.80,267.29,0.0000,1037.13,345.63,0.0000,1007.29,345.63,0.0000,1058.02,275.49,0.0000,1058.02,280.72,0.0000,1038.62,290.42,0.0000,1020.34,291.54,0.0000,955.80,345.63,0.0000,1005.42,345.63,0.0000
75,0,Elm,0.6970,874.7,56.8,1049.7,408.5,0.8995,1033.50,152.25,0.0000,948.25,141.25,0.0000,1032.81,133.00,0.0000,983.31,92.44,0.0000,786.00,56.00,0.0000,786.00,56.00,0.0000,994.31,134.38,0.0000,892.56,203.12,0.0000,786.00,56.00,0.0000,1032.81,177.00,0.0000,1032.81,177.00,0.0000,864.38,313.12,0.0000,951.00,342.69,0.0000,935.88,256.75,0.0000,786.00,56.00,0.0000,882.94,337.19,0.0000,786.00,56.00,0.0000
76,1,Jok,0.6651,1015.1,156.2,1088.2,346.8,0.9507,956.37,156.00,0.0000,956.37,156.00,0.0000,956.37,156.00,0.0000,1054.34,168.99,0.0000,956.37,156.00,0.0000,1053.22,233.93,0.0000,1028.36,208.32,0.0000,1020.57,271.04,0.0000,1014.63,270.30,0.0000,956.37,345.63,0.0000,1007.95,345.63,0.0000,1057.68,275.49,0.0000,1057.68,281.06,0.0000,1034.30,307.41,0.0000,1015.00,299.24,0.0000,956.37,345.63,0.0000,1005.72,345.63,0.0000
76,0,Elm,0.6434,876.1,56.7,1051.5,408.7,0.9007,1035.50,152.25,0.0000,950.25,140.56,0.0000,1034.81,133.69,0.0000,985.31,93.12,0.0000,788.00,56.00,0.0000,788.00,56.00,0.0000,996.31,135.06,0.0000,887.69,202.44,0.0000,788.00,56.00,0.0000,1034.81,167.38,0.0000,1034.81,177.00,0.0000,865.69,313.12,0.0000,942.69,342.69,0.0000,937.88,256.75,0.0000,788.00,56.00,0.0000,884.25,340.62,0.0000,788.00,56.00,0.0000
77,1,Jok,0.6556,1015.2,155.9,1088.2,346.6,0.9507,956.06,155.00,0.0000,956.06,155.00,0.0000,956.06,155.00,0.0000,1048.57,168.06,0.0000,956.06,155.00,0.0000,1053.42,234.46,0.0000,1025.07,207.60,0.0000,1018.73,271.02,0.0000,1014.63,267.66,0.0000,956.06,345.63,0.0000,1006.05,345.63,0.0000,1058.27,280.34,0.0000,1070.96,280.72,0.0000,1029.55,309.44,0.0000,1015.00,299.00,0.0000,956.06,345.63,0.0000,997.84,345.63,0.0000
77,0,Elm,0.6959,874.9,59.1,1052.8,409.2,0.8996,1040.11,154.02,0.0000,949.20,143.77,0.0000,1033.96,136.25,0.0000,995.00,91.81,0.0000,787.87,59.00,0.0000,787.87,59.00,0.0000,1003.20,136.93,0.0000,893.82,195.72,0.0000,787.87,59.00,0.0000,1033.28,162.91,0.0000,1033.96,178.63,0.0000,865.80,314.66,0.0000,951.93,339.27,0.0000,936.89,258.61,0.0000,787.87,59.00,0.0000,1010.04,338.59,0.0000,787.87,59.00,0.0000
78,1,Jok,0.6498,1015.2,156.1,1088.5,346.5,0.9512,956.37,156.00,0.0000,956.37,156.00,0.0000,956.37,156.00,0.0000,1048.03,168.62,0.0000,956.37,156.00,0.0000,1049.51,235.04,0.0000,1028.73,208.32,0.0000,1020.20,271.41,0.0000,1014.63,268.07,0.0000,956.37,345.63,0.0000,1006.09,345.63,0.0000,1057.68,281.43,0.0000,1058.05,281.06,0.0000,1034.30,299.24,0.0000,1015.00,299.24,0.0000,956.37,345.63,0.0000,997.93,345.63,0.0000
78,0,Elm,0.6784,875.9,59.0,1054.9,407.5,0.8995,1035.87,153.43,0.0000,927.49,142.52,0.0000,1035.87,141.16,0.0000,986.79,94.13,0.0000,790.48,58.00,0.0000,790.48,58.00,0.0000,1005.19,135.71,0.0000,882.50,194.33,0.0000,790.48,58.00,0.0000,1034.50,162.29,0.0000,1035.19,177.97,0.0000,867.50,312.25,0.0000,943.85,342.24,0.0000,939.76,262.49,0.0000,790.48,58.00,0.0000,879.77,340.20,0.0000,790.48,58.00,0.0000
79,1,Jok,0.6583,1015.8,156.9,1088.4,346.5,0.9502,956.37,156.00,0.0000,956.37,156.00,0.0000,956.37,156.00,0.0000,1048.03,168.62,0.0000,956.37,156.00,0.0000,1045.06,235.41,0.0000,1025.02,208.32,0.0000,1020.20,271.41,0.0000,1009.80,268.07,0.0000,956.37,345.63,0.0000,1006.09,345.63,0.0000,1057.68,281.06,0.0000,1057.68,281.06,0.0000,956.37,299.24,0.0000,1020.57,291.82,0.0000,956.37,345.63,0.0000,1005.72,345.63,0.0000
79,0,Elm,0.6974,872.6,60.7,1051.3,409.2,0.8966,1039.00,154.75,0.0000,948.34,144.52,0.0000,1032.87,128.16,0.0000,985.15,91.36,0.0000,787.48,60.00,0.0000,787.48,60.00,0.0000,1002.19,137.03,0.0000,893.13,204.51,0.0000,787.48,60.00,0.0000,1032.87,169.74,0.0000,1034.23,178.61,0.0000,864.50,314.25,0.0000,950.39,340.15,0.0000,936.07,246.77,0.0000,787.48,60.00,0.0000,877.45,338.11,0.0000,787.48,60.00,0.0000
80,1,Jok,0.6474,1015.6,157.5,1088.3,346.6,0.9502,956.68,157.00,0.0000,956.68,157.00,0.0000,956.68,157.00,0.0000,1048.59,169.92,0.0000,956.68,157.00,0.0000,1044.53,235.63,0.0000,1024.97,208.68,0.0000,1020.17,271.80,0.0000,1009.83,268.48,0.0000,1037.15,345.63,0.0000,1008.36,345.63,0.0000,1047.85,282.14,0.0000,1045.27,281.77,0.0000,956.68,290.63,0.0000,1015.00,292.11,0.0000,956.68,345.63,0.0000,998.39,345.63,0.0000
80,0,Elm,0.6724,876.6,59.4,1051.5,408.1,0.8900,1034.14,144.21,0.0000,1020.51,121.71,0.0000,1031.41,127.16,0.0000,983.70,89.67,0.0000,788.75,59.00,0.0000,788.75,59.00,0.0000,995.97,136.03,0.0000,880.09,204.19,0.0000,788.75,59.00,0.0000,1033.46,168.74,0.0000,1034.14,176.24,0.0000,866.46,313.25,0.0000,952.34,343.24,0.0000,937.35,245.77,0.0000,788.75,59.00,0.0000,884.86,337.11,0.0000,788.75,59.00,0.0000
81,1,Jok,0.6355,1015.7,158.5,1088.7,346.6,0.9499,957.72,158.00,0.0000,957.72,158.00,0.0000,957.72,158.00,0.0000,1049.15,170.12,0.0000,957.72,158.00,0.0000,1045.48,242.09,0.0000,1025.65,209.41,0.0000,1020.88,272.56,0.0000,1015.37,268.89,0.0000,957.72,345.63,0.0000,1009.12,345.63,0.0000,1057.96,282.48,0.0000,1057.96,292.76,0.0000,1034.83,310.02,0.0000,1015.73,307.81,0.0000,957.72,345.63,0.0000,999.21,345.63,0.0000
81,0,Elm,0.6709,877.5,54.0,1050.5,406.0,0.9011,1033.75,138.56,0.0000,925.81,118.62,0.0000,1031.69,122.06,0.0000,969.12,86.31,0.0000,787.62,54.00,0.0000,787.62,54.00,0.0000,995.94,132.38,0.0000,887.31,210.75,0.0000,787.62,54.00,0.0000,1034.44,175.00,0.0000,1034.44,175.69,0.0000,865.31,311.12,0.0000,942.31,341.38,0.0000,937.50,260.25,0.0000,787.62,54.00,0.0000,883.88,344.81,0.0000,787.62,54.00,0.0000
82,1,Jok,0.6498,1015.8,157.4,1088.0,346.6,0.9494,956.68,157.00,0.0000,956.68,157.00,0.0000,956.68,157.00,0.0000,1047.85,169.55,0.0000,956.68,157.00,0.0000,1044.53,235.63,0.0000,1024.60,208.68,0.0000,1020.17,271.43,0.0000,1009.83,268.48,0.0000,1037.15,248.18,0.0000,1008.36,345.63,0.0000,1057.45,282.14,0.0000,1057.45,281.40,0.0000,1034.56,299.49,0.0000,1020.91,299.49,0.0000,956.68,345.63,0.0000,1005.77,345.63,0.0000
82,0,Elm,0.5959,874.3,49.8,1045.9,404.4,0.9094,1023.07,117.64,0.0000,928.78,91.29,0.0000,1021.69,99.62,0.0000,782.48,49.00,0.0000,782.48,49.00,0.0000,782.48,49.00,0.0000,992.56,128.04,0.0000,875.39,196.69,0.0000,782.48,49.00,0.0000,1035.55,171.03,0.0000,1032.09,181.43,0.0000,861.52,315.94,0.0000,948.88,339.52,0.0000,941.95,257.70,0.0000,782.48,49.00,0.0000,1007.82,342.29,0.0000,782.48,49.00,0.0000
83,1,Jok,0.6619,1015.4,156.5,1088.3,346.3,0.9501,956.37,156.00,0.0000,956.37,156.00,0.0000,956.37,156.00,0.0000,1063.24,169.36,0.0000,956.37,156.00,0.0000,1053.22,234.67,0.0000,1025.02,208.32,0.0000,1020.57,271.04,0.0000,1014.63,267.70,0.0000,1037.27,248.03,0.0000,1010.18,345.63,0.0000,1058.05,275.86,0.0000,1058.05,275.12,0.0000,1029.47,299.24,0.0000,1018.34,291.82,0.0000,956.37,345.63,0.0000,1005.72,345.63,0.0000
83,0,Elm,0.6069,875.4,48.0,1044.3,402.8,0.9211,1016.74,110.92,0.0000,928.24,86.72,0.0000,1019.50,91.56,0.0000,955.20,77.73,0.0000,782.35,48.00,0.0000,782.35,48.00,0.0000,990.46,126.82,0.0000,889.52,186.28,0.0000,782.35,48.00,0.0000,1030.57,180.06,0.0000,1029.18,185.59,0.0000,861.17,314.19,0.0000,948.98,340.46,0.0000,941.38,256.80,0.0000,782.35,48.00,0.0000,890.21,358.44,0.0000,782.35,48.00,0.0000
84,0,Elm,0.6214,868.8,46.8,1041.0,403.0,0.9309,1015.41,109.97,0.0000,934.75,84.94,0.0000,1015.41,96.76,0.0000,776.22,46.00,0.0000,776.22,46.00,0.0000,776.22,46.00,0.0000,986.20,125.27,0.0000,877.04,194.10,0.0000,776.22,46.00,0.0000,1026.53,168.38,0.0000,776.22,46.00,0.0000,863.13,328.99,0.0000,951.44,340.12,0.0000,992.46,255.29,0.0000,776.22,46.00,0.0000,1002.20,349.16,0.0000,776.22,46.00,0.0000
84,1,Jok,0.6588,1014.6,156.4,1087.1,346.2,0.9499,955.37,156.00,0.0000,1065.95,225.02,0.0000,955.37,156.00,0.0000,1047.40,168.62,0.0000,955.37,156.00,0.0000,1044.06,234.67,0.0000,1025.50,204.98,0.0000,1019.20,267.70,0.0000,1013.63,267.70,0.0000,1044.06,345.63,0.0000,1006.95,345.63,0.0000,1056.68,281.80,0.0000,1056.68,281.06,0.0000,1037.75,299.24,0.0000,1016.60,291.82,0.0000,955.37,345.63,0.0000,1004.72,345.63,0.0000
85,0,Elm,0.6604,861.2,46.8,1040.8,405.6,0.9277,1013.15,110.51,0.0000,931.12,88.07,0.0000,1013.15,97.19,0.0000,955.66,76.85,0.0000,771.25,46.00,0.0000,771.25,46.00,0.0000,983.71,126.63,0.0000,879.23,196.05,0.0000,771.25,46.00,0.0000,1027.88,170.11,0.0000,771.25,46.00,0.0000,858.90,315.95,0.0000,947.95,339.79,0.0000,996.33,257.05,0.0000,771.25,46.00,0.0000,1002.64,341.89,0.0000,771.25,46.00,0.0000
85,1,Jok,0.6512,1014.0,156.1,1086.9,345.7,0.9502,954.68,156.00,0.0000,1063.94,222.45,0.0000,954.68,156.00,0.0000,1052.13,168.92,0.0000,954.68,156.00,0.0000,1051.02,229.83,0.0000,1022.60,204.73,0.0000,1016.69,270.43,0.0000,954.68,267.48,0.0000,954.68,344.63,0.0000,1006.36,344.63,0.0000,1055.82,274.86,0.0000,1055.45,280.40,0.0000,1027.03,306.61,0.0000,1012.63,291.11,0.0000,954.68,344.63,0.0000,996.39,344.63,0.0000
86,0,Elm,0.6793,858.5,47.6,1041.1,405.1,0.9303,1013.23,110.63,0.0000,953.09,86.16,0.0000,1011.83,98.04,0.0000,954.49,77.77,0.0000,769.90,47.00,0.0000,769.90,47.00,0.0000,982.46,128.11,0.0000,878.28,195.93,0.0000,769.90,47.00,0.0000,1031.41,179.15,0.0000,1025.11,186.14,0.0000,858.00,316.20,0.0000,946.10,339.97,0.0000,986.66,257.46,0.0000,769.90,47.00,0.0000,1004.14,342.77,0.0000,769.90,47.00,0.0000
86,1,Jok,0.6519,1013.6,157.7,1085.4,345.9,0.9506,954.98,157.00,0.0000,954.98,157.00,0.0000,954.98,157.00,0.0000,1060.73,170.22,0.0000,954.98,157.00,0.0000,1050.82,235.21,0.0000,954.98,157.00,0.0000,1018.14,271.56,0.0000,1007.86,267.89,0.0000,1031.36,344.63,0.0000,1011.53,344.63,0.0000,1055.23,280.74,0.0000,1043.11,280.74,0.0000,1036.50,291.39,0.0000,1013.00,291.39,0.0000,1016.30,344.63,0.0000,1003.82,344.63,0.0000
87,0,Elm,0.6950,850.4,47.6,1037.7,406.4,0.9372,1013.37,110.81,0.0000,948.16,86.27,0.0000,1008.46,97.48,0.0000,949.57,78.55,0.0000,764.46,47.00,0.0000,764.46,47.00,0.0000,977.61,131.84,0.0000,873.14,196.35,0.0000,764.46,47.00,0.0000,1026.70,170.41,0.0000,1024.59,177.42,0.0000,856.31,316.95,0.0000,947.46,340.79,0.0000,981.82,258.05,0.0000,764.46,47.00,0.0000,1009.17,342.19,0.0000,764.46,47.00,0.0000
87,1,Jok,0.6516,1011.3,157.2,1084.0,345.6,0.9531,952.98,157.00,0.0000,952.98,157.00,0.0000,952.98,157.00,0.0000,1044.41,169.85,0.0000,952.98,157.00,0.0000,1040.38,241.09,0.0000,952.98,157.00,0.0000,1016.14,276.34,0.0000,1010.63,276.34,0.0000,1033.77,250.63,0.0000,1004.39,344.63,0.0000,1053.23,281.11,0.0000,1041.11,280.74,0.0000,1034.50,310.48,0.0000,1011.00,344.63,0.0000,952.98,344.63,0.0000,1001.82,344.63,0.0000
88,0,Elm,0.7067,836.3,44.6,1043.5,409.6,0.9376,1010.66,114.58,0.0000,944.36,87.49,0.0000,1005.67,103.88,0.0000,946.50,78.22,0.0000,757.58,44.00,0.0000,757.58,44.00,0.0000,975.01,131.69,0.0000,999.25,207.25,0.0000,757.58,44.00,0.0000,1023.49,168.76,0.0000,1024.92,185.87,0.0000,850.97,309.91,0.0000,943.65,341.99,0.0000,996.40,258.58,0.0000,757.58,44.00,0.0000,996.40,334.15,0.0000,757.58,44.00,0.0000
88,1,Jok,0.6517,1009.2,154.8,1084.5,345.8,0.9537,950.80,154.00,0.0000,950.80,154.00,0.0000,950.80,154.00,0.0000,1043.69,174.52,0.0000,950.80,154.00,0.0000,1039.59,244.65,0.0000,1019.07,213.31,0.0000,1013.10,275.24,0.0000,1009.37,274.87,0.0000,1028.03,344.63,0.0000,1004.90,344.63,0.0000,1053.02,274.12,0.0000,1066.08,274.12,0.0000,1029.52,309.56,0.0000,1009.75,298.00,0.0000,950.80,344.63,0.0000,1000.42,344.63,0.0000
89,0,Elm,0.6625,826.6,43.9,1047.4,410.7,0.9363,1009.50,113.96,0.0000,922.05,96.04,0.0000,1007.35,108.23,0.0000,947.14,80.99,0.0000,752.89,43.00,0.0000,752.89,43.00,0.0000,978.68,133.32,0.0000,866.14,206.43,0.0000,752.89,43.00,0.0000,1021.69,173.46,0.0000,1025.99,185.64,0.0000,847.50,305.35,0.0000,946.42,342.62,0.0000,993.01,258.76,0.0000,752.89,43.00,0.0000,989.43,340.47,0.0000,752.89,43.00,0.0000
89,1,Jok,0.6412,1008.0,160.4,1084.9,345.6,0.9543,952.80,160.00,0.0000,952.80,160.00,0.0000,952.80,160.00,0.0000,1068.43,173.01,0.0000,952.80,160.00,0.0000,1047.11,242.38,0.0000,1017.12,215.28,0.0000,1013.50,271.65,0.0000,1009.53,277.43,0.0000,1009.89,344.64,0.0000,1003.75,344.64,0.0000,1051.44,282.49,0.0000,1064.45,271.29,0.0000,1029.04,311.04,0.0000,1009.89,299.47,0.0000,952.80,344.64,0.0000,1000.86,344.64,0.0000
90,0,Elm,0.6277,825.2,45.0,1048.4,411.1,0.9377,1008.00,110.05,0.0000,940.80,87.89,0.0000,1007.29,110.05,0.0000,753.52,45.00,0.0000,753.52,45.00,0.0000,753.52,45.00,0.0000,978.69,138.64,0.0000,867.18,196.55,0.0000,753.52,45.00,0.0000,1021.58,175.82,0.0000,1025.16,187.97,0.0000,855.02,305.92,0.0000,946.52,343.80,0.0000,992.99,260.17,0.0000,753.52,45.00,0.0000,989.41,336.66,0.0000,753.52,45.00,0.0000
90,1,Jok,0.6572,1009.3,161.2,1084.4,345.9,0.9540,954.38,161.00,0.0000,954.38,161.00,0.0000,954.38,161.00,0.0000,1069.73,174.30,0.0000,954.38,161.00,0.0000,1044.58,243.30,0.0000,1018.34,215.98,0.0000,1011.16,271.69,0.0000,1001.81,277.80,0.0000,1029.12,344.64,0.0000,1007.92,344.64,0.0000,1052.84,282.47,0.0000,1065.06,272.05,0.0000,1029.84,311.22,0.0000,1011.16,299.72,0.0000,954.38,344.64,0.0000,1002.17,344.64,0.0000
91,0,Elm,0.7209,822.0,48.6,1048.8,410.6,0.9378,1008.66,118.00,0.0000,957.04,87.59,0.0000,1007.95,112.34,0.0000,754.12,48.00,0.0000,754.12,48.00,0.0000,754.12,48.00,0.0000,977.55,137.09,0.0000,866.54,208.50,0.0000,754.12,48.00,0.0000,1023.50,173.14,0.0000,1029.16,189.41,0.0000,854.52,303.24,0.0000,945.73,343.54,0.0000,846.75,260.82,0.0000,754.12,48.00,0.0000,923.81,336.47,0.0000,754.12,48.00,0.0000
91,1,Jok,0.6485,1009.1,158.7,1085.0,345.9,0.9554,952.75,158.00,0.0000,952.75,158.00,0.0000,952.75,158.00,0.0000,1068.17,180.28,0.0000,952.75,158.00,0.0000,1048.08,241.64,0.0000,952.75,158.00,0.0000,1013.75,276.34,0.0000,1005.35,276.34,0.0000,1028.72,344.63,0.0000,1008.27,344.63,0.0000,1052.83,281.45,0.0000,1065.25,270.86,0.0000,1029.82,307.02,0.0000,1010.46,291.68,0.0000,1013.75,344.63,0.0000,1001.33,344.63,0.0000
92,0,Elm,0.7012,823.2,48.7,1047.1,409.5,0.9399,1016.90,117.80,0.0000,956.26,87.48,0.0000,1007.73,112.16,0.0000,753.90,48.00,0.0000,753.90,48.00,0.0000,753.90,48.00,0.0000,977.41,137.54,0.0000,866.01,208.05,0.0000,753.90,48.00,0.0000,1023.24,180.55,0.0000,1028.18,189.72,0.0000,854.02,305.35,0.0000,944.98,342.72,0.0000,846.27,260.23,0.0000,753.90,48.00,0.0000,986.58,334.97,0.0000,753.90,48.00,0.0000
92,1,Jok,0.6493,1008.6,163.2,1084.6,345.6,0.9556,954.68,163.00,0.0000,954.68,163.00,0.0000,954.68,163.00,0.0000,1068.43,182.55,0.0000,954.68,163.00,0.0000,1047.46,244.40,0.0000,1018.31,217.39,0.0000,1010.84,272.48,0.0000,1001.25,278.17,0.0000,1020.44,344.64,0.0000,1008.71,344.64,0.0000,1051.72,283.50,0.0000,1064.16,272.48,0.0000,1029.33,310.16,0.0000,1010.49,296.66,0.0000,954.68,344.64,0.0000,1001.96,344.64,0.0000
93,0,Elm,0.7127,819.6,48.4,1048.8,410.6,0.9383,1016.26,118.70,0.0000,955.46,87.59,0.0000,1009.19,112.34,0.0000,752.54,48.00,0.0000,752.54,48.00,0.0000,752.54,48.00,0.0000,976.67,137.79,0.0000,864.96,209.20,0.0000,752.54,48.00,0.0000,1022.62,180.92,0.0000,1027.57,193.65,0.0000,852.94,303.24,0.0000,943.44,343.54,0.0000,971.72,260.82,0.0000,752.54,48.00,0.0000,922.23,335.76,0.0000,752.54,48.00,0.0000
93,1,Jok,0.6532,1008.0,162.7,1084.5,345.3,0.9552,954.10,162.00,0.0000,954.10,162.00,0.0000,954.10,162.00,0.0000,1068.48,181.66,0.0000,954.10,162.00,0.0000,1047.39,243.85,0.0000,954.10,162.00,0.0000,1010.57,272.44,0.0000,1010.22,278.16,0.0000,1020.58,344.64,0.0000,1007.71,344.64,0.0000,1051.68,288.53,0.0000,1064.19,272.09,0.0000,1029.16,309.97,0.0000,1010.22,299.96,0.0000,954.10,344.64,0.0000,1001.64,344.64,0.0000
94,0,Elm,0.7014,821.1,49.3,1048.7,410.4,0.9400,1022.65,113.16,0.0000,956.38,82.84,0.0000,1014.19,108.23,0.0000,753.31,49.00,0.0000,753.31,49.00,0.0000,753.31,49.00,0.0000,981.76,141.37,0.0000,883.05,209.05,0.0000,753.31,49.00,0.0000,1023.36,181.55,0.0000,1027.59,194.95,0.0000,853.43,303.53,0.0000,943.68,343.72,0.0000,845.68,261.23,0.0000,753.31,49.00,0.0000,922.53,335.97,0.0000,753.31,49.00,0.0000
94,1,Jok,0.6472,1008.8,162.8,1084.2,345.3,0.9551,954.39,162.00,0.0000,954.39,162.00,0.0000,954.39,162.00,0.0000,1068.76,181.30,0.0000,954.39,162.00,0.0000,1047.67,238.85,0.0000,954.39,162.00,0.0000,1013.00,272.09,0.0000,1001.21,277.80,0.0000,1020.87,344.64,0.0000,1008.71,344.64,0.0000,1051.96,283.17,0.0000,1064.83,272.09,0.0000,1029.45,307.83,0.0000,1010.86,292.82,0.0000,1014.08,344.64,0.0000,1001.57,344.64,0.0000
95,0,Elm,0.7201,823.7,52.4,1048.8,410.8,0.9388,1022.98,115.63,0.0000,956.55,85.56,0.0000,1015.29,110.73,0.0000,755.88,52.00,0.0000,755.88,52.00,0.0000,755.88,52.00,0.0000,982.42,142.20,0.0000,884.53,200.93,0.0000,755.88,52.00,0.0000,1023.68,179.96,0.0000,1027.87,196.04,0.0000,855.86,307.21,0.0000,945.36,344.27,0.0000,972.63,262.46,0.0000,755.88,52.00,0.0000,923.69,336.58,0.0000,755.88,52.00,0.0000
95,1,Jok,0.6451,1008.9,162.9,1084.3,345.7,0.9550,954.39,162.00,0.0000,954.39,162.00,0.0000,954.39,162.00,0.0000,1066.97,181.30,0.0000,954.39,162.00,0.0000,1047.67,246.35,0.0000,954.39,162.00,0.0000,1014.08,272.80,0.0000,1001.21,277.80,0.0000,1020.87,344.64,0.0000,1005.50,344.64,0.0000,1051.96,282.81,0.0000,1064.47,272.09,0.0000,1029.45,310.33,0.0000,1010.50,292.82,0.0000,1012.29,344.64,0.0000,1001.57,344.64,0.0000
96,0,Elm,0.6631,824.1,50.7,1049.6,411.1,0.9364,1025.65,114.16,0.0000,946.68,88.78,0.0000,1017.19,109.23,0.0000,756.31,50.00,0.0000,756.31,50.00,0.0000,756.31,50.00,0.0000,979.12,141.66,0.0000,886.05,210.05,0.0000,756.31,50.00,0.0000,1025.65,181.85,0.0000,1025.65,198.07,0.0000,856.43,307.35,0.0000,946.68,344.02,0.0000,974.89,262.93,0.0000,756.31,50.00,0.0000,925.53,331.33,0.0000,756.31,50.00,0.0000
96,1,Jok,0.6497,1008.8,163.2,1084.2,345.5,0.9549,954.68,163.00,0.0000,954.68,163.00,0.0000,954.68,163.00,0.0000,1034.30,177.93,0.0000,954.68,163.00,0.0000,1047.46,244.40,0.0000,1017.95,217.39,0.0000,1010.49,272.84,0.0000,1001.25,278.53,0.0000,1021.15,344.64,0.0000,1004.80,344.64,0.0000,1051.72,283.15,0.0000,1064.16,277.46,0.0000,1029.33,300.21,0.0000,1010.49,293.10,0.0000,954.68,344.64,0.0000,994.85,344.64,0.0000
97,0,Elm,0.7120,824.4,51.7,1048.5,411.4,0.9380,1025.09,138.19,0.0000,959.00,84.75,0.0000,1016.66,114.98,0.0000,756.50,51.00,0.0000,756.50,51.00,0.0000,756.50,51.00,0.0000,979.39,141.00,0.0000,885.88,210.61,0.0000,756.50,51.00,0.0000,1025.80,183.19,0.0000,1030.02,195.84,0.0000,856.34,307.64,0.0000,946.34,344.20,0.0000,992.05,262.64,0.0000,756.50,51.00,0.0000,988.53,337.17,0.0000,756.50,51.00,0.0000
97,1,Jok,0.6474,1008.4,163.6,1084.5,345.5,0.9549,954.68,163.00,0.0000,954.68,163.00,0.0000,954.68,163.00,0.0000,1068.79,177.93,0.0000,954.68,163.00,0.0000,1047.46,244.40,0.0000,1017.95,217.39,0.0000,1010.49,278.53,0.0000,1001.25,278.53,0.0000,1020.80,344.64,0.0000,1008.00,344.64,0.0000,1051.72,283.50,0.0000,1070.56,272.48,0.0000,954.68,300.21,0.0000,1010.49,296.66,0.0000,954.68,344.64,0.0000,994.49,344.64,0.0000
98,0,Elm,0.6911,823.4,51.4,1049.4,411.5,0.9373,1024.09,121.31,0.0000,957.30,84.05,0.0000,1015.66,110.06,0.0000,755.50,51.00,0.0000,755.50,51.00,0.0000,755.50,51.00,0.0000,982.61,141.00,0.0000,884.88,200.06,0.0000,755.50,51.00,0.0000,1024.09,175.45,0.0000,1029.02,196.55,0.0000,855.34,304.83,0.0000,945.34,344.20,0.0000,973.47,262.64,0.0000,755.50,51.00,0.0000,924.95,337.17,0.0000,755.50,51.00,0.0000
98,1,Jok,0.6630,1008.9,163.7,1083.9,345.3,0.9547,954.68,163.00,0.0000,954.68,163.00,0.0000,954.68,163.00,0.0000,1034.66,177.93,0.0000,954.68,163.00,0.0000,1039.28,246.89,0.0000,1017.95,217.39,0.0000,1010.84,278.53,0.0000,1001.25,278.53,0.0000,1026.48,344.64,0.0000,1007.64,344.64,0.0000,1039.99,283.50,0.0000,954.68,277.82,0.0000,954.68,300.21,0.0000,1010.49,296.30,0.0000,954.68,344.64,0.0000,994.49,344.64,0.0000
99,0,Elm,0.7170,822.7,50.5,1049.0,411.4,0.9377,1023.65,120.51,0.0000,956.67,88.78,0.0000,1015.19,114.16,0.0000,754.31,50.00,0.0000,754.31,50.00,0.0000,754.31,50.00,0.0000,982.05,141.66,0.0000,883.34,200.89,0.0000,754.31,50.00,0.0000,1023.65,174.09,0.0000,1028.59,195.95,0.0000,860.07,304.53,0.0000,944.68,344.02,0.0000,855.84,262.23,0.0000,754.31,50.00,0.0000,924.24,336.97,0.0000,754.31,50.00,0.0000
99,1,Jok,0.6508,1008.8,163.4,1084.0,345.3,0.9547,954.68,163.00,0.0000,954.68,163.00,0.0000,954.68,163.00,0.0000,1068.43,177.93,0.0000,954.68,163.00,0.0000,1043.90,244.40,0.0000,1017.95,217.39,0.0000,1010.84,273.20,0.0000,1001.60,278.17,0.0000,1020.80,344.64,0.0000,1008.36,344.64,0.0000,1051.72,283.50,0.0000,1063.81,272.84,0.0000,954.68,310.16,0.0000,1010.49,300.21,0.0000,954.68,344.64,0.0000,994.85,344.64,0.0000
100,0,Elm,0.7219,823.9,50.1,1049.0,411.1,0.9379,1024.65,137.43,0.0000,957.67,88.78,0.0000,1016.19,114.16,0.0000,755.31,50.00,0.0000,755.31,50.00,0.0000,755.31,50.00,0.0000,983.76,140.96,0.0000,885.05,200.18,0.0000,755.31,50.00,0.0000,1024.65,174.80,0.0000,1029.59,195.95,0.0000,856.14,304.53,0.0000,945.68,344.02,0.0000,973.18,262.23,0.0000,755.31,50.00,0.0000,924.53,336.97,0.0000,755.31,50.00,0.0000
100,1,Jok,0.6516,1008.8,163.2,1083.9,345.1,0.9551,954.68,163.00,0.0000,1057.05,235.52,0.0000,954.68,163.00,0.0000,1057.41,178.29,0.0000,954.68,163.00,0.0000,1047.46,238.71,0.0000,954.68,163.00,0.0000,1010.49,272.48,0.0000,1005.87,278.53,0.0000,1010.84,344.64,0.0000,1008.36,344.64,0.0000,1051.72,283.50,0.0000,1064.52,272.48,0.0000,1029.33,308.03,0.0000,1010.84,300.21,0.0000,954.68,344.64,0.0000,994.49,344.64,0.0000
101,0,Elm,0.7199,824.2,50.6,1047.7,411.3,0.9383,1023.54,137.43,0.0000,957.96,88.78,0.0000,1016.49,114.16,0.0000,754.90,50.00,0.0000,754.90,50.00,0.0000,754.90,50.00,0.0000,983.35,141.66,0.0000,884.64,200.18,0.0000,754.90,50.00,0.0000,1024.24,174.80,0.0000,1029.88,195.95,0.0000,855.02,307.35,0.0000,945.27,344.02,0.0000,949.50,262.23,0.0000,754.90,50.00,0.0000,947.39,336.97,0.0000,754.90,50.00,0.0000
101,1,Jok,0.6623,1009.1,163.0,1084.3,345.2,0.9550,954.67,162.00,0.0000,1057.25,234.91,0.0000,954.67,162.00,0.0000,1067.26,181.66,0.0000,954.67,162.00,0.0000,1044.38,238.49,0.0000,1018.65,216.69,0.0000,1011.14,272.44,0.0000,1005.78,278.16,0.0000,1021.15,344.64,0.0000,1008.64,344.64,0.0000,1052.25,277.09,0.0000,1064.76,272.09,0.0000,1029.73,310.33,0.0000,1011.14,299.96,0.0000,954.67,344.64,0.0000,1001.85,344.64,0.0000
102,0,Elm,0.7041,825.1,52.2,1047.4,411.1,0.9375,1024.13,122.12,0.0000,958.22,84.96,0.0000,1015.72,110.90,0.0000,756.29,52.00,0.0000,756.29,52.00,0.0000,756.29,52.00,0.0000,983.46,143.15,0.0000,885.30,198.54,0.0000,756.29,52.00,0.0000,1024.13,175.41,0.0000,1029.04,197.14,0.0000,855.85,304.42,0.0000,945.60,344.39,0.0000,973.65,263.05,0.0000,756.29,52.00,0.0000,924.57,337.38,0.0000,756.29,52.00,0.0000
102,1,Jok,0.6500,1008.8,163.0,1084.3,345.2,0.9555,954.39,162.00,0.0000,1057.68,234.91,0.0000,954.39,162.00,0.0000,1069.12,178.80,0.0000,954.39,162.00,0.0000,1047.67,243.85,0.0000,1019.79,216.33,0.0000,1010.86,277.80,0.0000,1001.57,277.80,0.0000,1020.87,344.64,0.0000,1004.78,344.64,0.0000,1040.17,283.17,0.0000,1064.47,272.09,0.0000,1029.45,309.97,0.0000,1010.50,296.03,0.0000,954.39,344.64,0.0000,994.42,344.64,0.0000
103,0,Elm,0.6931,826.9,52.8,1047.2,411.3,0.9386,1025.13,138.95,0.0000,958.52,91.27,0.0000,1016.72,115.81,0.0000,757.29,52.00,0.0000,757.29,52.00,0.0000,757.29,52.00,0.0000,984.46,141.75,0.0000,868.77,200.65,0.0000,757.29,52.00,0.0000,1024.43,175.41,0.0000,1030.04,192.94,0.0000,857.55,304.42,0.0000,945.90,344.39,0.0000,849.14,262.35,0.0000,757.29,52.00,0.0000,988.67,337.38,0.0000,757.29,52.00,0.0000
103,1,Jok,0.6521,1008.9,163.2,1084.4,345.3,0.9557,954.68,163.00,0.0000,954.68,163.00,0.0000,954.68,163.00,0.0000,1043.55,177.93,0.0000,954.68,163.00,0.0000,1043.90,246.54,0.0000,954.68,163.00,0.0000,1010.84,278.17,0.0000,1005.51,278.53,0.0000,1020.80,344.64,0.0000,1004.80,344.64,0.0000,1051.72,277.46,0.0000,1063.81,272.48,0.0000,1029.33,311.59,0.0000,1010.49,300.21,0.0000,954.68,344.64,0.0000,994.49,344.64,0.0000
104,0,Elm,0.6970,828.8,50.4,1047.2,411.2,0.9361,1021.19,120.51,0.0000,947.86,88.78,0.0000,1018.37,114.16,0.0000,757.49,50.00,0.0000,757.49,50.00,0.0000,757.49,50.00,0.0000,981.00,141.66,0.0000,868.89,210.05,0.0000,757.49,50.00,0.0000,1021.90,174.80,0.0000,1031.77,195.95,0.0000,857.61,307.35,0.0000,947.16,344.02,0.0000,859.02,262.23,0.0000,757.49,50.00,0.0000,926.71,336.97,0.0000,757.49,50.00,0.0000
104,1,Jok,0.6474,1009.0,163.0,1083.8,345.1,0.9552,954.67,162.00,0.0000,954.67,162.00,0.0000,954.67,162.00,0.0000,1057.97,181.30,0.0000,954.67,162.00,0.0000,1044.38,246.35,0.0000,1018.29,216.69,0.0000,1013.65,277.80,0.0000,1005.78,278.16,0.0000,1021.51,344.64,0.0000,1008.64,344.64,0.0000,1052.25,277.45,0.0000,1064.40,272.44,0.0000,1029.73,310.33,0.0000,1011.14,299.96,0.0000,954.67,344.64,0.0000,994.70,344.64,0.0000
105,0,Elm,0.6914,828.2,50.6,1047.7,411.4,0.9390,1021.19,120.51,0.0000,947.16,88.78,0.0000,1017.67,114.16,0.0000,757.49,50.00,0.0000,757.49,50.00,0.0000,757.49,50.00,0.0000,980.30,140.96,0.0000,869.60,200.18,0.0000,757.49,50.00,0.0000,1021.90,174.80,0.0000,1031.77,195.95,0.0000,857.61,304.53,0.0000,947.16,344.72,0.0000,849.86,262.23,0.0000,757.49,50.00,0.0000,990.17,336.97,0.0000,757.49,50.00,0.0000
105,1,Jok,0.6519,1010.0,163.5,1084.1,345.3,0.9552,955.68,163.00,0.0000,1058.41,235.87,0.0000,955.68,163.00,0.0000,1067.65,182.20,0.0000,955.68,163.00,0.0000,1044.90,244.40,0.0000,1020.73,217.39,0.0000,1015.04,272.48,0.0000,1002.60,278.17,0.0000,1029.62,344.64,0.0000,1005.80,344.64,0.0000,1052.72,273.20,0.0000,1065.16,272.48,0.0000,1030.33,308.03,0.0000,1011.84,296.66,0.0000,955.68,344.64,0.0000,1002.60,344.64,0.0000
106,0,Elm,0.6906,824.2,49.6,1051.2,411.2,0.9389,1019.85,136.67,0.0000,959.75,87.89,0.0000,1012.07,114.05,0.0000,756.12,49.00,0.0000,756.12,49.00,0.0000,756.12,49.00,0.0000,979.55,138.79,0.0000,867.13,196.06,0.0000,756.12,49.00,0.0000,1021.26,173.44,0.0000,1031.16,195.36,0.0000,856.52,303.53,0.0000,946.32,343.83,0.0000,848.75,261.82,0.0000,756.12,49.00,0.0000,989.45,336.76,0.0000,756.12,49.00,0.0000
106,1,Jok,0.6489,1009.7,159.0,1084.3,345.5,0.9536,953.78,159.00,0.0000,953.78,159.00,0.0000,953.78,159.00,0.0000,1058.77,174.26,0.0000,953.78,159.00,0.0000,1048.60,244.73,0.0000,953.78,159.00,0.0000,1013.72,276.70,0.0000,1010.82,277.07,0.0000,1021.35,344.64,0.0000,1009.73,344.64,0.0000,1053.32,281.43,0.0000,1065.31,275.61,0.0000,1030.07,307.22,0.0000,1014.09,299.23,0.0000,1013.00,344.64,0.0000,1001.73,344.64,0.0000
107,0,Elm,0.7087,822.5,49.0,1048.7,411.5,0.9384,1018.39,118.90,0.0000,957.42,86.99,0.0000,1009.88,112.52,0.0000,753.94,48.00,0.0000,753.94,48.00,0.0000,753.94,48.00,0.0000,977.98,138.04,0.0000,866.67,198.30,0.0000,753.94,48.00,0.0000,1019.81,177.74,0.0000,1029.73,194.05,0.0000,854.61,303.94,0.0000,945.36,344.36,0.0000,846.81,261.40,0.0000,753.94,48.00,0.0000,924.09,336.56,0.0000,753.94,48.00,0.0000
107,1,Jok,0.6490,1007.7,161.8,1084.4,345.5,0.9551,953.81,161.00,0.0000,953.81,161.00,0.0000,953.81,161.00,0.0000,1069.17,180.77,0.0000,953.81,161.00,0.0000,1047.61,249.05,0.0000,953.81,161.00,0.0000,1013.83,277.44,0.0000,953.81,277.80,0.0000,1028.20,344.64,0.0000,1005.92,344.64,0.0000,1051.92,282.11,0.0000,1064.50,271.69,0.0000,1024.61,310.14,0.0000,1010.59,292.53,0.0000,1014.19,344.64,0.0000,1001.25,344.64,0.0000
108,0,Elm,0.6652,826.8,48.5,1048.9,411.1,0.9395,1011.04,151.51,0.0000,958.58,87.70,0.0000,1010.34,118.19,0.0000,755.10,48.00,0.0000,755.10,48.00,0.0000,755.10,48.00,0.0000,979.14,137.33,0.0000,867.83,208.94,0.0000,755.10,48.00,0.0000,1020.26,172.07,0.0000,1025.93,194.76,0.0000,855.78,306.78,0.0000,946.53,343.65,0.0000,974.89,261.40,0.0000,755.10,48.00,0.0000,925.26,336.56,0.0000,755.10,48.00,0.0000
108,1,Jok,0.6520,1007.5,162.0,1084.4,345.7,0.9551,953.81,161.00,0.0000,953.81,161.00,0.0000,953.81,161.00,0.0000,1069.17,180.41,0.0000,953.81,161.00,0.0000,1047.61,243.30,0.0000,1019.58,215.98,0.0000,1013.83,272.05,0.0000,1010.23,277.44,0.0000,1021.02,344.64,0.0000,1008.08,344.64,0.0000,1052.28,282.11,0.0000,1064.50,271.69,0.0000,1029.28,310.86,0.0000,1010.59,299.72,0.0000,953.81,344.64,0.0000,1001.61,344.64,0.0000
109,0,Elm,0.7033,822.9,47.5,1049.2,411.8,0.9362,1009.69,118.09,0.0000,957.79,86.81,0.0000,1008.98,111.70,0.0000,753.75,47.00,0.0000,753.75,47.00,0.0000,753.75,47.00,0.0000,978.41,137.29,0.0000,866.79,208.38,0.0000,753.75,47.00,0.0000,1020.35,172.84,0.0000,1023.91,194.16,0.0000,854.70,303.65,0.0000,945.70,343.46,0.0000,846.88,260.99,0.0000,753.75,47.00,0.0000,924.38,336.35,0.0000,753.75,47.00,0.0000
109,1,Jok,0.6599,1006.9,163.3,1084.8,345.5,0.9549,954.10,163.00,0.0000,954.10,163.00,0.0000,954.10,163.00,0.0000,1056.83,175.80,0.0000,954.10,163.00,0.0000,1043.32,244.40,0.0000,954.10,163.00,0.0000,1009.91,272.48,0.0000,954.10,278.53,0.0000,1020.22,344.64,0.0000,1005.64,344.64,0.0000,1051.50,277.46,0.0000,1064.30,272.48,0.0000,1024.48,293.10,0.0000,1012.75,293.10,0.0000,1011.69,344.64,0.0000,1001.02,344.64,0.0000
110,0,Elm,0.7231,823.1,49.3,1047.3,411.9,0.9376,1008.24,113.34,0.0000,957.34,82.94,0.0000,1008.24,113.34,0.0000,753.71,49.00,0.0000,753.71,49.00,0.0000,753.71,49.00,0.0000,977.13,138.79,0.0000,866.13,198.89,0.0000,753.71,49.00,0.0000,1018.85,173.44,0.0000,1028.75,196.06,0.0000,854.11,303.53,0.0000,944.61,343.83,0.0000,846.33,261.82,0.0000,753.71,49.00,0.0000,923.40,336.76,0.0000,753.71,49.00,0.0000
110,1,Jok,0.6459,1007.2,163.3,1084.0,345.2,0.9546,953.68,163.00,0.0000,953.68,163.00,0.0000,953.68,163.00,0.0000,1047.52,177.93,0.0000,953.68,163.00,0.0000,1042.90,244.40,0.0000,1015.18,217.39,0.0000,1014.46,272.48,0.0000,953.68,278.17,0.0000,1019.80,344.64,0.0000,1005.22,344.64,0.0000,1050.72,283.50,0.0000,1063.16,277.46,0.0000,1028.68,293.10,0.0000,1012.69,293.10,0.0000,1013.04,344.64,0.0000,1000.96,344.64,0.0000
111,0,Elm,0.7193,820.7,47.9,1049.8,412.8,0.9405,1016.76,117.58,0.0000,956.88,86.21,0.0000,1008.20,106.88,0.0000,751.56,47.00,0.0000,751.56,47.00,0.0000,751.56,47.00,0.0000,976.84,137.54,0.0000,864.91,198.13,0.0000,751.56,47.00,0.0000,1018.90,173.18,0.0000,1028.88,194.57,0.0000,852.79,303.64,0.0000,944.04,344.28,0.0000,844.95,261.58,0.0000,751.56,47.00,0.0000,922.66,337.15,0.0000,751.56,47.00,0.0000
111,1,Jok,0.6426,1007.4,163.3,1084.1,345.4,0.9541,954.39,163.00,0.0000,954.39,163.00,0.0000,954.39,163.00,0.0000,1076.67,175.80,0.0000,954.39,163.00,0.0000,1043.61,244.40,0.0000,1017.66,217.03,0.0000,1013.04,272.84,0.0000,1005.58,278.17,0.0000,1028.33,344.64,0.0000,1005.93,344.64,0.0000,1051.43,283.15,0.0000,1063.88,272.48,0.0000,1029.39,293.10,0.0000,1010.55,293.10,0.0000,1013.75,344.64,0.0000,1001.67,344.64,0.0000
112,0,Elm,0.7197,822.5,47.7,1049.1,412.8,0.9393,1010.20,111.87,0.0000,958.16,86.21,0.0000,1010.20,106.88,0.0000,753.56,47.00,0.0000,753.56,47.00,0.0000,753.56,47.00,0.0000,978.84,137.54,0.0000,866.20,208.83,0.0000,753.56,47.00,0.0000,1020.90,173.18,0.0000,1025.17,194.57,0.0000,854.79,303.64,0.0000,946.04,344.28,0.0000,846.95,261.58,0.0000,753.56,47.00,0.0000,924.66,332.16,0.0000,753.56,47.00,0.0000
112,1,Jok,0.6501,1007.4,163.2,1084.3,345.0,0.9545,954.39,163.00,0.0000,954.39,163.00,0.0000,954.39,163.00,0.0000,1068.50,175.80,0.0000,954.39,163.00,0.0000,1043.61,244.40,0.0000,1015.89,217.03,0.0000,1014.11,273.20,0.0000,1010.20,278.53,0.0000,1020.51,344.64,0.0000,1008.07,344.64,0.0000,1051.79,283.15,0.0000,1064.23,277.11,0.0000,1029.04,308.03,0.0000,1010.55,293.10,0.0000,954.39,344.64,0.0000,1001.31,344.64,0.0000
113,0,Elm,0.7007,824.1,46.6,1048.7,413.3,0.9395,1018.97,116.96,0.0000,958.04,86.14,0.0000,1010.37,111.23,0.0000,752.32,46.00,0.0000,752.32,46.00,0.0000,752.32,46.00,0.0000,978.83,139.90,0.0000,866.29,208.71,0.0000,752.32,46.00,0.0000,1021.12,177.17,0.0000,1026.14,197.24,0.0000,854.11,304.76,0.0000,945.86,344.90,0.0000,846.22,261.76,0.0000,752.32,46.00,0.0000,924.35,332.00,0.0000,752.32,46.00,0.0000
113,1,Jok,0.6493,1007.8,163.0,1084.6,345.4,0.9547,954.10,162.00,0.0000,954.10,162.00,0.0000,954.10,162.00,0.0000,1068.83,177.01,0.0000,954.10,162.00,0.0000,1043.81,243.85,0.0000,954.10,162.00,0.0000,1013.08,277.80,0.0000,1010.22,277.80,0.0000,1020.58,344.64,0.0000,1008.07,344.64,0.0000,1051.68,283.17,0.0000,1064.19,276.73,0.0000,1029.16,292.82,0.0000,1010.57,292.82,0.0000,954.10,344.64,0.0000,1001.28,344.64,0.0000
114,0,Elm,0.7165,823.2,48.1,1048.9,413.0,0.9371,1019.04,112.87,0.0000,945.62,87.21,0.0000,1010.49,107.88,0.0000,753.14,48.00,0.0000,753.14,48.00,0.0000,753.14,48.00,0.0000,978.41,140.68,0.0000,866.49,209.83,0.0000,753.14,48.00,0.0000,1024.75,182.02,0.0000,1030.45,196.99,0.0000,854.37,304.64,0.0000,944.90,345.28,0.0000,846.53,262.58,0.0000,753.14,48.00,0.0000,924.23,338.15,0.0000,753.14,48.00,0.0000
114,1,Jok,0.6514,1008.7,163.1,1084.6,345.6,0.9550,954.68,163.00,0.0000,954.68,163.00,0.0000,954.68,163.00,0.0000,1034.30,175.80,0.0000,954.68,163.00,0.0000,1043.90,246.54,0.0000,1018.31,217.39,0.0000,1010.49,272.48,0.0000,1005.51,278.53,0.0000,1020.80,344.64,0.0000,1008.36,344.64,0.0000,1051.72,283.50,0.0000,1064.16,277.11,0.0000,1029.33,308.03,0.0000,1010.49,300.21,0.0000,954.68,344.64,0.0000,994.49,344.64,0.0000
115,0,Elm,0.7206,820.9,46.8,1051.0,413.6,0.9381,1018.55,111.23,0.0000,956.91,85.42,0.0000,1009.95,111.23,0.0000,751.19,46.00,0.0000,751.19,46.00,0.0000,751.19,46.00,0.0000,982.71,139.90,0.0000,877.34,208.71,0.0000,751.19,46.00,0.0000,1025.00,180.04,0.0000,1030.02,194.38,0.0000,858.71,304.76,0.0000,944.72,344.90,0.0000,845.09,261.76,0.0000,751.19,46.00,0.0000,923.94,323.40,0.0000,751.19,46.00,0.0000
115,1,Jok,0.6419,1008.1,163.0,1084.8,345.6,0.9548,954.39,162.00,0.0000,1057.68,234.56,0.0000,954.39,162.00,0.0000,1034.45,177.01,0.0000,954.39,162.00,0.0000,1044.10,243.85,0.0000,954.39,162.00,0.0000,1010.86,272.09,0.0000,954.39,278.16,0.0000,1020.87,344.64,0.0000,1008.00,344.64,0.0000,1051.96,283.17,0.0000,1064.47,272.09,0.0000,1024.44,310.33,0.0000,1010.50,299.96,0.0000,954.39,344.64,0.0000,1001.57,344.64,0.0000
116,0,Elm,0.7107,824.6,47.6,1048.6,412.6,0.9397,1010.78,111.87,0.0000,958.74,86.21,0.0000,1010.06,106.88,0.0000,754.14,47.00,0.0000,754.14,47.00,0.0000,754.14,47.00,0.0000,979.41,140.39,0.0000,867.49,208.83,0.0000,754.14,47.00,0.0000,1021.47,180.31,0.0000,1026.46,194.57,0.0000,855.37,303.64,0.0000,946.62,344.28,0.0000,847.53,261.58,0.0000,754.14,47.00,0.0000,925.23,337.15,0.0000,754.14,47.00,0.0000
116,1,Jok,0.6521,1008.9,163.0,1084.0,345.3,0.9544,954.68,163.00,0.0000,954.68,163.00,0.0000,954.68,163.00,0.0000,1076.96,175.44,0.0000,954.68,163.00,0.0000,1047.46,244.40,0.0000,954.68,163.00,0.0000,1010.49,272.84,0.0000,1010.49,278.53,0.0000,1017.60,344.64,0.0000,1008.71,344.64,0.0000,1052.08,282.79,0.0000,1064.52,272.48,0.0000,1024.71,308.03,0.0000,1010.84,300.21,0.0000,1011.91,344.64,0.0000,1001.96,344.64,0.0000
117,0,Elm,0.6893,825.0,49.5,1049.1,412.5,0.9404,1016.84,113.52,0.0000,958.00,87.99,0.0000,1009.75,108.55,0.0000,754.52,49.00,0.0000,754.52,49.00,0.0000,754.52,49.00,0.0000,978.56,139.04,0.0000,867.25,209.94,0.0000,754.52,49.00,0.0000,1020.39,174.49,0.0000,1025.35,195.76,0.0000,855.20,304.94,0.0000,945.95,344.65,0.0000,847.40,262.40,0.0000,754.52,49.00,0.0000,924.68,337.56,0.0000,754.52,49.00,0.0000
117,1,Jok,0.6393,1008.9,163.7,1083.7,345.0,0.9540,954.97,163.00,0.0000,954.97,163.00,0.0000,954.97,163.00,0.0000,1034.16,175.37,0.0000,954.97,163.00,0.0000,1043.71,243.96,0.0000,1017.90,217.09,0.0000,1012.95,272.24,0.0000,954.97,277.54,0.0000,1010.83,343.65,0.0000,1008.35,343.65,0.0000,1051.84,282.84,0.0000,1135.62,276.83,0.0000,1029.56,292.39,0.0000,1010.83,292.39,0.0000,954.97,343.65,0.0000,994.57,343.65,0.0000
118,0,Elm,0.6826,826.2,48.3,1049.5,413.0,0.9381,1010.84,112.70,0.0000,946.15,87.10,0.0000,1010.13,107.72,0.0000,754.91,48.00,0.0000,754.91,48.00,0.0000,754.91,48.00,0.0000,979.56,140.42,0.0000,867.95,199.43,0.0000,754.91,48.00,0.0000,1021.51,173.84,0.0000,1025.77,194.45,0.0000,855.86,303.94,0.0000,946.86,344.46,0.0000,848.04,252.75,0.0000,754.91,48.00,0.0000,925.53,337.35,0.0000,754.91,48.00,0.0000
118,1,Jok,0.6519,1009.1,163.0,1083.5,345.3,0.9539,954.67,162.00,0.0000,1057.97,234.56,0.0000,954.67,162.00,0.0000,1034.73,174.87,0.0000,954.67,162.00,0.0000,1044.38,243.85,0.0000,1017.94,216.33,0.0000,1010.79,271.73,0.0000,954.67,278.16,0.0000,1011.14,344.64,0.0000,1008.29,344.64,0.0000,1052.25,283.17,0.0000,1137.31,277.45,0.0000,1029.73,299.61,0.0000,1010.79,296.03,0.0000,954.67,344.64,0.0000,995.06,344.64,0.0000
119,0,Elm,0.7018,828.9,48.7,1048.5,412.6,0.9379,1011.42,112.70,0.0000,942.46,87.10,0.0000,1010.71,107.72,0.0000,755.48,48.00,0.0000,755.48,48.00,0.0000,755.48,48.00,0.0000,980.14,140.42,0.0000,868.52,198.72,0.0000,755.48,48.00,0.0000,1022.09,178.10,0.0000,1025.64,194.45,0.0000,856.44,303.94,0.0000,947.44,345.17,0.0000,848.62,261.99,0.0000,755.48,48.00,0.0000,926.11,337.35,0.0000,755.48,48.00,0.0000
119,1,Jok,0.6597,1009.1,163.3,1084.2,345.3,0.9539,955.68,163.00,0.0000,955.68,163.00,0.0000,955.68,163.00,0.0000,1077.96,176.15,0.0000,955.68,163.00,0.0000,1044.90,244.40,0.0000,955.68,163.00,0.0000,1011.49,272.48,0.0000,955.68,278.53,0.0000,1012.20,344.64,0.0000,1002.96,344.64,0.0000,1052.72,283.15,0.0000,1065.16,272.84,0.0000,1025.71,300.21,0.0000,1011.49,293.10,0.0000,955.68,344.64,0.0000,995.49,344.64,0.0000
120,0,Elm,0.6845,830.0,50.5,1048.5,413.2,0.9354,1012.21,120.19,0.0000,961.16,88.99,0.0000,1010.79,109.55,0.0000,757.68,50.00,0.0000,757.68,50.00,0.0000,757.68,50.00,0.0000,981.72,140.04,0.0000,870.41,197.47,0.0000,757.68,50.00,0.0000,1023.55,174.78,0.0000,1024.97,192.51,0.0000,858.36,305.23,0.0000,942.73,345.65,0.0000,850.56,263.40,0.0000,757.68,50.00,0.0000,927.84,338.56,0.0000,757.68,50.00,0.0000
120,1,Jok,0.6503,1009.5,162.6,1083.9,345.2,0.9537,954.67,162.00,0.0000,1057.97,234.20,0.0000,954.67,162.00,0.0000,1035.09,174.51,0.0000,954.67,162.00,0.0000,1044.38,243.85,0.0000,954.67,162.00,0.0000,1011.14,272.09,0.0000,954.67,277.80,0.0000,1021.15,344.64,0.0000,1006.50,344.64,0.0000,1052.25,283.17,0.0000,1064.76,272.44,0.0000,1025.08,307.83,0.0000,1010.79,292.82,0.0000,954.67,344.64,0.0000,1001.49,344.64,0.0000
121,1,Jok,0.6448,1009.8,161.7,1082.9,345.1,0.9548,953.66,161.00,0.0000,953.66,161.00,0.0000,953.66,161.00,0.0000,1034.52,176.09,0.0000,953.66,161.00,0.0000,1047.45,236.83,0.0000,1019.42,215.98,0.0000,1015.47,271.69,0.0000,953.66,277.44,0.0000,1010.44,252.64,0.0000,1008.64,344.64,0.0000,1058.23,276.72,0.0000,1065.06,271.69,0.0000,1029.12,292.53,0.0000,1015.83,292.53,0.0000,1011.88,344.64,0.0000,1001.45,344.64,0.0000
121,0,Elm,0.6981,842.2,64.0,1046.7,413.8,0.9259,1022.47,147.08,0.0000,948.64,121.11,0.0000,1016.32,130.68,0.0000,966.41,88.98,0.0000,1012.90,112.90,0.0000,769.54,63.00,0.0000,986.24,140.93,0.0000,872.76,200.40,0.0000,769.54,63.00,0.0000,1025.89,183.31,0.0000,1025.89,199.04,0.0000,859.09,309.78,0.0000,942.49,348.06,0.0000,981.45,261.24,0.0000,769.54,63.00,0.0000,995.81,341.91,0.0000,769.54,63.00,0.0000
122,1,Jok,0.6470,1010.9,161.9,1084.8,345.9,0.9527,954.66,161.00,0.0000,1058.52,234.31,0.0000,954.66,161.00,0.0000,1035.52,174.66,0.0000,954.66,161.00,0.0000,1048.45,236.83,0.0000,1022.94,215.98,0.0000,1015.03,272.41,0.0000,1011.08,277.80,0.0000,1011.80,344.64,0.0000,1006.41,344.64,0.0000,1053.12,276.72,0.0000,1065.34,276.36,0.0000,1030.12,299.72,0.0000,1011.44,299.72,0.0000,1012.88,344.64,0.0000,1002.09,344.64,0.0000
122,0,Elm,0.6467,851.3,58.9,1052.0,412.6,0.9232,1028.69,154.11,0.0000,936.73,134.05,0.0000,1022.47,142.35,0.0000,973.38,95.34,0.0000,1019.70,122.30,0.0000,773.56,58.00,0.0000,992.05,142.35,0.0000,864.83,205.96,0.0000,773.56,58.00,0.0000,1031.46,179.69,0.0000,773.56,58.00,0.0000,859.99,316.59,0.0000,940.88,346.32,0.0000,864.14,266.11,0.0000,773.56,58.00,0.0000,1005.18,333.87,0.0000,773.56,58.00,0.0000
123,1,Jok,0.6374,1012.1,161.8,1084.5,345.7,0.9523,955.94,161.00,0.0000,1059.08,233.95,0.0000,955.94,161.00,0.0000,1050.45,174.30,0.0000,955.94,161.00,0.0000,1049.73,228.56,0.0000,1022.42,215.62,0.0000,1016.31,272.41,0.0000,1012.36,277.80,0.0000,1012.72,344.64,0.0000,1010.20,344.64,0.0000,1054.41,276.72,0.0000,1066.98,276.36,0.0000,1031.41,299.72,0.0000,1012.72,296.48,0.0000,1013.80,344.64,0.0000,1003.73,344.64,0.0000
123,0,Elm,0.6999,855.3,59.8,1052.5,410.9,0.9202,1031.19,154.29,0.0000,940.01,144.01,0.0000,1025.70,144.01,0.0000,976.34,96.02,0.0000,1022.27,122.76,0.0000,778.22,59.00,0.0000,994.85,142.64,0.0000,877.62,196.79,0.0000,778.22,59.00,0.0000,1031.19,180.34,0.0000,778.22,59.00,0.0000,856.37,315.39,0.0000,943.44,345.56,0.0000,868.03,265.35,0.0000,778.22,59.00,0.0000,1001.02,338.70,0.0000,778.22,59.00,0.0000
124,1,Jok,0.6421,1011.7,161.4,1085.0,345.7,0.9526,955.66,161.00,0.0000,1058.80,233.95,0.0000,955.66,161.00,0.0000,1068.86,174.30,0.0000,955.66,161.00,0.0000,1049.45,236.83,0.0000,955.66,161.00,0.0000,1016.03,272.05,0.0000,1012.08,277.80,0.0000,1012.44,344.64,0.0000,1009.56,344.64,0.0000,1060.23,276.72,0.0000,1066.70,271.69,0.0000,1026.45,299.72,0.0000,1012.44,299.72,0.0000,1013.52,344.64,0.0000,1003.09,344.64,0.0000
124,0,Elm,0.7101,851.7,58.1,1054.2,409.7,0.9234,1030.61,162.20,0.0000,939.44,122.44,0.0000,1029.93,145.06,0.0000,977.83,95.02,0.0000,776.96,58.00,0.0000,776.96,58.00,0.0000,993.59,141.64,0.0000,868.82,204.71,0.0000,776.96,58.00,0.0000,1033.36,178.66,0.0000,776.96,58.00,0.0000,855.11,314.39,0.0000,942.18,344.56,0.0000,866.77,264.35,0.0000,776.96,58.00,0.0000,1003.19,337.70,0.0000,776.96,58.00,0.0000
125,1,Jok,0.6480,1010.9,161.6,1085.3,345.6,0.9528,955.38,161.00,0.0000,1058.88,234.67,0.0000,955.38,161.00,0.0000,1040.91,173.58,0.0000,955.38,161.00,0.0000,1035.52,236.83,0.0000,1021.50,215.98,0.0000,1017.19,272.05,0.0000,1011.80,277.08,0.0000,1012.16,344.64,0.0000,1009.64,344.64,0.0000,1053.84,282.11,0.0000,1065.70,276.36,0.0000,1030.84,299.72,0.0000,1014.67,299.72,0.0000,955.38,344.64,0.0000,1003.17,344.64,0.0000
125,0,Elm,0.7073,849.3,59.8,1054.0,409.5,0.9206,1028.79,162.22,0.0000,937.87,143.77,0.0000,1028.79,144.45,0.0000,977.52,95.23,0.0000,1021.95,122.57,0.0000,776.54,59.00,0.0000,992.55,142.40,0.0000,881.13,204.61,0.0000,776.54,59.00,0.0000,1032.20,179.31,0.0000,776.54,59.00,0.0000,855.15,313.98,0.0000,941.97,344.74,0.0000,866.09,264.76,0.0000,776.54,59.00,0.0000,1002.12,338.59,0.0000,776.54,59.00,0.0000
126,1,Jok,0.6491,1011.7,161.6,1084.9,345.5,0.9528,955.66,161.00,0.0000,1058.80,234.67,0.0000,955.66,161.00,0.0000,1036.52,173.94,0.0000,955.66,161.00,0.0000,1035.80,221.02,0.0000,1022.14,215.62,0.0000,1017.47,271.69,0.0000,1007.41,272.05,0.0000,1012.44,344.64,0.0000,1005.97,344.64,0.0000,1054.12,276.72,0.0000,1071.02,271.69,0.0000,1031.12,292.53,0.0000,1018.91,292.53,0.0000,1010.28,344.64,0.0000,1003.09,344.64,0.0000
126,0,Elm,0.7031,850.7,59.4,1053.6,409.0,0.9192,1028.59,163.29,0.0000,937.25,143.52,0.0000,1028.59,144.89,0.0000,978.15,95.13,0.0000,1021.77,123.07,0.0000,776.38,59.00,0.0000,991.78,142.16,0.0000,874.54,213.73,0.0000,776.38,59.00,0.0000,1031.32,178.97,0.0000,1032.68,194.65,0.0000,854.77,313.93,0.0000,940.66,344.61,0.0000,865.68,264.17,0.0000,776.38,59.00,0.0000,1002.01,337.11,0.0000,776.38,59.00,0.0000
127,1,Jok,0.6427,1012.1,162.0,1084.2,345.4,0.9528,955.94,161.00,0.0000,955.94,161.00,0.0000,955.94,161.00,0.0000,1045.06,173.94,0.0000,955.94,161.00,0.0000,1041.47,236.83,0.0000,955.94,161.00,0.0000,1016.67,272.05,0.0000,1012.36,277.44,0.0000,1019.19,344.64,0.0000,1007.69,344.64,0.0000,1054.77,276.72,0.0000,1067.34,271.69,0.0000,1031.41,292.53,0.0000,1018.47,292.53,0.0000,1013.80,344.64,0.0000,1003.73,344.64,0.0000
127,0,Elm,0.7128,851.4,59.6,1052.9,409.5,0.9161,1029.42,163.59,0.0000,938.50,143.77,0.0000,1030.10,146.50,0.0000,979.52,95.91,0.0000,1023.27,127.36,0.0000,777.17,59.00,0.0000,993.19,143.08,0.0000,875.61,205.29,0.0000,777.17,59.00,0.0000,1032.84,179.31,0.0000,777.17,59.00,0.0000,855.10,314.66,0.0000,941.92,344.74,0.0000,989.09,264.76,0.0000,777.17,59.00,0.0000,1002.76,338.59,0.0000,777.17,59.00,0.0000
128,1,Jok,0.6368,1012.0,162.0,1084.7,345.6,0.9535,956.24,162.00,0.0000,1059.18,234.56,0.0000,956.24,162.00,0.0000,1044.53,174.51,0.0000,956.24,162.00,0.0000,1035.95,212.40,0.0000,956.24,162.00,0.0000,1015.93,272.80,0.0000,1012.36,278.16,0.0000,1012.71,344.64,0.0000,1008.07,344.64,0.0000,1054.18,282.81,0.0000,1072.05,272.09,0.0000,1031.30,299.96,0.0000,1015.57,293.17,0.0000,956.24,344.64,0.0000,996.27,344.64,0.0000
128,0,Elm,0.7186,852.7,59.7,1053.3,409.5,0.9194,1032.47,154.70,0.0000,940.18,143.77,0.0000,1031.10,145.13,0.0000,977.78,95.91,0.0000,1023.58,126.68,0.0000,778.17,59.00,0.0000,994.19,144.45,0.0000,877.29,204.61,0.0000,778.17,59.00,0.0000,1033.84,184.10,0.0000,778.17,59.00,0.0000,856.10,314.66,0.0000,942.92,344.74,0.0000,867.72,264.76,0.0000,778.17,59.00,0.0000,1000.34,338.59,0.0000,778.17,59.00,0.0000
129,1,Jok,0.6368,1012.0,161.7,1084.8,345.8,0.9538,955.94,161.00,0.0000,955.94,161.00,0.0000,955.94,161.00,0.0000,1036.80,174.30,0.0000,955.94,161.00,0.0000,1041.47,237.19,0.0000,1022.06,215.98,0.0000,1015.95,277.80,0.0000,1012.36,277.80,0.0000,1013.08,344.64,0.0000,1009.84,344.64,0.0000,1054.41,276.36,0.0000,1066.98,271.69,0.0000,1026.73,304.39,0.0000,1015.23,296.12,0.0000,955.94,344.64,0.0000,1003.73,344.64,0.0000
129,0,Elm,0.7065,850.1,58.2,1053.6,410.6,0.9204,1029.44,163.19,0.0000,938.00,143.25,0.0000,1029.44,147.38,0.0000,979.25,98.56,0.0000,1022.56,126.75,0.0000,775.75,58.00,0.0000,993.00,144.62,0.0000,874.75,205.12,0.0000,775.75,58.00,0.0000,1032.88,179.69,0.0000,775.75,58.00,0.0000,854.12,315.12,0.0000,941.44,345.38,0.0000,988.88,264.94,0.0000,775.75,58.00,0.0000,1002.62,344.00,0.0000,775.75,58.00,0.0000
130,1,Jok,0.6385,1011.8,162.4,1084.8,345.9,0.9528,955.96,162.00,0.0000,955.96,162.00,0.0000,955.96,162.00,0.0000,1059.25,174.87,0.0000,955.96,162.00,0.0000,1045.67,238.13,0.0000,1022.08,216.33,0.0000,1017.43,269.58,0.0000,1012.07,277.45,0.0000,1023.15,253.14,0.0000,1009.57,344.64,0.0000,1053.89,276.73,0.0000,1066.04,272.44,0.0000,1026.01,299.96,0.0000,1017.79,292.82,0.0000,1013.86,344.64,0.0000,1003.14,344.64,0.0000
130,0,Elm,0.6687,849.5,60.6,1053.5,410.3,0.9179,1023.32,163.91,0.0000,937.87,144.77,0.0000,1030.15,146.82,0.0000,979.57,96.91,0.0000,776.54,60.00,0.0000,776.54,60.00,0.0000,992.55,143.40,0.0000,882.50,206.29,0.0000,776.54,60.00,0.0000,1032.20,181.00,0.0000,776.54,60.00,0.0000,854.47,310.20,0.0000,941.29,345.74,0.0000,987.77,265.76,0.0000,776.54,60.00,0.0000,1002.81,338.22,0.0000,776.54,60.00,0.0000
131,1,Jok,0.6471,1011.5,162.6,1085.2,345.7,0.9526,956.67,162.00,0.0000,956.67,162.00,0.0000,956.67,162.00,0.0000,1050.67,175.22,0.0000,956.67,162.00,0.0000,1041.74,237.77,0.0000,1022.44,216.69,0.0000,1016.72,272.44,0.0000,1008.14,277.80,0.0000,1023.15,344.64,0.0000,1009.93,344.64,0.0000,1054.61,272.80,0.0000,1067.12,272.09,0.0000,1031.73,292.82,0.0000,1013.14,292.82,0.0000,956.67,344.64,0.0000,1004.21,344.64,0.0000
131,0,Elm,0.6688,846.5,60.4,1054.1,411.7,0.9199,1027.67,164.20,0.0000,936.49,145.01,0.0000,1027.67,147.06,0.0000,978.31,97.02,0.0000,774.70,60.00,0.0000,774.70,60.00,0.0000,992.02,143.64,0.0000,880.96,206.02,0.0000,774.70,60.00,0.0000,1031.78,181.34,0.0000,774.70,60.00,0.0000,853.54,310.91,0.0000,939.92,345.87,0.0000,987.22,266.35,0.0000,774.70,60.00,0.0000,1000.93,339.02,0.0000,774.70,60.00,0.0000
132,1,Jok,0.6506,1011.8,163.0,1084.7,345.9,0.9522,956.26,163.00,0.0000,956.26,163.00,0.0000,956.26,163.00,0.0000,1058.99,175.80,0.0000,956.26,163.00,0.0000,1049.04,238.36,0.0000,1022.02,217.39,0.0000,1017.40,273.20,0.0000,1012.07,278.53,0.0000,1022.73,253.64,0.0000,1007.80,344.64,0.0000,1053.30,277.46,0.0000,1065.74,277.11,0.0000,1026.64,293.10,0.0000,1018.11,293.10,0.0000,1013.84,344.64,0.0000,1003.54,344.64,0.0000
132,0,Elm,0.7012,849.3,59.7,1054.8,410.5,0.9191,1023.81,163.89,0.0000,938.12,144.01,0.0000,1029.30,147.44,0.0000,979.94,99.45,0.0000,776.33,59.00,0.0000,776.33,59.00,0.0000,992.96,145.38,0.0000,881.91,205.02,0.0000,776.33,59.00,0.0000,1032.73,180.34,0.0000,776.33,59.00,0.0000,854.48,309.91,0.0000,941.55,344.87,0.0000,988.85,265.35,0.0000,776.33,59.00,0.0000,999.13,344.19,0.0000,776.33,59.00,0.0000
133,1,Jok,0.6348,1012.3,162.8,1084.8,345.7,0.9523,956.24,162.00,0.0000,956.24,162.00,0.0000,956.24,162.00,0.0000,1036.66,174.87,0.0000,956.24,162.00,0.0000,1041.31,237.77,0.0000,956.24,162.00,0.0000,1016.29,272.80,0.0000,1012.36,278.16,0.0000,1022.72,344.64,0.0000,1006.28,344.64,0.0000,1054.18,282.81,0.0000,1066.33,277.09,0.0000,1031.30,299.96,0.0000,1015.57,293.17,0.0000,1015.93,344.64,0.0000,996.27,344.64,0.0000
133,0,Elm,0.6864,848.6,60.6,1053.8,410.5,0.9202,1022.32,163.91,0.0000,936.87,144.77,0.0000,1028.47,148.18,0.0000,978.57,96.91,0.0000,775.54,60.00,0.0000,775.54,60.00,0.0000,991.55,144.08,0.0000,882.18,214.49,0.0000,775.54,60.00,0.0000,1031.20,181.00,0.0000,775.54,60.00,0.0000,854.15,315.66,0.0000,940.97,345.06,0.0000,986.77,265.76,0.0000,775.54,60.00,0.0000,1001.81,338.91,0.0000,775.54,60.00,0.0000
134,1,Jok,0.6456,1011.4,162.7,1085.1,345.4,0.9524,956.67,162.00,0.0000,956.67,162.00,0.0000,956.67,162.00,0.0000,1059.97,175.22,0.0000,956.67,162.00,0.0000,1049.96,238.13,0.0000,1022.44,216.69,0.0000,1018.15,273.16,0.0000,1012.79,278.16,0.0000,1022.79,344.64,0.0000,1009.93,344.64,0.0000,1054.25,277.09,0.0000,1066.76,276.38,0.0000,1027.08,307.83,0.0000,1016.00,299.96,0.0000,1016.72,344.64,0.0000,1004.21,344.64,0.0000
134,0,Elm,0.6903,847.6,60.8,1052.8,410.8,0.9229,1027.47,163.91,0.0000,935.87,144.77,0.0000,1026.79,148.18,0.0000,978.25,97.60,0.0000,1019.95,123.57,0.0000,774.54,60.00,0.0000,990.55,144.08,0.0000,879.81,201.50,0.0000,774.54,60.00,0.0000,1030.89,181.00,0.0000,774.54,60.00,0.0000,852.47,309.51,0.0000,939.97,345.74,0.0000,986.45,265.76,0.0000,774.54,60.00,0.0000,1003.54,338.22,0.0000,774.54,60.00,0.0000
135,1,Jok,0.6452,1011.4,162.7,1085.0,345.7,0.9527,956.67,162.00,0.0000,956.67,162.00,0.0000,956.67,162.00,0.0000,1045.67,175.22,0.0000,956.67,162.00,0.0000,1046.38,238.13,0.0000,1022.44,216.69,0.0000,1018.15,272.80,0.0000,1012.79,277.80,0.0000,1013.14,344.64,0.0000,1007.07,344.64,0.0000,1054.61,277.09,0.0000,1067.12,272.09,0.0000,1031.73,292.82,0.0000,1016.36,292.82,0.0000,1016.36,344.64,0.0000,996.70,344.64,0.0000
135,0,Elm,0.6636,850.7,65.7,1048.5,411.4,0.9198,1025.70,159.61,0.0000,945.29,122.44,0.0000,1020.97,132.58,0.0000,775.66,65.00,0.0000,1017.59,115.01,0.0000,775.66,65.00,0.0000,989.89,142.04,0.0000,878.38,200.83,0.0000,775.66,65.00,0.0000,1028.41,183.94,0.0000,775.66,65.00,0.0000,860.14,312.34,0.0000,939.20,342.75,0.0000,985.16,262.33,0.0000,775.66,65.00,0.0000,1002.05,340.04,0.0000,775.66,65.00,0.0000
136,0,Elm,0.6986,855.9,52.9,1047.3,410.6,0.9259,1021.41,121.92,0.0000,932.61,93.95,0.0000,1020.71,110.73,0.0000,957.79,83.46,0.0000,772.49,52.00,0.0000,772.49,52.00,0.0000,992.05,137.30,0.0000,880.87,196.04,0.0000,772.49,52.00,0.0000,1034.00,175.76,0.0000,1027.71,191.84,0.0000,859.89,313.51,0.0000,941.70,344.27,0.0000,989.25,262.46,0.0000,772.49,52.00,0.0000,920.03,347.77,0.0000,772.49,52.00,0.0000
136,1,Jok,0.6380,1011.7,163.0,1084.3,345.4,0.9536,955.96,162.00,0.0000,955.96,162.00,0.0000,955.96,162.00,0.0000,1059.25,175.22,0.0000,955.96,162.00,0.0000,1049.24,237.77,0.0000,955.96,162.00,0.0000,1017.43,273.16,0.0000,1012.07,277.80,0.0000,1022.44,253.14,0.0000,1006.35,344.64,0.0000,1059.61,276.73,0.0000,1066.76,272.09,0.0000,1025.65,307.83,0.0000,1014.57,291.39,0.0000,1013.50,344.64,0.0000,1003.14,344.64,0.0000
137,0,Elm,0.6898,850.4,49.4,1048.7,411.3,0.9252,1011.91,118.29,0.0000,929.19,92.13,0.0000,1012.62,100.61,0.0000,945.45,82.94,0.0000,767.98,49.00,0.0000,767.98,49.00,0.0000,982.21,135.96,0.0000,876.87,200.30,0.0000,767.98,49.00,0.0000,1022.52,173.44,0.0000,1026.05,194.65,0.0000,860.61,313.43,0.0000,945.45,343.83,0.0000,981.51,261.82,0.0000,767.98,49.00,0.0000,917.17,348.07,0.0000,767.98,49.00,0.0000
137,1,Jok,0.6525,1010.0,162.7,1084.6,345.6,0.9534,954.67,162.00,0.0000,954.67,162.00,0.0000,954.67,162.00,0.0000,1057.97,174.87,0.0000,954.67,162.00,0.0000,1048.32,237.77,0.0000,1020.44,216.33,0.0000,1016.15,273.16,0.0000,1010.79,278.16,0.0000,1021.15,253.14,0.0000,1009.71,344.64,0.0000,1058.32,276.73,0.0000,1065.12,272.44,0.0000,1024.73,307.83,0.0000,1014.00,292.82,0.0000,1012.57,344.64,0.0000,994.70,344.64,0.0000
138,0,Elm,0.6838,851.5,49.6,1048.2,412.7,0.9223,1007.69,114.23,0.0000,928.99,91.54,0.0000,1011.23,100.76,0.0000,944.59,80.20,0.0000,767.34,49.00,0.0000,767.34,49.00,0.0000,981.45,135.50,0.0000,876.52,200.01,0.0000,767.34,49.00,0.0000,1021.87,173.78,0.0000,1021.16,190.80,0.0000,859.51,314.16,0.0000,938.91,345.36,0.0000,981.45,262.40,0.0000,767.34,49.00,0.0000,1001.30,343.23,0.0000,767.34,49.00,0.0000
138,1,Jok,0.6531,1010.0,162.9,1084.1,345.3,0.9526,954.67,162.00,0.0000,954.67,162.00,0.0000,954.67,162.00,0.0000,1057.97,174.87,0.0000,954.67,162.00,0.0000,1047.96,238.49,0.0000,1020.08,216.69,0.0000,1014.72,272.80,0.0000,1010.79,278.16,0.0000,1021.15,344.64,0.0000,1009.00,344.64,0.0000,1052.61,277.09,0.0000,1064.76,272.44,0.0000,1025.08,311.40,0.0000,1011.14,299.96,0.0000,954.67,344.64,0.0000,1002.21,344.64,0.0000
139,0,Elm,0.6799,848.6,50.0,1048.7,413.6,0.9243,1007.52,115.23,0.0000,952.93,89.70,0.0000,1011.07,101.05,0.0000,945.13,80.49,0.0000,767.18,50.00,0.0000,767.18,50.00,0.0000,982.00,135.79,0.0000,876.36,196.05,0.0000,767.18,50.00,0.0000,1021.70,174.78,0.0000,1024.54,191.80,0.0000,860.05,314.45,0.0000,945.84,345.65,0.0000,981.29,263.40,0.0000,767.18,50.00,0.0000,1004.69,324.38,0.0000,767.18,50.00,0.0000
139,1,Jok,0.6585,1009.9,162.8,1084.3,345.2,0.9532,954.67,162.00,0.0000,954.67,162.00,0.0000,954.67,162.00,0.0000,1057.97,174.87,0.0000,954.67,162.00,0.0000,1044.38,238.13,0.0000,1020.44,216.69,0.0000,1014.72,277.80,0.0000,1010.79,278.16,0.0000,1011.14,344.64,0.0000,1008.64,344.64,0.0000,1052.61,277.09,0.0000,1065.12,272.09,0.0000,1029.73,307.83,0.0000,1011.14,299.96,0.0000,954.67,344.64,0.0000,1002.21,344.64,0.0000
140,0,Elm,0.7116,839.3,47.7,1049.9,415.1,0.9241,1010.06,113.12,0.0000,948.25,90.12,0.0000,1010.06,99.47,0.0000,948.97,79.34,0.0000,759.94,47.00,0.0000,759.94,47.00,0.0000,978.44,136.12,0.0000,871.34,200.09,0.0000,759.94,47.00,0.0000,1028.03,173.50,0.0000,1025.88,190.75,0.0000,854.09,309.34,0.0000,941.78,342.41,0.0000,854.09,263.34,0.0000,759.94,47.00,0.0000,1000.72,339.53,0.0000,759.94,47.00,0.0000
140,1,Jok,0.6394,1008.9,162.4,1084.3,345.7,0.9527,954.39,162.00,0.0000,954.39,162.00,0.0000,954.39,162.00,0.0000,1057.32,174.87,0.0000,954.39,162.00,0.0000,1047.67,237.77,0.0000,1019.79,214.90,0.0000,1014.43,273.16,0.0000,1010.50,278.16,0.0000,1010.86,344.64,0.0000,1009.07,344.64,0.0000,1051.96,283.17,0.0000,1064.47,272.44,0.0000,1029.45,307.83,0.0000,1010.86,299.96,0.0000,954.39,344.64,0.0000,1000.49,344.64,0.0000
141,0,Elm,0.6587,831.0,45.9,1048.9,416.0,0.9270,1002.71,111.48,0.0000,942.73,85.47,0.0000,1002.71,98.48,0.0000,753.40,45.00,0.0000,753.40,45.00,0.0000,753.40,45.00,0.0000,980.31,136.78,0.0000,866.13,199.65,0.0000,753.40,45.00,0.0000,1024.39,172.19,0.0000,1024.39,189.53,0.0000,856.02,305.88,0.0000,942.73,342.01,0.0000,848.07,262.52,0.0000,753.40,45.00,0.0000,988.26,339.12,0.0000,753.40,45.00,0.0000
141,1,Jok,0.6497,1007.7,162.6,1084.6,345.2,0.9537,954.10,162.00,0.0000,954.10,162.00,0.0000,954.10,162.00,0.0000,1057.40,181.30,0.0000,954.10,162.00,0.0000,1039.17,237.77,0.0000,1019.87,215.26,0.0000,1013.79,278.16,0.0000,1005.57,277.80,0.0000,1020.58,344.64,0.0000,1009.50,344.64,0.0000,1058.11,277.09,0.0000,1064.90,272.44,0.0000,1029.16,309.97,0.0000,1010.57,292.82,0.0000,954.10,344.64,0.0000,1001.64,344.64,0.0000
142,0,Elm,0.6238,824.2,48.2,1049.4,413.5,0.9345,1007.21,112.87,0.0000,941.63,87.92,0.0000,1002.22,100.04,0.0000,754.14,48.00,0.0000,754.14,48.00,0.0000,754.14,48.00,0.0000,978.70,138.54,0.0000,866.77,196.28,0.0000,754.14,48.00,0.0000,1021.47,173.47,0.0000,1031.45,190.58,0.0000,855.37,305.35,0.0000,946.62,345.99,0.0000,847.53,262.58,0.0000,754.14,48.00,0.0000,925.23,338.86,0.0000,754.14,48.00,0.0000
142,1,Jok,0.6510,1007.0,162.9,1085.0,345.1,0.9547,954.82,162.00,0.0000,954.82,162.00,0.0000,954.82,162.00,0.0000,1067.40,178.80,0.0000,954.82,162.00,0.0000,1048.10,243.85,0.0000,1020.58,215.26,0.0000,1014.51,277.80,0.0000,1006.29,277.80,0.0000,1020.94,344.64,0.0000,1007.00,344.64,0.0000,1052.39,283.17,0.0000,1070.98,276.73,0.0000,1034.16,292.82,0.0000,1010.93,269.58,0.0000,1014.86,344.64,0.0000,1001.64,344.64,0.0000
143,0,Elm,0.6447,817.0,48.3,1049.8,415.2,0.9359,1006.67,113.23,0.0000,954.34,87.42,0.0000,1003.80,108.21,0.0000,748.62,48.00,0.0000,748.62,48.00,0.0000,748.62,48.00,0.0000,975.13,140.47,0.0000,860.44,210.71,0.0000,748.62,48.00,0.0000,1023.15,179.17,0.0000,1027.46,195.66,0.0000,856.14,306.05,0.0000,942.87,342.60,0.0000,842.52,263.76,0.0000,748.62,48.00,0.0000,920.65,339.74,0.0000,748.62,48.00,0.0000
143,1,Jok,0.6452,1008.4,163.4,1084.9,345.6,0.9539,954.68,163.00,0.0000,954.68,163.00,0.0000,954.68,163.00,0.0000,1048.17,177.93,0.0000,954.68,163.00,0.0000,1039.28,239.07,0.0000,1019.38,215.96,0.0000,1010.84,278.53,0.0000,1001.60,278.17,0.0000,1011.20,344.64,0.0000,1004.80,344.64,0.0000,1051.72,283.50,0.0000,1070.56,277.11,0.0000,1029.68,311.59,0.0000,1010.49,293.10,0.0000,954.68,344.64,0.0000,1001.60,344.64,0.0000
144,0,Elm,0.7094,819.3,48.8,1049.3,414.6,0.9372,1007.00,113.05,0.0000,942.67,88.03,0.0000,1004.14,108.05,0.0000,750.38,48.00,0.0000,750.38,48.00,0.0000,750.38,48.00,0.0000,976.27,140.21,0.0000,862.61,209.55,0.0000,750.38,48.00,0.0000,1023.45,174.53,0.0000,1028.45,190.97,0.0000,852.60,305.34,0.0000,943.38,341.80,0.0000,844.02,263.17,0.0000,750.38,48.00,0.0000,921.94,338.94,0.0000,750.38,48.00,0.0000
144,1,Jok,0.6526,1008.1,164.0,1085.1,345.2,0.9537,955.68,164.00,0.0000,1058.20,235.41,0.0000,955.68,164.00,0.0000,1043.35,176.37,0.0000,955.68,164.00,0.0000,1039.82,239.30,0.0000,1020.02,216.32,0.0000,1015.07,273.24,0.0000,1011.18,278.54,0.0000,1021.08,344.65,0.0000,1005.17,344.65,0.0000,1052.54,283.84,0.0000,1136.33,272.88,0.0000,1034.51,293.39,0.0000,1011.54,293.74,0.0000,1017.90,344.65,0.0000,1002.70,344.65,0.0000
145,0,Elm,0.6431,815.6,47.3,1049.4,415.8,0.9346,1006.19,112.41,0.0000,953.72,87.25,0.0000,1004.75,107.38,0.0000,747.44,47.00,0.0000,747.44,47.00,0.0000,747.44,47.00,0.0000,975.28,141.16,0.0000,860.28,210.16,0.0000,747.44,47.00,0.0000,1022.00,178.53,0.0000,1027.75,195.06,0.0000,855.97,306.47,0.0000,942.22,346.72,0.0000,841.59,263.34,0.0000,747.44,47.00,0.0000,984.62,339.53,0.0000,747.44,47.00,0.0000
145,1,Jok,0.6494,1008.2,162.9,1085.1,345.3,0.9528,955.10,162.00,0.0000,955.10,162.00,0.0000,955.10,162.00,0.0000,1067.69,181.30,0.0000,955.10,162.00,0.0000,1048.39,243.85,0.0000,1020.87,216.69,0.0000,1011.57,278.16,0.0000,1002.28,278.16,0.0000,1021.22,344.64,0.0000,1003.00,344.64,0.0000,1052.68,283.17,0.0000,1065.19,276.73,0.0000,1030.16,307.83,0.0000,1011.22,292.82,0.0000,955.10,344.64,0.0000,1002.28,344.64,0.0000
146,0,Elm,0.6763,813.7,51.0,1049.8,415.9,0.9394,1013.32,114.87,0.0000,953.44,89.92,0.0000,1004.77,109.88,0.0000,748.84,50.00,0.0000,748.84,50.00,0.0000,748.84,50.00,0.0000,979.10,141.25,0.0000,861.48,200.42,0.0000,748.84,50.00,0.0000,1022.59,183.31,0.0000,1027.58,197.57,0.0000,850.78,306.64,0.0000,942.03,347.28,0.0000,842.23,253.89,0.0000,748.84,50.00,0.0000,919.93,340.15,0.0000,748.84,50.00,0.0000
146,1,Jok,0.6550,1009.3,158.7,1083.7,345.3,0.9535,952.75,158.00,0.0000,1059.40,232.51,0.0000,952.75,158.00,0.0000,1058.31,173.34,0.0000,952.75,158.00,0.0000,1048.08,235.79,0.0000,952.75,158.00,0.0000,1014.11,270.86,0.0000,1005.35,276.70,0.0000,1010.46,344.63,0.0000,1001.33,344.63,0.0000,1059.04,280.72,0.0000,1065.61,275.24,0.0000,1029.82,291.68,0.0000,1016.30,291.68,0.0000,1013.75,344.63,0.0000,1001.33,344.63,0.0000
147,0,Elm,0.6447,813.1,51.7,1049.1,416.1,0.9350,1012.61,115.87,0.0000,954.15,90.21,0.0000,1005.48,110.88,0.0000,748.84,51.00,0.0000,748.84,51.00,0.0000,748.84,51.00,0.0000,979.10,141.54,0.0000,862.19,200.71,0.0000,748.84,51.00,0.0000,1021.88,192.87,0.0000,1026.15,193.58,0.0000,856.49,307.64,0.0000,942.03,344.00,0.0000,842.23,254.17,0.0000,748.84,51.00,0.0000,920.65,326.89,0.0000,748.84,51.00,0.0000
147,1,Jok,0.6538,1008.2,162.4,1083.5,344.6,0.9543,954.68,162.00,0.0000,1057.77,233.80,0.0000,954.68,162.00,0.0000,1034.30,176.57,0.0000,954.68,162.00,0.0000,1043.90,243.40,0.0000,954.68,162.00,0.0000,1014.40,271.48,0.0000,954.68,277.53,0.0000,1010.84,343.64,0.0000,1001.96,343.64,0.0000,1051.72,282.50,0.0000,1064.16,271.48,0.0000,1029.33,292.10,0.0000,1013.33,292.46,0.0000,1012.27,343.64,0.0000,1001.96,343.64,0.0000
148,1,Jok,0.6457,1008.6,163.5,1083.4,345.0,0.9547,954.97,163.00,0.0000,954.97,163.00,0.0000,954.97,163.00,0.0000,1034.16,175.37,0.0000,954.97,163.00,0.0000,1039.11,238.65,0.0000,954.97,163.00,0.0000,1010.83,272.24,0.0000,954.97,277.89,0.0000,1010.83,343.65,0.0000,1001.99,343.65,0.0000,1051.84,282.84,0.0000,1135.62,276.83,0.0000,1029.21,292.39,0.0000,1010.83,292.03,0.0000,954.97,343.65,0.0000,1001.99,343.65,0.0000
148,0,Elm,0.6510,815.2,53.4,1049.0,416.7,0.9334,1020.61,117.52,0.0000,953.96,91.99,0.0000,1011.39,112.55,0.0000,749.77,53.00,0.0000,749.77,53.00,0.0000,749.77,53.00,0.0000,980.19,145.17,0.0000,861.08,201.18,0.0000,749.77,53.00,0.0000,1021.31,185.58,0.0000,1026.28,195.51,0.0000,851.16,307.53,0.0000,941.20,344.39,0.0000,842.65,255.77,0.0000,749.77,53.00,0.0000,920.64,327.38,0.0000,749.77,53.00,0.0000
149,1,Jok,0.6570,1008.8,163.1,1084.1,345.0,0.9543,955.68,163.00,0.0000,955.68,163.00,0.0000,955.68,163.00,0.0000,1069.16,182.09,0.0000,955.68,163.00,0.0000,1047.95,243.96,0.0000,955.68,163.00,0.0000,1014.01,277.54,0.0000,1006.59,277.89,0.0000,1021.43,343.65,0.0000,1002.70,343.65,0.0000,1052.54,282.13,0.0000,1064.92,271.88,0.0000,1029.92,307.23,0.0000,1011.18,292.39,0.0000,955.68,343.65,0.0000,995.27,343.65,0.0000
149,0,Elm,0.6961,815.2,58.5,1048.4,416.5,0.9307,1019.17,121.63,0.0000,953.45,90.86,0.0000,1010.78,116.73,0.0000,752.07,58.00,0.0000,752.07,58.00,0.0000,752.07,58.00,0.0000,980.71,146.80,0.0000,863.25,202.74,0.0000,752.07,58.00,0.0000,1019.87,185.96,0.0000,1024.77,197.84,0.0000,857.65,309.02,0.0000,941.56,345.38,0.0000,844.37,257.98,0.0000,752.07,58.00,0.0000,983.51,328.60,0.0000,752.07,58.00,0.0000
150,0,Elm,0.6980,815.1,58.6,1048.8,417.4,0.9319,1020.44,121.81,0.0000,953.83,88.15,0.0000,1011.33,116.90,0.0000,751.89,58.00,0.0000,751.89,58.00,0.0000,751.89,58.00,0.0000,981.18,147.05,0.0000,874.60,203.84,0.0000,751.89,58.00,0.0000,1021.14,185.61,0.0000,1025.35,198.23,0.0000,857.07,310.42,0.0000,941.21,346.18,0.0000,843.75,259.94,0.0000,751.89,58.00,0.0000,983.98,329.35,0.0000,751.89,58.00,0.0000
150,1,Jok,0.6553,1008.9,163.0,1084.0,345.2,0.9538,954.68,163.00,0.0000,954.68,163.00,0.0000,954.68,163.00,0.0000,1073.05,177.93,0.0000,954.68,163.00,0.0000,1047.46,246.54,0.0000,954.68,163.00,0.0000,1013.33,278.53,0.0000,1001.25,278.53,0.0000,1010.84,344.64,0.0000,1001.96,344.64,0.0000,1039.99,311.59,0.0000,1028.26,277.46,0.0000,1033.59,293.10,0.0000,1010.49,293.10,0.0000,954.68,344.64,0.0000,994.85,344.64,0.0000
151,1,Jok,0.6502,1008.6,163.3,1084.6,345.0,0.9542,954.68,163.00,0.0000,954.68,163.00,0.0000,954.68,163.00,0.0000,1048.17,177.93,0.0000,954.68,163.00,0.0000,1043.90,246.89,0.0000,954.68,163.00,0.0000,1013.69,272.84,0.0000,954.68,278.17,0.0000,1028.62,344.64,0.0000,1002.31,344.64,0.0000,1039.99,283.50,0.0000,1028.62,277.46,0.0000,1029.33,293.10,0.0000,1010.84,293.10,0.0000,1017.24,344.64,0.0000,994.49,344.64,0.0000
151,0,Elm,0.6972,814.4,57.4,1049.5,416.9,0.9314,1020.14,120.81,0.0000,953.53,87.15,0.0000,1011.73,115.90,0.0000,752.30,57.00,0.0000,752.30,57.00,0.0000,752.30,57.00,0.0000,979.48,147.45,0.0000,863.78,202.84,0.0000,752.30,57.00,0.0000,1021.55,188.12,0.0000,1025.75,201.44,0.0000,858.17,309.42,0.0000,941.61,345.18,0.0000,968.96,268.05,0.0000,752.30,57.00,0.0000,943.72,342.38,0.0000,752.30,57.00,0.0000
152,0,Elm,0.7123,814.3,58.8,1048.5,416.3,0.9306,1020.27,121.63,0.0000,953.84,88.77,0.0000,1011.18,116.73,0.0000,752.47,58.00,0.0000,752.47,58.00,0.0000,752.47,58.00,0.0000,981.11,147.50,0.0000,862.95,203.44,0.0000,752.47,58.00,0.0000,1025.16,188.75,0.0000,1025.16,198.54,0.0000,858.05,309.72,0.0000,941.96,349.57,0.0000,844.07,268.46,0.0000,752.47,58.00,0.0000,983.91,342.58,0.0000,752.47,58.00,0.0000
152,1,Jok,0.6487,1008.8,163.0,1084.3,344.9,0.9541,955.68,163.00,0.0000,955.68,163.00,0.0000,955.68,163.00,0.0000,1069.16,182.44,0.0000,955.68,163.00,0.0000,1047.95,243.96,0.0000,955.68,163.00,0.0000,1014.01,277.54,0.0000,1011.18,277.89,0.0000,1029.21,343.65,0.0000,1006.59,343.65,0.0000,1052.19,282.84,0.0000,1064.56,271.88,0.0000,1034.16,299.46,0.0000,1011.54,292.74,0.0000,1017.90,343.65,0.0000,995.27,343.65,0.0000
153,0,Elm,0.6996,815.7,60.9,1051.4,417.8,0.9293,1022.09,123.45,0.0000,955.85,89.98,0.0000,1013.02,118.57,0.0000,755.04,60.00,0.0000,755.04,60.00,0.0000,755.04,60.00,0.0000,983.04,145.07,0.0000,876.36,199.45,0.0000,755.04,60.00,0.0000,1026.97,182.72,0.0000,755.04,60.00,0.0000,854.74,311.02,0.0000,943.30,345.88,0.0000,947.48,269.88,0.0000,755.04,60.00,0.0000,945.39,343.79,0.0000,755.04,60.00,0.0000
153,1,Jok,0.6538,1010.7,159.2,1084.4,345.3,0.9530,954.05,159.00,0.0000,1058.32,232.38,0.0000,954.05,159.00,0.0000,1035.43,174.62,0.0000,954.05,159.00,0.0000,1045.24,242.19,0.0000,954.05,159.00,0.0000,1013.63,277.07,0.0000,996.20,277.07,0.0000,1021.62,344.64,0.0000,1002.37,344.64,0.0000,1041.24,282.15,0.0000,1139.69,270.89,0.0000,1035.07,292.32,0.0000,1011.45,291.96,0.0000,954.05,344.64,0.0000,1002.37,344.64,0.0000
154,0,Elm,0.6886,818.5,62.8,1047.0,417.8,0.9257,1019.77,138.27,0.0000,954.59,87.65,0.0000,1017.69,120.24,0.0000,754.21,62.00,0.0000,754.21,62.00,0.0000,754.21,62.00,0.0000,980.94,145.90,0.0000,863.76,205.53,0.0000,754.21,62.00,0.0000,1024.62,188.88,0.0000,1024.62,200.67,0.0000,853.36,310.92,0.0000,941.42,346.97,0.0000,854.05,260.99,0.0000,754.21,62.00,0.0000,983.02,330.33,0.0000,754.21,62.00,0.0000
154,1,Jok,0.6555,1009.6,161.2,1084.0,345.1,0.9540,953.66,161.00,0.0000,953.66,161.00,0.0000,953.66,161.00,0.0000,1057.52,180.77,0.0000,953.66,161.00,0.0000,1047.45,243.30,0.0000,953.66,161.00,0.0000,1012.59,277.80,0.0000,1000.73,277.80,0.0000,1020.50,344.64,0.0000,1001.45,344.64,0.0000,1051.77,276.72,0.0000,1064.34,271.69,0.0000,1033.80,292.53,0.0000,1012.95,292.53,0.0000,1016.91,344.64,0.0000,993.55,344.64,0.0000
155,0,Elm,0.6968,818.1,58.6,1048.1,420.2,0.9241,1022.33,128.70,0.0000,955.16,91.23,0.0000,1020.92,117.39,0.0000,751.54,58.00,0.0000,751.54,58.00,0.0000,751.54,58.00,0.0000,982.74,147.79,0.0000,874.56,204.36,0.0000,751.54,58.00,0.0000,1027.28,190.21,0.0000,1027.28,199.41,0.0000,852.64,311.82,0.0000,942.44,347.88,0.0000,844.16,270.82,0.0000,751.54,58.00,0.0000,944.56,331.62,0.0000,751.54,58.00,0.0000
155,1,Jok,0.6492,1009.5,161.5,1083.7,345.3,0.9543,953.66,161.00,0.0000,953.66,161.00,0.0000,953.66,161.00,0.0000,1057.52,180.77,0.0000,953.66,161.00,0.0000,1047.45,243.30,0.0000,953.66,161.00,0.0000,1013.67,271.69,0.0000,1000.73,277.80,0.0000,1020.50,344.64,0.0000,1005.41,344.64,0.0000,1051.77,282.11,0.0000,1064.34,272.05,0.0000,1033.44,299.72,0.0000,1013.67,292.53,0.0000,1016.91,344.64,0.0000,1001.45,344.64,0.0000
156,0,Elm,0.7142,818.7,57.2,1049.1,419.8,0.9269,1023.75,127.70,0.0000,956.58,90.23,0.0000,1022.33,121.34,0.0000,752.95,57.00,0.0000,752.95,57.00,0.0000,752.95,57.00,0.0000,984.15,148.21,0.0000,877.39,204.06,0.0000,752.95,57.00,0.0000,1028.70,198.41,0.0000,1028.70,198.41,0.0000,854.06,310.82,0.0000,943.14,346.88,0.0000,846.28,269.82,0.0000,752.95,57.00,0.0000,986.27,335.57,0.0000,752.95,57.00,0.0000
156,1,Jok,0.6505,1009.4,161.9,1084.2,345.2,0.9549,954.38,161.00,0.0000,1058.23,233.95,0.0000,954.38,161.00,0.0000,1058.23,180.77,0.0000,954.38,161.00,0.0000,1048.17,243.30,0.0000,954.38,161.00,0.0000,954.38,271.69,0.0000,954.38,277.80,0.0000,1021.22,344.64,0.0000,1005.41,344.64,0.0000,1040.62,282.47,0.0000,1065.06,271.69,0.0000,1029.84,310.14,0.0000,1010.80,299.72,0.0000,954.38,344.64,0.0000,1002.17,344.64,0.0000
157,0,Elm,0.6718,818.3,61.9,1047.6,419.1,0.9270,1021.47,147.70,0.0000,955.05,99.46,0.0000,1020.77,124.63,0.0000,753.67,61.00,0.0000,753.67,61.00,0.0000,753.67,61.00,0.0000,982.32,146.30,0.0000,881.63,206.44,0.0000,753.67,61.00,0.0000,1026.37,188.26,0.0000,1026.37,200.84,0.0000,859.25,312.72,0.0000,942.46,347.68,0.0000,854.36,271.46,0.0000,753.67,61.00,0.0000,944.56,331.60,0.0000,753.67,61.00,0.0000
157,1,Jok,0.6545,1009.7,162.3,1084.3,345.2,0.9547,954.67,162.00,0.0000,954.67,162.00,0.0000,954.67,162.00,0.0000,1069.05,181.30,0.0000,954.67,162.00,0.0000,1047.96,243.85,0.0000,954.67,162.00,0.0000,1013.65,277.80,0.0000,1010.79,278.16,0.0000,1021.51,344.64,0.0000,1002.21,344.64,0.0000,1052.61,277.09,0.0000,1065.12,272.09,0.0000,1029.73,307.83,0.0000,1011.14,292.82,0.0000,1017.58,344.64,0.0000,1002.21,344.64,0.0000
158,0,Elm,0.7176,822.5,61.4,1047.6,419.4,0.9289,1023.38,138.61,0.0000,956.25,99.46,0.0000,1021.98,119.73,0.0000,754.88,61.00,0.0000,754.88,61.00,0.0000,754.88,61.00,0.0000,983.52,149.80,0.0000,883.53,206.44,0.0000,754.88,61.00,0.0000,1027.57,184.76,0.0000,1027.57,200.84,0.0000,860.46,312.72,0.0000,943.66,346.98,0.0000,970.93,271.46,0.0000,754.88,61.00,0.0000,945.76,331.60,0.0000,754.88,61.00,0.0000
158,1,Jok,0.6505,1009.9,162.1,1083.9,345.2,0.9545,954.67,162.00,0.0000,954.67,162.00,0.0000,954.67,162.00,0.0000,1035.09,177.01,0.0000,954.67,162.00,0.0000,1039.74,238.49,0.0000,954.67,162.00,0.0000,1010.79,277.80,0.0000,1001.49,278.16,0.0000,1011.14,344.64,0.0000,1002.21,344.64,0.0000,1052.25,282.45,0.0000,1028.66,277.09,0.0000,1029.73,299.96,0.0000,1011.14,292.82,0.0000,1012.57,344.64,0.0000,994.70,344.64,0.0000
159,0,Elm,0.7220,823.6,63.4,1047.4,419.2,0.9252,1024.64,149.22,0.0000,957.89,101.24,0.0000,1023.95,126.27,0.0000,757.64,63.00,0.0000,757.64,63.00,0.0000,757.64,63.00,0.0000,985.01,147.83,0.0000,884.88,207.62,0.0000,757.64,63.00,0.0000,1028.81,185.38,0.0000,757.64,63.00,0.0000,857.07,312.62,0.0000,944.68,348.08,0.0000,973.19,272.29,0.0000,757.64,63.00,0.0000,947.46,332.09,0.0000,757.64,63.00,0.0000
159,1,Jok,0.6487,1010.3,162.1,1084.1,345.3,0.9549,955.67,162.00,0.0000,1058.97,234.56,0.0000,955.67,162.00,0.0000,1037.16,181.66,0.0000,955.67,162.00,0.0000,1035.38,245.99,0.0000,955.67,162.00,0.0000,1014.29,277.80,0.0000,1002.49,277.80,0.0000,1022.87,344.64,0.0000,1003.21,344.64,0.0000,1041.45,283.17,0.0000,955.67,277.45,0.0000,1031.09,292.82,0.0000,1011.79,292.82,0.0000,955.67,344.64,0.0000,996.06,344.64,0.0000
160,0,Elm,0.7181,822.2,63.8,1048.8,418.6,0.9267,1023.07,148.98,0.0000,956.51,93.51,0.0000,1021.69,121.24,0.0000,756.82,63.00,0.0000,756.82,63.00,0.0000,756.82,63.00,0.0000,983.55,147.59,0.0000,883.71,206.53,0.0000,756.82,63.00,0.0000,1027.23,185.03,0.0000,756.82,63.00,0.0000,855.97,311.92,0.0000,944.03,347.97,0.0000,848.35,271.70,0.0000,756.82,63.00,0.0000,946.11,331.33,0.0000,756.82,63.00,0.0000
160,1,Jok,0.6480,1010.6,162.4,1084.1,345.2,0.9549,955.67,162.00,0.0000,1058.97,234.91,0.0000,955.67,162.00,0.0000,1070.05,181.66,0.0000,955.67,162.00,0.0000,1040.74,243.85,0.0000,955.67,162.00,0.0000,1011.79,278.16,0.0000,1002.49,278.16,0.0000,1022.15,344.64,0.0000,1003.21,344.64,0.0000,1041.10,283.17,0.0000,1030.02,272.09,0.0000,1031.09,299.96,0.0000,1011.79,292.82,0.0000,955.67,344.64,0.0000,995.70,344.64,0.0000
161,0,Elm,0.7200,822.1,64.4,1048.0,418.9,0.9259,1022.51,149.73,0.0000,956.13,94.42,0.0000,1021.12,122.08,0.0000,757.01,64.00,0.0000,757.01,64.00,0.0000,757.01,64.00,0.0000,983.79,148.35,0.0000,883.54,207.12,0.0000,757.01,64.00,0.0000,1026.66,185.69,0.0000,757.01,64.00,0.0000,855.88,312.21,0.0000,943.69,347.48,0.0000,988.63,272.11,0.0000,757.01,64.00,0.0000,945.76,331.57,0.0000,757.01,64.00,0.0000
161,1,Jok,0.6435,1009.9,162.7,1084.1,344.9,0.9546,955.68,162.00,0.0000,955.68,162.00,0.0000,955.68,162.00,0.0000,1068.01,183.68,0.0000,955.68,162.00,0.0000,1048.46,238.07,0.0000,955.68,162.00,0.0000,1011.49,277.53,0.0000,1006.51,277.53,0.0000,1022.15,343.64,0.0000,1002.96,343.64,0.0000,1052.72,281.79,0.0000,1065.16,276.46,0.0000,1030.33,309.52,0.0000,1011.49,299.21,0.0000,1015.04,343.64,0.0000,1002.96,343.64,0.0000
162,0,Elm,0.7201,821.7,62.6,1048.0,419.7,0.9259,1022.51,148.46,0.0000,956.27,91.98,0.0000,1021.81,120.57,0.0000,755.46,62.00,0.0000,755.46,62.00,0.0000,755.46,62.00,0.0000,984.16,147.07,0.0000,883.75,206.33,0.0000,755.46,62.00,0.0000,1027.39,185.42,0.0000,755.46,62.00,0.0000,855.17,312.32,0.0000,943.72,347.88,0.0000,846.80,262.12,0.0000,755.46,62.00,0.0000,945.81,331.14,0.0000,755.46,62.00,0.0000
162,1,Jok,0.6402,1010.3,162.7,1083.6,344.8,0.9547,955.26,162.00,0.0000,955.26,162.00,0.0000,955.26,162.00,0.0000,1069.01,181.91,0.0000,955.26,162.00,0.0000,1048.04,238.07,0.0000,955.26,162.00,0.0000,955.26,277.53,0.0000,1001.82,277.17,0.0000,1021.38,343.64,0.0000,1002.54,343.64,0.0000,1040.57,276.46,0.0000,1064.74,271.48,0.0000,1029.91,310.59,0.0000,1011.07,292.10,0.0000,955.26,343.64,0.0000,1002.18,343.64,0.0000
163,0,Elm,0.7239,821.6,64.2,1048.1,419.5,0.9242,1022.77,149.98,0.0000,956.90,93.81,0.0000,1022.07,122.24,0.0000,757.21,64.00,0.0000,757.21,64.00,0.0000,757.21,64.00,0.0000,984.63,148.59,0.0000,884.79,207.53,0.0000,757.21,64.00,0.0000,1027.62,186.72,0.0000,757.21,64.00,0.0000,856.36,312.92,0.0000,943.72,347.58,0.0000,857.05,272.70,0.0000,757.21,64.00,0.0000,946.50,332.33,0.0000,757.21,64.00,0.0000
163,1,Jok,0.6463,1009.9,162.7,1084.0,344.9,0.9553,954.97,162.00,0.0000,954.97,162.00,0.0000,954.97,162.00,0.0000,1048.46,183.33,0.0000,954.97,162.00,0.0000,1039.57,237.71,0.0000,954.97,162.00,0.0000,1010.78,277.17,0.0000,1005.80,277.53,0.0000,1021.09,343.64,0.0000,1004.73,343.64,0.0000,1052.37,276.11,0.0000,1064.81,276.46,0.0000,1029.62,307.03,0.0000,1013.62,292.10,0.0000,1012.91,343.64,0.0000,1002.25,343.64,0.0000
164,0,Elm,0.7206,821.2,63.5,1047.9,419.7,0.9269,1022.64,149.22,0.0000,955.89,101.24,0.0000,1021.95,126.27,0.0000,755.64,63.00,0.0000,755.64,63.00,0.0000,755.64,63.00,0.0000,983.70,147.83,0.0000,882.88,207.62,0.0000,755.64,63.00,0.0000,1026.81,186.07,0.0000,755.64,63.00,0.0000,855.07,312.62,0.0000,943.38,348.08,0.0000,971.19,272.29,0.0000,755.64,63.00,0.0000,945.46,332.09,0.0000,755.64,63.00,0.0000
164,1,Jok,0.6563,1010.0,163.0,1084.1,345.0,0.9549,955.97,163.00,0.0000,955.97,163.00,0.0000,955.97,163.00,0.0000,1069.72,182.55,0.0000,955.97,163.00,0.0000,1048.75,244.40,0.0000,955.97,163.00,0.0000,1011.78,278.53,0.0000,1006.80,278.53,0.0000,1018.89,344.64,0.0000,1006.09,344.64,0.0000,1053.01,283.50,0.0000,1065.45,277.11,0.0000,1030.62,308.03,0.0000,1011.78,293.10,0.0000,1015.33,344.64,0.0000,996.14,344.64,0.0000
165,0,Elm,0.7252,824.5,64.5,1047.1,421.8,0.9217,1024.12,150.46,0.0000,957.88,93.98,0.0000,1022.72,122.57,0.0000,757.06,64.00,0.0000,757.06,64.00,0.0000,757.06,64.00,0.0000,985.07,148.37,0.0000,885.36,203.45,0.0000,757.06,64.00,0.0000,1029.00,186.72,0.0000,757.06,64.00,0.0000,856.07,302.46,0.0000,943.93,348.48,0.0000,972.52,266.90,0.0000,757.06,64.00,0.0000,987.16,333.84,0.0000,757.06,64.00,0.0000
165,1,Jok,0.6515,1010.0,162.7,1083.9,345.1,0.9553,954.67,162.00,0.0000,954.67,162.00,0.0000,954.67,162.00,0.0000,1057.97,183.45,0.0000,954.67,162.00,0.0000,1039.74,243.85,0.0000,954.67,162.00,0.0000,1010.79,278.16,0.0000,996.13,278.16,0.0000,1017.58,344.64,0.0000,1004.71,344.64,0.0000,1040.45,272.80,0.0000,1026.87,272.09,0.0000,954.67,299.61,0.0000,1010.79,292.82,0.0000,954.67,344.64,0.0000,994.35,344.64,0.0000
166,0,Elm,0.7204,824.4,63.8,1047.1,421.6,0.9196,1024.68,149.70,0.0000,958.25,101.46,0.0000,1023.98,126.63,0.0000,756.88,63.00,0.0000,756.88,63.00,0.0000,756.88,63.00,0.0000,986.22,148.30,0.0000,884.83,207.74,0.0000,756.88,63.00,0.0000,1029.57,186.76,0.0000,756.88,63.00,0.0000,856.86,314.02,0.0000,944.27,348.28,0.0000,972.93,273.46,0.0000,756.88,63.00,0.0000,947.76,341.99,0.0000,756.88,63.00,0.0000
166,1,Jok,0.6521,1009.8,163.0,1084.3,345.4,0.9553,954.67,162.00,0.0000,1057.97,235.27,0.0000,954.67,162.00,0.0000,1036.52,183.09,0.0000,954.67,162.00,0.0000,1034.38,238.49,0.0000,954.67,162.00,0.0000,1013.65,278.16,0.0000,1001.49,278.16,0.0000,1020.79,344.64,0.0000,1005.07,344.64,0.0000,1040.45,282.45,0.0000,1029.02,272.09,0.0000,1030.09,299.96,0.0000,1010.79,292.82,0.0000,954.67,344.64,0.0000,1001.85,344.64,0.0000
167,0,Elm,0.7119,823.3,62.6,1046.5,422.4,0.9236,1023.39,132.31,0.0000,956.59,92.23,0.0000,1022.69,121.06,0.0000,754.09,62.00,0.0000,754.09,62.00,0.0000,754.09,62.00,0.0000,984.02,147.78,0.0000,883.47,208.25,0.0000,754.09,62.00,0.0000,1028.31,186.45,0.0000,754.09,62.00,0.0000,854.64,302.47,0.0000,943.23,348.88,0.0000,855.34,273.64,0.0000,754.09,62.00,0.0000,946.05,334.11,0.0000,754.09,62.00,0.0000
167,1,Jok,0.6547,1010.0,163.0,1083.9,345.3,0.9556,954.97,163.00,0.0000,954.97,163.00,0.0000,954.97,163.00,0.0000,1057.34,182.91,0.0000,954.97,163.00,0.0000,1039.57,239.07,0.0000,954.97,163.00,0.0000,1011.13,278.53,0.0000,954.97,278.53,0.0000,1021.09,344.64,0.0000,1006.16,344.64,0.0000,1052.37,277.46,0.0000,1064.45,272.48,0.0000,1029.62,308.03,0.0000,1011.13,293.10,0.0000,1012.55,344.64,0.0000,1002.25,344.64,0.0000
168,0,Elm,0.7169,820.1,64.6,1047.2,421.7,0.9212,1021.51,150.46,0.0000,955.97,89.80,0.0000,1019.42,121.87,0.0000,754.46,64.00,0.0000,754.46,64.00,0.0000,754.46,64.00,0.0000,983.16,148.37,0.0000,882.06,208.33,0.0000,754.46,64.00,0.0000,1026.39,186.72,0.0000,754.46,64.00,0.0000,854.17,302.46,0.0000,942.02,347.79,0.0000,988.04,264.81,0.0000,754.46,64.00,0.0000,944.81,333.84,0.0000,754.46,64.00,0.0000
168,1,Jok,0.6536,1009.7,162.1,1084.0,345.3,0.9545,954.67,162.00,0.0000,954.67,162.00,0.0000,954.67,162.00,0.0000,1036.52,182.02,0.0000,954.67,162.00,0.0000,1039.74,243.85,0.0000,954.67,162.00,0.0000,1011.14,278.16,0.0000,954.67,278.16,0.0000,1017.58,344.64,0.0000,1008.64,344.64,0.0000,1052.25,282.81,0.0000,1029.02,272.44,0.0000,954.67,299.61,0.0000,1010.79,292.82,0.0000,954.67,344.64,0.0000,994.35,344.64,0.0000
169,0,Elm,0.7159,820.5,55.3,1048.9,422.0,0.9204,1023.73,115.05,0.0000,957.96,81.45,0.0000,1008.72,105.75,0.0000,751.38,55.00,0.0000,751.38,55.00,0.0000,751.38,55.00,0.0000,977.27,141.50,0.0000,882.91,217.27,0.0000,751.38,55.00,0.0000,1030.88,185.10,0.0000,751.38,55.00,0.0000,853.60,311.63,0.0000,944.38,346.66,0.0000,990.85,256.59,0.0000,751.38,55.00,0.0000,923.65,331.64,0.0000,751.38,55.00,0.0000
169,1,Jok,0.6482,1008.8,157.1,1083.7,345.3,0.9541,951.45,157.00,0.0000,951.45,157.00,0.0000,951.45,157.00,0.0000,1057.57,177.20,0.0000,951.45,157.00,0.0000,1047.29,235.58,0.0000,951.45,157.00,0.0000,1012.04,275.97,0.0000,1003.96,275.97,0.0000,1027.83,344.63,0.0000,1007.63,344.63,0.0000,1051.70,280.74,0.0000,1064.55,274.87,0.0000,1032.97,298.73,0.0000,1009.47,291.02,0.0000,951.45,344.63,0.0000,1000.29,344.63,0.0000
170,0,Elm,0.7016,820.9,54.8,1047.5,422.9,0.9231,1024.12,119.41,0.0000,956.56,84.91,0.0000,1014.78,114.38,0.0000,749.56,54.00,0.0000,749.56,54.00,0.0000,749.56,54.00,0.0000,983.16,141.69,0.0000,881.09,206.38,0.0000,749.56,54.00,0.0000,1024.84,188.41,0.0000,1029.16,197.75,0.0000,852.34,312.03,0.0000,942.91,347.25,0.0000,972.38,270.34,0.0000,749.56,54.00,0.0000,922.78,332.16,0.0000,749.56,54.00,0.0000
170,1,Jok,0.6568,1008.9,161.0,1083.2,345.2,0.9553,953.38,161.00,0.0000,953.38,161.00,0.0000,953.38,161.00,0.0000,1066.94,182.56,0.0000,953.38,161.00,0.0000,1047.17,237.91,0.0000,953.38,161.00,0.0000,953.38,277.44,0.0000,1004.77,277.44,0.0000,1028.12,344.64,0.0000,1005.48,344.64,0.0000,1051.84,282.47,0.0000,1064.42,271.69,0.0000,1033.16,292.53,0.0000,1010.16,292.53,0.0000,1016.62,344.64,0.0000,1000.81,344.64,0.0000
171,0,Elm,0.7226,823.1,59.0,1047.3,422.6,0.9186,1024.20,122.70,0.0000,958.08,84.30,0.0000,1012.11,109.90,0.0000,753.33,58.00,0.0000,753.33,58.00,0.0000,753.33,58.00,0.0000,978.70,144.02,0.0000,877.03,205.16,0.0000,753.33,58.00,0.0000,1030.59,190.95,0.0000,1029.88,200.19,0.0000,854.99,312.52,0.0000,944.57,348.06,0.0000,991.49,262.75,0.0000,753.33,58.00,0.0000,947.41,338.11,0.0000,753.33,58.00,0.0000
171,1,Jok,0.6515,1009.2,161.2,1083.4,345.3,0.9552,953.66,161.00,0.0000,953.66,161.00,0.0000,953.66,161.00,0.0000,1057.52,182.56,0.0000,953.66,161.00,0.0000,1039.19,237.91,0.0000,953.66,161.00,0.0000,1010.44,277.80,0.0000,1005.41,277.80,0.0000,1028.41,344.64,0.0000,1004.33,344.64,0.0000,1052.12,276.72,0.0000,1064.34,271.69,0.0000,1029.12,299.72,0.0000,1010.44,292.53,0.0000,1016.91,344.64,0.0000,1001.09,344.64,0.0000
172,1,Jok,0.6575,1008.9,161.6,1083.6,345.6,0.9554,953.38,161.00,0.0000,1057.59,234.67,0.0000,953.38,161.00,0.0000,1068.38,182.56,0.0000,953.38,161.00,0.0000,1038.91,245.81,0.0000,953.38,161.00,0.0000,1009.80,277.80,0.0000,1004.77,277.80,0.0000,1020.22,344.64,0.0000,1003.69,344.64,0.0000,1051.84,282.83,0.0000,1064.06,271.69,0.0000,1029.20,299.72,0.0000,1009.80,292.53,0.0000,953.38,344.64,0.0000,993.98,344.64,0.0000
172,0,Elm,0.7060,820.0,55.7,1047.8,422.5,0.9242,1023.57,120.23,0.0000,956.19,85.82,0.0000,1014.97,114.49,0.0000,749.75,55.00,0.0000,749.75,55.00,0.0000,749.75,55.00,0.0000,982.00,142.45,0.0000,875.91,204.09,0.0000,749.75,55.00,0.0000,1029.30,189.04,0.0000,1028.59,199.08,0.0000,857.27,300.14,0.0000,943.29,348.17,0.0000,852.97,260.72,0.0000,749.75,55.00,0.0000,922.50,331.68,0.0000,749.75,55.00,0.0000
173,0,Elm,0.7034,820.3,55.0,1047.3,422.6,0.9250,1023.57,120.23,0.0000,956.19,85.82,0.0000,1014.97,114.49,0.0000,749.75,55.00,0.0000,749.75,55.00,0.0000,749.75,55.00,0.0000,982.00,143.17,0.0000,875.19,204.09,0.0000,749.75,55.00,0.0000,1025.00,186.17,0.0000,1029.30,199.08,0.0000,857.27,312.33,0.0000,943.29,348.17,0.0000,852.97,260.00,0.0000,749.75,55.00,0.0000,922.50,331.68,0.0000,749.75,55.00,0.0000
173,1,Jok,0.6443,1009.1,162.1,1084.0,345.3,0.9544,954.67,162.00,0.0000,1057.97,236.70,0.0000,954.67,162.00,0.0000,1057.97,183.80,0.0000,954.67,162.00,0.0000,1039.74,246.35,0.0000,954.67,162.00,0.0000,1014.72,278.16,0.0000,1001.49,278.16,0.0000,1029.02,344.64,0.0000,1005.07,344.64,0.0000,1040.45,277.45,0.0000,1014.72,272.09,0.0000,1034.02,299.96,0.0000,1010.79,296.39,0.0000,954.67,344.64,0.0000,1001.85,344.64,0.0000
174,0,Elm,0.7243,820.5,56.1,1050.5,423.0,0.9272,1025.00,127.68,0.0000,957.62,86.82,0.0000,1015.69,116.21,0.0000,751.19,56.00,0.0000,751.19,56.00,0.0000,751.19,56.00,0.0000,985.58,143.45,0.0000,876.63,205.09,0.0000,751.19,56.00,0.0000,1026.44,182.87,0.0000,751.19,56.00,0.0000,858.71,301.14,0.0000,944.01,348.45,0.0000,973.39,258.14,0.0000,751.19,56.00,0.0000,946.87,342.00,0.0000,751.19,56.00,0.0000
174,1,Jok,0.6511,1009.8,157.4,1084.1,345.8,0.9536,952.45,157.00,0.0000,1058.20,232.27,0.0000,952.45,157.00,0.0000,1058.57,179.40,0.0000,952.45,157.00,0.0000,1034.34,243.29,0.0000,952.45,157.00,0.0000,952.45,276.34,0.0000,995.05,275.60,0.0000,1028.46,344.63,0.0000,1003.86,344.63,0.0000,1052.70,280.74,0.0000,1053.06,270.09,0.0000,1029.56,298.73,0.0000,1010.47,291.39,0.0000,952.45,344.63,0.0000,993.58,344.63,0.0000
175,0,Elm,0.7232,822.3,60.2,1046.8,421.9,0.9235,1022.24,130.51,0.0000,955.96,90.32,0.0000,1014.49,118.52,0.0000,752.90,60.00,0.0000,752.90,60.00,0.0000,752.90,60.00,0.0000,983.46,145.31,0.0000,875.59,205.95,0.0000,752.90,60.00,0.0000,1027.88,188.32,0.0000,1027.18,201.02,0.0000,853.73,313.12,0.0000,942.57,348.38,0.0000,845.27,263.06,0.0000,752.90,60.00,0.0000,922.83,332.87,0.0000,752.90,60.00,0.0000
175,1,Jok,0.6439,1009.7,162.2,1083.9,345.4,0.9553,954.67,162.00,0.0000,1057.61,234.56,0.0000,954.67,162.00,0.0000,1067.62,183.80,0.0000,954.67,162.00,0.0000,1044.38,246.35,0.0000,954.67,162.00,0.0000,1014.36,277.80,0.0000,1001.49,278.16,0.0000,1021.51,344.64,0.0000,1002.21,344.64,0.0000,1040.45,288.53,0.0000,1064.76,272.44,0.0000,1030.09,299.96,0.0000,1011.14,292.82,0.0000,1017.58,344.64,0.0000,1002.21,344.64,0.0000
176,0,Elm,0.7198,821.8,62.7,1048.1,423.8,0.9207,1023.36,149.43,0.0000,956.38,100.78,0.0000,1021.95,126.16,0.0000,753.31,62.00,0.0000,753.31,62.00,0.0000,753.31,62.00,0.0000,984.58,147.31,0.0000,882.34,203.02,0.0000,753.31,62.00,0.0000,1028.29,186.09,0.0000,753.31,62.00,0.0000,853.43,303.14,0.0000,942.98,341.21,0.0000,971.89,267.18,0.0000,753.31,62.00,0.0000,945.80,334.87,0.0000,753.31,62.00,0.0000
176,1,Jok,0.6564,1009.8,163.4,1083.8,345.2,0.9551,954.97,163.00,0.0000,954.97,163.00,0.0000,954.97,163.00,0.0000,1067.30,184.33,0.0000,954.97,163.00,0.0000,1047.75,246.89,0.0000,954.97,163.00,0.0000,1013.62,278.53,0.0000,1001.54,278.53,0.0000,1021.80,344.64,0.0000,1004.73,344.64,0.0000,1040.28,282.79,0.0000,1064.45,272.48,0.0000,1029.97,308.03,0.0000,1011.13,293.10,0.0000,1017.53,344.64,0.0000,1002.25,344.64,0.0000
177,0,Elm,0.7184,823.4,60.8,1046.9,424.0,0.9223,1024.20,148.16,0.0000,956.66,99.10,0.0000,1022.77,124.70,0.0000,751.91,60.00,0.0000,751.91,60.00,0.0000,751.91,60.00,0.0000,984.38,146.02,0.0000,875.61,207.16,0.0000,751.91,60.00,0.0000,1024.91,185.12,0.0000,1029.17,202.90,0.0000,853.57,303.14,0.0000,942.44,348.64,0.0000,972.30,273.99,0.0000,751.91,60.00,0.0000,923.24,335.13,0.0000,751.91,60.00,0.0000
177,1,Jok,0.6577,1009.8,163.5,1083.7,345.3,0.9558,954.97,163.00,0.0000,954.97,163.00,0.0000,954.97,163.00,0.0000,1067.30,184.33,0.0000,954.97,163.00,0.0000,1044.19,247.25,0.0000,1019.66,220.59,0.0000,1013.62,278.53,0.0000,1001.54,278.17,0.0000,1028.91,344.64,0.0000,1005.45,344.64,0.0000,1052.37,277.11,0.0000,1064.81,272.48,0.0000,1034.24,308.03,0.0000,1011.13,293.10,0.0000,1017.53,344.64,0.0000,1002.25,344.64,0.0000
178,0,Elm,0.7232,823.2,58.6,1047.5,422.4,0.9242,1024.91,129.09,0.0000,958.08,88.57,0.0000,1016.38,117.72,0.0000,753.33,58.00,0.0000,753.33,58.00,0.0000,753.33,58.00,0.0000,985.09,147.58,0.0000,877.03,200.19,0.0000,753.33,58.00,0.0000,1025.62,183.12,0.0000,1029.88,205.16,0.0000,854.99,301.14,0.0000,943.86,348.06,0.0000,846.46,262.04,0.0000,753.33,58.00,0.0000,988.65,332.42,0.0000,753.33,58.00,0.0000
178,1,Jok,0.6643,1009.3,161.9,1083.8,345.5,0.9552,953.66,161.00,0.0000,953.66,161.00,0.0000,953.66,161.00,0.0000,1069.02,183.28,0.0000,953.66,161.00,0.0000,1039.19,245.81,0.0000,953.66,161.00,0.0000,1013.67,277.80,0.0000,953.66,277.80,0.0000,1021.22,344.64,0.0000,1001.45,344.64,0.0000,1051.77,282.47,0.0000,1052.12,272.05,0.0000,1033.44,292.53,0.0000,1015.83,292.53,0.0000,953.66,344.64,0.0000,993.91,344.64,0.0000
179,0,Elm,0.7195,824.1,59.2,1048.9,422.9,0.9234,1024.64,129.90,0.0000,958.71,89.49,0.0000,1016.84,123.52,0.0000,754.52,59.00,0.0000,754.52,59.00,0.0000,754.52,59.00,0.0000,984.23,144.79,0.0000,877.88,206.47,0.0000,754.52,59.00,0.0000,1026.77,183.78,0.0000,1030.31,201.51,0.0000,855.90,300.76,0.0000,944.53,347.56,0.0000,974.30,263.19,0.0000,754.52,59.00,0.0000,989.19,333.38,0.0000,754.52,59.00,0.0000
179,1,Jok,0.6625,1009.6,158.4,1084.2,345.6,0.9553,952.75,158.00,0.0000,952.75,158.00,0.0000,952.75,158.00,0.0000,1069.99,180.28,0.0000,952.75,158.00,0.0000,1039.68,244.20,0.0000,952.75,158.00,0.0000,952.75,276.70,0.0000,998.77,276.34,0.0000,1020.69,344.63,0.0000,1001.33,344.63,0.0000,1052.46,281.08,0.0000,1065.25,270.49,0.0000,1029.45,307.02,0.0000,1010.46,298.98,0.0000,952.75,344.63,0.0000,1001.33,344.63,0.0000
180,0,Elm,0.7259,821.1,61.7,1047.7,424.6,0.9207,1023.77,148.91,0.0000,957.12,87.23,0.0000,1015.26,119.85,0.0000,752.94,61.00,0.0000,1005.34,111.34,0.0000,752.94,61.00,0.0000,984.78,146.08,0.0000,876.30,207.76,0.0000,752.94,61.00,0.0000,1029.44,185.78,0.0000,752.94,61.00,0.0000,854.32,302.76,0.0000,943.65,341.76,0.0000,846.52,264.48,0.0000,752.94,61.00,0.0000,923.80,335.38,0.0000,752.94,61.00,0.0000
180,1,Jok,0.6588,1010.6,160.0,1084.4,345.7,0.9551,954.05,159.00,0.0000,1059.04,235.29,0.0000,954.05,159.00,0.0000,1059.04,178.98,0.0000,954.05,159.00,0.0000,1035.07,236.38,0.0000,954.05,159.00,0.0000,1011.09,276.70,0.0000,1001.64,276.70,0.0000,1021.62,344.64,0.0000,1002.37,344.64,0.0000,1053.59,275.98,0.0000,1066.31,270.89,0.0000,1030.71,307.22,0.0000,1011.45,291.96,0.0000,1017.99,344.64,0.0000,1002.37,344.64,0.0000
181,0,Elm,0.7226,817.4,59.4,1051.6,423.3,0.9219,1023.17,147.16,0.0000,957.05,89.57,0.0000,1014.64,118.01,0.0000,751.59,59.00,0.0000,751.59,59.00,0.0000,751.59,59.00,0.0000,984.07,145.02,0.0000,881.70,206.88,0.0000,751.59,59.00,0.0000,1028.86,184.12,0.0000,751.59,59.00,0.0000,853.26,314.23,0.0000,943.55,349.06,0.0000,971.98,263.75,0.0000,751.59,59.00,0.0000,945.68,334.13,0.0000,751.59,59.00,0.0000
181,1,Jok,0.6436,1009.6,157.2,1084.5,345.5,0.9536,952.45,157.00,0.0000,1058.57,233.74,0.0000,952.45,157.00,0.0000,1068.12,179.77,0.0000,952.45,157.00,0.0000,1048.66,241.09,0.0000,952.45,157.00,0.0000,1013.77,276.34,0.0000,1000.55,275.97,0.0000,1020.38,344.63,0.0000,1004.59,344.63,0.0000,1052.70,280.74,0.0000,1065.55,270.09,0.0000,1029.56,310.12,0.0000,1013.41,291.39,0.0000,1017.08,344.63,0.0000,1001.29,344.63,0.0000
182,0,Elm,0.7211,822.0,61.1,1048.0,424.8,0.9215,1024.06,131.90,0.0000,957.42,91.49,0.0000,1021.93,120.55,0.0000,752.52,61.00,0.0000,752.52,61.00,0.0000,752.52,61.00,0.0000,984.36,146.79,0.0000,882.97,202.80,0.0000,752.52,61.00,0.0000,1029.02,186.49,0.0000,752.52,61.00,0.0000,853.90,303.47,0.0000,943.24,349.56,0.0000,972.30,265.19,0.0000,752.52,61.00,0.0000,946.07,335.38,0.0000,752.52,61.00,0.0000
182,1,Jok,0.6446,1010.2,162.1,1083.6,345.3,0.9555,954.96,162.00,0.0000,1057.89,235.27,0.0000,954.96,162.00,0.0000,1067.54,183.80,0.0000,954.96,162.00,0.0000,1048.24,246.35,0.0000,954.96,162.00,0.0000,1015.00,272.09,0.0000,1006.43,278.16,0.0000,1022.15,344.64,0.0000,1006.43,344.64,0.0000,1040.74,311.40,0.0000,1064.69,277.09,0.0000,1030.37,307.83,0.0000,1011.43,299.96,0.0000,1017.86,344.64,0.0000,1002.85,344.64,0.0000
183,0,Elm,0.7228,822.9,62.6,1047.9,424.3,0.9223,1024.92,149.67,0.0000,957.75,92.40,0.0000,1022.80,120.68,0.0000,754.12,62.00,0.0000,754.12,62.00,0.0000,754.12,62.00,0.0000,985.32,147.55,0.0000,883.51,209.06,0.0000,754.12,62.00,0.0000,1029.87,187.14,0.0000,754.12,62.00,0.0000,855.23,303.10,0.0000,944.32,349.76,0.0000,973.30,265.62,0.0000,754.12,62.00,0.0000,947.14,335.62,0.0000,754.12,62.00,0.0000
183,1,Jok,0.6588,1010.3,162.8,1084.0,345.5,0.9561,955.67,162.00,0.0000,955.67,162.00,0.0000,955.67,162.00,0.0000,1068.26,183.80,0.0000,955.67,162.00,0.0000,1048.96,243.85,0.0000,955.67,162.00,0.0000,1011.79,277.80,0.0000,1002.49,278.16,0.0000,1022.87,344.64,0.0000,1003.21,344.64,0.0000,1053.25,282.45,0.0000,1065.76,272.44,0.0000,1030.73,311.04,0.0000,1012.14,296.39,0.0000,1018.58,344.64,0.0000,1003.21,344.64,0.0000
184,0,Elm,0.7220,822.4,63.4,1047.6,423.7,0.9217,1024.50,150.19,0.0000,957.00,93.94,0.0000,1022.39,121.36,0.0000,754.50,63.00,0.0000,754.50,63.00,0.0000,754.50,63.00,0.0000,984.42,147.38,0.0000,883.17,208.55,0.0000,754.50,63.00,0.0000,1028.72,187.45,0.0000,754.50,63.00,0.0000,855.05,303.47,0.0000,943.64,349.17,0.0000,972.47,267.61,0.0000,754.50,63.00,0.0000,946.45,335.11,0.0000,754.50,63.00,0.0000
184,1,Jok,0.6541,1009.9,162.7,1084.0,345.4,0.9553,954.67,162.00,0.0000,954.67,162.00,0.0000,954.67,162.00,0.0000,1067.62,188.45,0.0000,954.67,162.00,0.0000,1048.32,238.49,0.0000,954.67,162.00,0.0000,1014.36,278.16,0.0000,1005.78,278.16,0.0000,1021.51,344.64,0.0000,1006.50,344.64,0.0000,1040.45,293.53,0.0000,1064.76,272.09,0.0000,1034.02,307.83,0.0000,1011.14,299.96,0.0000,1017.58,344.64,0.0000,1002.21,344.64,0.0000
185,0,Elm,0.7223,821.2,61.3,1047.9,424.2,0.9252,1023.77,148.91,0.0000,957.12,94.32,0.0000,1015.97,120.55,0.0000,752.94,61.00,0.0000,752.94,61.00,0.0000,752.94,61.00,0.0000,984.78,146.79,0.0000,882.68,208.47,0.0000,752.94,61.00,0.0000,1029.44,185.78,0.0000,752.94,61.00,0.0000,854.32,303.47,0.0000,942.95,349.56,0.0000,972.72,265.19,0.0000,752.94,61.00,0.0000,946.49,335.38,0.0000,752.94,61.00,0.0000
185,1,Jok,0.6568,1009.7,163.4,1084.0,345.6,0.9549,954.97,163.00,0.0000,954.97,163.00,0.0000,954.97,163.00,0.0000,1067.30,184.68,0.0000,954.97,163.00,0.0000,1047.75,246.89,0.0000,954.97,163.00,0.0000,1014.33,278.53,0.0000,1010.78,278.53,0.0000,1021.09,344.64,0.0000,1002.25,344.64,0.0000,1040.28,283.50,0.0000,1064.45,277.11,0.0000,1033.88,311.23,0.0000,1011.13,300.21,0.0000,1017.53,344.64,0.0000,1001.89,344.64,0.0000
186,0,Elm,0.7244,819.4,61.9,1048.2,423.2,0.9234,1023.33,131.70,0.0000,956.16,93.52,0.0000,1021.92,120.39,0.0000,752.54,61.00,0.0000,752.54,61.00,0.0000,752.54,61.00,0.0000,983.74,147.96,0.0000,881.93,208.06,0.0000,752.54,61.00,0.0000,1028.28,185.44,0.0000,752.54,61.00,0.0000,853.64,302.80,0.0000,942.73,348.76,0.0000,971.72,273.82,0.0000,752.54,61.00,0.0000,944.85,334.62,0.0000,752.54,61.00,0.0000
186,1,Jok,0.6595,1009.4,163.5,1084.2,345.6,0.9546,955.68,163.00,0.0000,955.68,163.00,0.0000,955.68,163.00,0.0000,1068.01,189.30,0.0000,955.68,163.00,0.0000,1048.81,246.89,0.0000,955.68,163.00,0.0000,1015.40,278.53,0.0000,1006.51,278.53,0.0000,1022.15,344.64,0.0000,1002.96,344.64,0.0000,1040.99,283.50,0.0000,1065.88,272.13,0.0000,1034.95,311.23,0.0000,1011.84,300.21,0.0000,1018.24,344.64,0.0000,1002.96,344.64,0.0000
187,0,Elm,0.7238,820.4,63.5,1047.7,423.9,0.9244,1023.20,150.19,0.0000,956.41,93.23,0.0000,1021.09,122.06,0.0000,753.91,63.00,0.0000,753.91,63.00,0.0000,753.91,63.00,0.0000,984.53,148.08,0.0000,883.28,209.25,0.0000,753.91,63.00,0.0000,1028.12,186.75,0.0000,753.91,63.00,0.0000,854.45,303.47,0.0000,942.34,342.84,0.0000,855.16,265.50,0.0000,753.91,63.00,0.0000,923.36,335.11,0.0000,753.91,63.00,0.0000
187,1,Jok,0.6598,1009.9,163.7,1084.2,345.3,0.9540,955.68,163.00,0.0000,955.68,163.00,0.0000,955.68,163.00,0.0000,1068.01,188.95,0.0000,955.68,163.00,0.0000,1048.46,244.40,0.0000,955.68,163.00,0.0000,1015.04,278.53,0.0000,1006.51,278.53,0.0000,1021.80,344.64,0.0000,1005.80,344.64,0.0000,1052.72,283.15,0.0000,1065.88,272.48,0.0000,1034.59,311.59,0.0000,1011.84,300.21,0.0000,1018.60,344.64,0.0000,1002.60,344.64,0.0000
188,0,Elm,0.7243,818.9,62.9,1049.6,423.5,0.9226,1023.18,139.56,0.0000,956.20,92.32,0.0000,1021.06,121.23,0.0000,753.13,62.00,0.0000,753.13,62.00,0.0000,753.13,62.00,0.0000,983.69,147.31,0.0000,882.16,207.95,0.0000,753.13,62.00,0.0000,1023.88,186.80,0.0000,753.13,62.00,0.0000,853.96,302.43,0.0000,942.80,348.97,0.0000,971.71,274.23,0.0000,753.13,62.00,0.0000,944.91,334.87,0.0000,753.13,62.00,0.0000
188,1,Jok,0.6583,1010.1,164.1,1084.4,345.3,0.9538,956.27,164.00,0.0000,956.27,164.00,0.0000,956.27,164.00,0.0000,1067.98,185.56,0.0000,956.27,164.00,0.0000,1048.89,247.43,0.0000,956.27,164.00,0.0000,1014.60,278.54,0.0000,997.27,278.89,0.0000,1022.37,344.65,0.0000,1006.11,344.65,0.0000,1041.11,283.49,0.0000,1021.31,272.88,0.0000,1035.10,300.46,0.0000,1011.77,300.46,0.0000,1018.84,344.65,0.0000,1003.28,344.65,0.0000
189,0,Elm,0.7246,819.9,62.6,1048.4,425.0,0.9209,1023.90,149.91,0.0000,955.83,100.99,0.0000,1022.48,121.55,0.0000,752.36,62.00,0.0000,752.36,62.00,0.0000,752.36,62.00,0.0000,984.90,147.79,0.0000,882.10,210.18,0.0000,752.36,62.00,0.0000,1028.86,186.78,0.0000,752.36,62.00,0.0000,853.03,304.47,0.0000,942.36,344.18,0.0000,972.14,266.19,0.0000,752.36,62.00,0.0000,945.20,341.34,0.0000,752.36,62.00,0.0000
189,1,Jok,0.6500,1009.9,163.4,1084.0,345.3,0.9554,955.68,163.00,0.0000,955.68,163.00,0.0000,955.68,163.00,0.0000,1067.65,184.68,0.0000,955.68,163.00,0.0000,1048.46,244.40,0.0000,955.68,163.00,0.0000,1015.40,278.17,0.0000,1002.60,278.53,0.0000,1021.80,344.64,0.0000,1006.87,344.64,0.0000,1052.72,283.15,0.0000,1065.16,272.48,0.0000,1030.33,311.23,0.0000,1011.84,300.21,0.0000,1018.24,344.64,0.0000,1002.96,344.64,0.0000
190,0,Elm,0.7224,822.6,63.8,1048.6,424.3,0.9200,1024.36,141.26,0.0000,957.38,101.78,0.0000,1022.95,122.23,0.0000,754.31,63.00,0.0000,754.31,63.00,0.0000,754.31,63.00,0.0000,985.58,148.31,0.0000,877.00,208.95,0.0000,754.31,63.00,0.0000,1029.29,187.09,0.0000,754.31,63.00,0.0000,854.43,303.43,0.0000,943.27,344.33,0.0000,855.84,274.52,0.0000,754.31,63.00,0.0000,924.24,344.33,0.0000,754.31,63.00,0.0000
190,1,Jok,0.6644,1010.7,164.0,1084.3,345.5,0.9547,956.27,164.00,0.0000,956.27,164.00,0.0000,956.27,164.00,0.0000,1067.98,185.56,0.0000,956.27,164.00,0.0000,1048.89,247.43,0.0000,956.27,164.00,0.0000,1015.66,278.89,0.0000,1006.82,278.89,0.0000,1027.68,344.65,0.0000,1007.17,344.65,0.0000,1052.78,283.84,0.0000,1065.50,272.88,0.0000,1030.86,311.77,0.0000,1012.12,300.46,0.0000,1018.48,344.65,0.0000,1003.28,344.65,0.0000
191,0,Elm,0.7181,822.2,63.5,1047.7,425.0,0.9209,1024.92,150.67,0.0000,957.75,93.40,0.0000,1022.80,122.39,0.0000,754.12,63.00,0.0000,754.12,63.00,0.0000,754.12,63.00,0.0000,985.32,148.55,0.0000,877.15,209.36,0.0000,754.12,63.00,0.0000,1029.87,187.44,0.0000,754.12,63.00,0.0000,854.52,304.80,0.0000,943.61,342.28,0.0000,973.30,268.04,0.0000,754.12,63.00,0.0000,947.14,336.62,0.0000,754.12,63.00,0.0000
191,1,Jok,0.6521,1010.9,163.7,1083.7,345.3,0.9537,955.26,163.00,0.0000,1058.34,237.29,0.0000,955.26,163.00,0.0000,1067.59,189.30,0.0000,955.26,163.00,0.0000,1048.04,246.89,0.0000,955.26,163.00,0.0000,1014.98,278.17,0.0000,1006.09,278.53,0.0000,1021.73,344.64,0.0000,1006.45,344.64,0.0000,1052.30,283.50,0.0000,1064.74,272.48,0.0000,1030.26,311.59,0.0000,1011.42,300.21,0.0000,1017.82,344.64,0.0000,1002.54,344.64,0.0000
192,0,Elm,0.7256,819.6,62.8,1048.7,425.5,0.9237,1023.90,149.91,0.0000,956.54,100.99,0.0000,1023.19,121.55,0.0000,752.36,62.00,0.0000,752.36,62.00,0.0000,752.36,62.00,0.0000,984.90,148.50,0.0000,882.10,208.76,0.0000,752.36,62.00,0.0000,1028.86,186.78,0.0000,752.36,62.00,0.0000,853.74,303.76,0.0000,942.36,344.18,0.0000,972.14,275.40,0.0000,752.36,62.00,0.0000,945.20,351.27,0.0000,752.36,62.00,0.0000
192,1,Jok,0.6590,1010.6,164.0,1084.6,345.3,0.9540,955.97,163.00,0.0000,955.97,163.00,0.0000,955.97,163.00,0.0000,1067.94,189.30,0.0000,955.97,163.00,0.0000,1049.10,244.40,0.0000,955.97,163.00,0.0000,1014.62,278.17,0.0000,1006.80,278.53,0.0000,1022.09,344.64,0.0000,1006.09,344.64,0.0000,1053.01,283.50,0.0000,1066.16,272.48,0.0000,1030.62,311.59,0.0000,1011.78,300.21,0.0000,1018.53,344.64,0.0000,1002.89,344.64,0.0000
193,0,Elm,0.7261,822.8,61.9,1048.2,425.0,0.9222,1024.62,149.16,0.0000,957.08,100.10,0.0000,1023.20,120.72,0.0000,752.33,61.00,0.0000,752.33,61.00,0.0000,752.33,61.00,0.0000,984.80,147.73,0.0000,882.43,208.88,0.0000,752.33,61.00,0.0000,1029.59,186.12,0.0000,752.33,61.00,0.0000,853.99,303.43,0.0000,943.57,350.35,0.0000,990.49,274.99,0.0000,752.33,61.00,0.0000,946.41,341.11,0.0000,752.33,61.00,0.0000
193,1,Jok,0.6611,1010.9,164.4,1084.5,345.7,0.9534,956.27,164.00,0.0000,956.27,164.00,0.0000,956.27,164.00,0.0000,1067.62,185.56,0.0000,956.27,164.00,0.0000,1048.89,247.43,0.0000,956.27,164.00,0.0000,1015.66,278.54,0.0000,1011.77,278.89,0.0000,1029.80,344.65,0.0000,1006.11,344.65,0.0000,1041.11,273.59,0.0000,1065.50,272.88,0.0000,1034.75,311.42,0.0000,1014.95,300.46,0.0000,1018.48,344.65,0.0000,1003.28,344.65,0.0000
194,0,Elm,0.7235,823.1,62.5,1048.1,426.2,0.9213,1024.91,150.16,0.0000,958.08,92.57,0.0000,1017.09,121.72,0.0000,753.33,62.00,0.0000,753.33,62.00,0.0000,753.33,62.00,0.0000,985.80,148.02,0.0000,883.43,209.16,0.0000,753.33,62.00,0.0000,1026.33,187.12,0.0000,753.33,62.00,0.0000,854.99,305.14,0.0000,943.86,342.82,0.0000,973.72,266.75,0.0000,753.33,62.00,0.0000,947.41,337.13,0.0000,753.33,62.00,0.0000
194,1,Jok,0.6535,1011.4,164.3,1084.4,345.5,0.9536,957.27,164.00,0.0000,1059.79,237.88,0.0000,957.27,164.00,0.0000,1068.98,185.56,0.0000,957.27,164.00,0.0000,1046.00,244.96,0.0000,1018.42,221.27,0.0000,1015.60,278.54,0.0000,1003.58,278.89,0.0000,1023.37,344.65,0.0000,1004.28,344.65,0.0000,1053.78,283.49,0.0000,1066.15,272.88,0.0000,1031.86,300.10,0.0000,1012.77,293.39,0.0000,1016.30,344.65,0.0000,997.21,344.65,0.0000
195,0,Elm,0.7199,822.2,60.2,1048.5,425.7,0.9234,1025.17,148.40,0.0000,957.45,99.92,0.0000,1023.04,119.88,0.0000,752.14,60.00,0.0000,752.14,60.00,0.0000,752.14,60.00,0.0000,985.25,146.26,0.0000,882.60,208.28,0.0000,752.14,60.00,0.0000,1030.16,185.47,0.0000,752.14,60.00,0.0000,854.08,303.81,0.0000,943.90,350.86,0.0000,973.13,274.58,0.0000,752.14,60.00,0.0000,946.76,335.89,0.0000,752.14,60.00,0.0000
195,1,Jok,0.6599,1011.2,163.9,1084.3,345.7,0.9539,956.26,163.00,0.0000,1058.99,237.65,0.0000,956.26,163.00,0.0000,1068.59,189.30,0.0000,956.26,163.00,0.0000,1049.04,238.71,0.0000,956.26,163.00,0.0000,1015.98,272.48,0.0000,1002.82,278.53,0.0000,1023.09,344.64,0.0000,1003.89,344.64,0.0000,1053.66,277.46,0.0000,1065.74,272.48,0.0000,1030.91,300.21,0.0000,1012.42,293.10,0.0000,1018.82,344.64,0.0000,1003.18,344.64,0.0000
196,0,Elm,0.7214,824.3,60.0,1048.2,424.4,0.9229,1026.46,147.40,0.0000,959.45,89.65,0.0000,1017.91,118.88,0.0000,754.14,59.00,0.0000,754.14,59.00,0.0000,754.14,59.00,0.0000,986.54,144.55,0.0000,884.60,209.42,0.0000,754.14,59.00,0.0000,1027.89,174.49,0.0000,754.14,59.00,0.0000,856.08,314.93,0.0000,945.90,349.86,0.0000,992.96,260.04,0.0000,754.14,59.00,0.0000,990.10,334.89,0.0000,754.14,59.00,0.0000
196,1,Jok,0.6686,1011.9,157.2,1083.6,345.6,0.9539,952.98,157.00,0.0000,1059.10,234.11,0.0000,952.98,157.00,0.0000,1069.02,184.17,0.0000,952.98,157.00,0.0000,1048.82,241.09,0.0000,952.98,157.00,0.0000,1013.57,276.34,0.0000,999.62,275.97,0.0000,1022.02,344.63,0.0000,1005.12,344.63,0.0000,1053.59,281.11,0.0000,1053.59,270.09,0.0000,1030.09,298.73,0.0000,1011.00,291.39,0.0000,952.98,344.63,0.0000,1001.82,344.63,0.0000
197,0,Elm,0.7195,821.5,60.3,1048.5,424.4,0.9255,1024.33,148.16,0.0000,957.50,99.10,0.0000,1015.80,119.72,0.0000,752.75,60.00,0.0000,752.75,60.00,0.0000,752.75,60.00,0.0000,984.52,146.02,0.0000,882.85,207.88,0.0000,752.75,60.00,0.0000,1025.04,185.84,0.0000,752.75,60.00,0.0000,854.41,303.14,0.0000,943.99,349.35,0.0000,973.14,264.04,0.0000,752.75,60.00,0.0000,924.09,335.13,0.0000,752.75,60.00,0.0000
197,1,Jok,0.6524,1010.2,161.8,1084.5,345.7,0.9556,954.66,161.00,0.0000,954.66,161.00,0.0000,954.66,161.00,0.0000,1068.22,187.59,0.0000,954.66,161.00,0.0000,1048.45,245.81,0.0000,954.66,161.00,0.0000,1014.67,277.80,0.0000,1001.73,277.44,0.0000,1029.41,344.64,0.0000,1005.33,344.64,0.0000,1052.77,282.47,0.0000,1065.34,271.69,0.0000,1034.80,307.62,0.0000,1011.44,299.72,0.0000,1018.27,344.64,0.0000,1002.45,344.64,0.0000
198,0,Elm,0.7200,822.4,61.9,1047.6,424.4,0.9242,1024.06,148.91,0.0000,956.71,100.70,0.0000,1022.64,120.55,0.0000,752.52,61.00,0.0000,752.52,61.00,0.0000,752.52,61.00,0.0000,984.36,146.08,0.0000,875.88,207.76,0.0000,752.52,61.00,0.0000,1029.02,186.49,0.0000,752.52,61.00,0.0000,859.58,313.40,0.0000,943.24,348.85,0.0000,990.03,274.40,0.0000,752.52,61.00,0.0000,945.36,343.88,0.0000,752.52,61.00,0.0000
198,1,Jok,0.6527,1010.3,162.8,1084.3,345.3,0.9560,955.67,162.00,0.0000,1058.97,235.63,0.0000,955.67,162.00,0.0000,1068.26,183.80,0.0000,955.67,162.00,0.0000,1048.96,246.35,0.0000,955.67,162.00,0.0000,1014.65,277.80,0.0000,1002.49,278.16,0.0000,1030.02,344.64,0.0000,1003.21,344.64,0.0000,1041.45,282.81,0.0000,1029.66,272.09,0.0000,1035.38,293.17,0.0000,1012.14,296.39,0.0000,1018.94,344.64,0.0000,1003.21,344.64,0.0000
199,0,Elm,0.7094,827.3,62.6,1049.1,422.8,0.9216,1026.69,132.31,0.0000,960.59,92.23,0.0000,1018.25,125.98,0.0000,758.09,62.00,0.0000,758.09,62.00,0.0000,758.09,62.00,0.0000,985.91,147.08,0.0000,881.14,208.25,0.0000,758.09,62.00,0.0000,1027.39,185.75,0.0000,1031.61,207.55,0.0000,857.94,301.77,0.0000,946.53,349.58,0.0000,976.06,273.64,0.0000,758.09,62.00,0.0000,990.83,342.55,0.0000,758.09,62.00,0.0000
199,1,Jok,0.6625,1010.9,164.0,1084.1,345.3,0.9562,955.97,163.00,0.0000,955.97,163.00,0.0000,955.97,163.00,0.0000,1068.30,184.68,0.0000,955.97,163.00,0.0000,1048.75,246.89,0.0000,955.97,163.00,0.0000,1015.69,278.53,0.0000,1011.78,278.53,0.0000,1029.91,344.64,0.0000,1003.25,344.64,0.0000,1053.37,273.20,0.0000,1065.81,272.48,0.0000,1035.24,304.83,0.0000,1014.62,300.21,0.0000,1018.89,344.64,0.0000,1003.25,344.64,0.0000
200,0,Elm,0.6761,826.3,61.7,1047.8,424.3,0.9246,1025.93,148.91,0.0000,959.29,99.99,0.0000,1017.43,125.52,0.0000,755.10,61.00,0.0000,755.10,61.00,0.0000,755.10,61.00,0.0000,986.23,146.79,0.0000,878.46,207.76,0.0000,755.10,61.00,0.0000,1027.35,185.78,0.0000,1030.90,207.76,0.0000,856.49,303.47,0.0000,945.11,350.27,0.0000,857.20,265.19,0.0000,755.10,61.00,0.0000,989.78,335.38,0.0000,755.10,61.00,0.0000
200,1,Jok,0.6492,1010.7,164.0,1083.5,345.2,0.9558,955.26,163.00,0.0000,955.26,163.00,0.0000,955.26,163.00,0.0000,1071.14,184.68,0.0000,955.26,163.00,0.0000,1048.39,247.25,0.0000,955.26,163.00,0.0000,1014.62,278.53,0.0000,1006.09,278.53,0.0000,1021.73,344.64,0.0000,1005.73,344.64,0.0000,1052.66,277.46,0.0000,1065.10,272.48,0.0000,1030.26,311.59,0.0000,1014.27,300.21,0.0000,1018.18,344.64,0.0000,1002.54,344.64,0.0000
201,0,Elm,0.7239,824.2,61.1,1047.9,424.3,0.9246,1025.35,148.91,0.0000,958.71,91.49,0.0000,1016.84,120.55,0.0000,754.52,61.00,0.0000,754.52,61.00,0.0000,754.52,61.00,0.0000,984.94,146.79,0.0000,884.26,207.76,0.0000,754.52,61.00,0.0000,1026.06,185.78,0.0000,1031.02,207.05,0.0000,855.90,315.53,0.0000,945.24,350.27,0.0000,974.30,274.40,0.0000,754.52,61.00,0.0000,948.07,340.34,0.0000,754.52,61.00,0.0000
201,1,Jok,0.6479,1010.4,163.9,1083.6,345.3,0.9551,955.26,163.00,0.0000,955.26,163.00,0.0000,955.26,163.00,0.0000,1071.14,185.04,0.0000,955.26,163.00,0.0000,1048.04,250.09,0.0000,955.26,163.00,0.0000,1013.91,278.53,0.0000,955.26,278.53,0.0000,1021.02,344.64,0.0000,1005.38,344.64,0.0000,1052.30,283.15,0.0000,1065.10,272.48,0.0000,1034.17,311.59,0.0000,1017.11,300.21,0.0000,955.26,344.64,0.0000,995.07,344.64,0.0000
202,0,Elm,0.7250,819.6,58.4,1050.0,426.3,0.9242,1024.56,129.88,0.0000,957.00,89.62,0.0000,1015.94,118.38,0.0000,750.00,58.00,0.0000,750.00,58.00,0.0000,750.00,58.00,0.0000,982.88,145.69,0.0000,875.06,206.78,0.0000,750.00,58.00,0.0000,1026.00,184.50,0.0000,1029.59,202.47,0.0000,852.78,314.59,0.0000,943.34,350.53,0.0000,853.50,274.34,0.0000,750.00,58.00,0.0000,923.22,336.16,0.0000,750.00,58.00,0.0000
202,1,Jok,0.6497,1009.3,164.2,1084.0,345.5,0.9553,955.97,164.00,0.0000,955.97,164.00,0.0000,955.97,164.00,0.0000,1048.95,185.56,0.0000,955.97,164.00,0.0000,1044.71,250.26,0.0000,955.97,164.00,0.0000,1011.47,278.89,0.0000,1002.28,282.43,0.0000,1027.38,344.65,0.0000,1002.99,344.65,0.0000,1052.48,283.49,0.0000,1065.21,272.53,0.0000,1034.45,310.71,0.0000,1011.47,293.39,0.0000,955.97,344.65,0.0000,995.57,344.65,0.0000
203,0,Elm,0.7104,818.9,68.0,1050.7,417.1,0.9179,1022.49,143.66,0.0000,956.37,93.22,0.0000,1019.77,124.58,0.0000,759.38,68.00,0.0000,1004.09,116.40,0.0000,759.38,68.00,0.0000,982.96,150.48,0.0000,884.12,198.19,0.0000,759.38,68.00,0.0000,1021.13,187.97,0.0000,1025.22,187.97,0.0000,856.85,313.39,0.0000,943.42,346.79,0.0000,987.73,273.17,0.0000,759.38,68.00,0.0000,994.54,332.48,0.0000,759.38,68.00,0.0000
203,1,Jok,0.6457,1006.8,162.9,1084.5,345.9,0.9560,953.82,162.00,0.0000,1057.47,235.27,0.0000,953.82,162.00,0.0000,1057.11,177.01,0.0000,953.82,162.00,0.0000,1033.52,246.35,0.0000,1019.22,212.40,0.0000,1009.93,278.16,0.0000,1000.64,271.01,0.0000,1019.94,344.64,0.0000,1006.36,344.64,0.0000,1039.60,288.88,0.0000,1070.69,277.09,0.0000,1028.88,292.82,0.0000,1009.93,269.58,0.0000,953.82,344.64,0.0000,1001.00,344.64,0.0000
204,0,Elm,0.6766,816.5,72.7,1050.5,414.1,0.9139,1013.05,154.16,0.0000,1017.06,128.78,0.0000,1017.06,133.45,0.0000,964.96,96.71,0.0000,994.35,120.76,0.0000,762.56,72.00,0.0000,963.62,153.49,0.0000,943.58,206.26,0.0000,762.56,72.00,0.0000,1018.39,169.52,0.0000,762.56,72.00,0.0000,850.07,311.80,0.0000,924.21,345.87,0.0000,969.63,273.06,0.0000,762.56,72.00,0.0000,995.68,277.73,0.0000,762.56,72.00,0.0000
204,1,Jok,0.6468,1004.3,161.6,1083.4,345.7,0.9524,951.53,161.00,0.0000,951.53,161.00,0.0000,951.53,161.00,0.0000,1066.53,180.41,0.0000,951.53,161.00,0.0000,1045.33,237.55,0.0000,951.53,161.00,0.0000,1008.31,271.69,0.0000,985.67,269.53,0.0000,1026.28,344.64,0.0000,1007.23,344.64,0.0000,1049.64,282.83,0.0000,1062.22,276.36,0.0000,1031.67,292.53,0.0000,1008.31,277.08,0.0000,1014.78,344.64,0.0000,999.33,344.64,0.0000
205,0,Elm,0.5999,821.8,88.9,1046.0,415.2,0.8936,1015.16,166.56,0.0000,1015.79,146.12,0.0000,1014.52,146.12,0.0000,963.42,107.80,0.0000,978.11,123.13,0.0000,915.52,134.62,0.0000,769.91,88.00,0.0000,946.18,221.48,0.0000,950.01,261.72,0.0000,1018.99,184.44,0.0000,769.91,88.00,0.0000,843.35,321.12,0.0000,904.67,348.58,0.0000,993.44,268.11,0.0000,769.91,88.00,0.0000,992.80,346.02,0.0000,769.91,88.00,0.0000
205,1,Jok,0.6511,1003.6,158.9,1084.7,345.3,0.9470,949.68,158.00,0.0000,949.68,158.00,0.0000,949.68,158.00,0.0000,1065.09,185.03,0.0000,949.68,158.00,0.0000,1045.00,247.85,0.0000,1012.50,220.82,0.0000,1010.67,276.34,0.0000,1007.02,276.70,0.0000,1029.30,251.13,0.0000,1045.37,251.13,0.0000,1055.96,280.72,0.0000,1062.53,275.61,0.0000,1026.38,310.30,0.0000,1012.86,291.68,0.0000,1010.67,344.63,0.0000,1002.27,344.63,0.0000
206,0,Elm,0.6651,815.9,79.7,1054.3,421.0,0.8951,762.90,79.00,0.0000,1019.40,153.14,0.0000,1010.05,146.46,0.0000,955.94,101.04,0.0000,973.31,119.75,0.0000,953.94,140.45,0.0000,762.90,79.00,0.0000,1002.03,220.61,0.0000,937.91,259.35,0.0000,1023.41,196.56,0.0000,762.90,79.00,0.0000,850.40,319.47,0.0000,886.47,336.84,0.0000,1002.03,266.03,0.0000,762.90,79.00,0.0000,995.35,349.53,0.0000,762.90,79.00,0.0000
206,1,Jok,0.6661,1002.0,161.0,1084.0,345.0,0.9422,950.25,160.00,0.0000,950.25,160.00,0.0000,950.25,160.00,0.0000,1065.25,179.41,0.0000,950.25,160.00,0.0000,1040.45,245.17,0.0000,1009.91,222.17,0.0000,1006.67,276.80,0.0000,1006.67,276.80,0.0000,1025.00,343.64,0.0000,1005.95,343.64,0.0000,1058.78,280.75,0.0000,1061.66,275.36,0.0000,1026.08,310.22,0.0000,1007.03,271.41,0.0000,950.25,343.64,0.0000,998.05,343.64,0.0000
207,1,Jok,0.5146,817.7,73.7,1046.5,418.4,0.8974,759.05,73.00,0.0000,1011.06,134.99,0.0000,759.05,73.00,0.0000,953.11,73.00,0.0000,951.09,114.10,0.0000,934.25,140.38,0.0000,759.05,73.00,0.0000,987.48,215.18,0.0000,928.18,255.61,0.0000,1021.84,191.59,0.0000,759.05,73.00,0.0000,837.21,302.10,0.0000,871.58,325.01,0.0000,987.48,262.35,0.0000,759.05,73.00,0.0000,982.09,326.36,0.0000,759.05,73.00,0.0000
207,1,Jok,0.6474,992.5,161.6,1083.3,347.4,0.9404,944.77,161.00,0.0000,944.77,161.00,0.0000,944.77,161.00,0.0000,1069.74,180.62,0.0000,1035.23,176.98,0.0000,1039.95,244.19,0.0000,1007.26,219.49,0.0000,1010.53,278.70,0.0000,1006.89,272.53,0.0000,1031.23,346.64,0.0000,985.10,267.08,0.0000,1056.66,294.32,0.0000,1066.47,283.43,0.0000,1028.33,294.32,0.0000,997.09,270.35,0.0000,944.77,346.64,0.0000,978.92,346.64,0.0000
208,0,Elm,0.5567,815.7,75.7,1052.0,421.5,0.8974,760.94,75.00,0.0000,1019.76,143.25,0.0000,1007.60,143.25,0.0000,1000.84,97.98,0.0000,954.89,125.01,0.0000,930.56,142.58,0.0000,920.42,159.47,0.0000,990.03,218.27,0.0000,930.56,264.89,0.0000,1024.49,193.94,0.0000,760.94,75.00,0.0000,839.33,304.77,0.0000,879.88,335.18,0.0000,987.32,270.98,0.0000,760.94,75.00,0.0000,973.13,336.53,0.0000,760.94,75.00,0.0000
208,1,Jok,0.6345,997.5,155.8,1082.9,348.6,0.9382,942.72,155.00,0.0000,942.72,155.00,0.0000,942.72,155.00,0.0000,1071.64,224.36,0.0000,1033.56,177.99,0.0000,1041.10,247.73,0.0000,1012.08,221.34,0.0000,1014.72,277.51,0.0000,1007.55,277.13,0.0000,1036.96,251.50,0.0000,1041.48,251.12,0.0000,1012.08,326.51,0.0000,942.72,325.01,0.0000,1029.42,291.08,0.0000,999.64,271.48,0.0000,942.72,347.62,0.0000,978.15,335.18,0.0000
209,0,Elm,0.7149,823.7,82.0,1052.0,421.0,0.8965,768.87,82.00,0.0000,1031.61,148.02,0.0000,1021.05,148.02,0.0000,958.99,104.45,0.0000,958.33,131.51,0.0000,992.66,165.18,0.0000,768.87,82.00,0.0000,992.66,232.52,0.0000,933.91,268.16,0.0000,1031.61,221.29,0.0000,768.87,82.00,0.0000,844.79,306.45,0.0000,872.51,328.90,0.0000,990.02,280.05,0.0000,768.87,82.00,0.0000,974.18,330.88,0.0000,768.87,82.00,0.0000
209,1,Jok,0.6472,997.6,151.3,1083.5,349.0,0.9381,941.59,151.00,0.0000,941.59,151.00,0.0000,941.59,151.00,0.0000,1065.10,211.02,0.0000,1034.32,176.01,0.0000,1042.02,241.80,0.0000,1012.39,217.56,0.0000,1017.39,279.90,0.0000,1017.78,279.13,0.0000,1036.25,249.50,0.0000,1036.25,249.50,0.0000,1022.39,319.91,0.0000,941.59,318.76,0.0000,1034.32,275.28,0.0000,1002.39,279.90,0.0000,1001.62,347.62,0.0000,977.38,334.92,0.0000
210,0,Elm,0.6902,827.7,86.6,1046.4,426.2,0.9018,765.91,86.00,0.0000,1036.84,153.07,0.0000,765.91,86.00,0.0000,1051.45,111.90,0.0000,967.78,127.17,0.0000,991.69,152.41,0.0000,765.91,86.00,0.0000,991.02,237.41,0.0000,932.59,265.96,0.0000,1034.85,223.46,0.0000,765.91,86.00,0.0000,842.94,310.45,0.0000,870.83,328.38,0.0000,998.33,273.27,0.0000,765.91,86.00,0.0000,971.77,342.33,0.0000,765.91,86.00,0.0000
210,1,Jok,0.6477,994.4,144.6,1085.4,348.5,0.9394,937.42,144.00,0.0000,1057.75,218.91,0.0000,937.42,144.00,0.0000,1065.32,206.55,0.0000,1041.81,174.28,0.0000,1056.95,227.67,0.0000,1010.73,208.55,0.0000,1024.28,277.88,0.0000,937.42,263.93,0.0000,1025.08,242.41,0.0000,1033.05,258.75,0.0000,1059.74,318.52,0.0000,1060.14,309.35,0.0000,1025.88,290.23,0.0000,1006.35,279.87,0.0000,999.58,347.60,0.0000,988.42,334.45,0.0000
211,0,Elm,0.6508,832.0,84.8,1053.4,428.9,0.9019,770.19,84.00,0.0000,1048.34,167.98,0.0000,1027.52,160.59,0.0000,1061.78,141.78,0.0000,974.44,133.72,0.0000,1009.38,167.98,0.0000,770.19,84.00,0.0000,997.95,237.86,0.0000,938.16,273.47,0.0000,1042.97,223.08,0.0000,770.19,84.00,0.0000,854.84,312.44,0.0000,876.34,334.61,0.0000,995.94,286.23,0.0000,770.19,84.00,0.0000,978.47,331.92,0.0000,770.19,84.00,0.0000
211,1,Jok,0.6477,990.1,128.4,1095.0,349.3,0.9252,1034.46,200.08,0.0000,1047.41,192.31,0.0000,1034.03,176.78,0.0000,1067.26,191.45,0.0000,1039.64,153.47,0.0000,1048.27,218.21,0.0000,1010.29,188.86,0.0000,1022.37,266.99,0.0000,987.84,235.05,0.0000,1014.17,245.84,0.0000,1010.29,245.84,0.0000,1070.72,290.30,0.0000,1049.57,285.98,0.0000,1047.41,286.84,0.0000,1006.40,285.98,0.0000,998.20,348.57,0.0000,989.57,334.32,0.0000
212,0,Elm,0.5722,832.7,87.0,1049.7,429.5,0.9058,769.03,86.00,0.0000,1043.70,159.02,0.0000,1026.28,159.69,0.0000,1051.73,126.87,0.0000,972.68,136.91,0.0000,1007.52,152.99,0.0000,769.03,86.00,0.0000,996.13,238.74,0.0000,937.85,273.58,0.0000,1041.02,224.67,0.0000,769.03,86.00,0.0000,854.11,313.77,0.0000,885.59,331.19,0.0000,1003.50,274.92,0.0000,769.03,86.00,0.0000,990.10,321.14,0.0000,769.03,86.00,0.0000
212,1,Jok,0.5568,988.3,117.1,1096.7,350.2,0.9269,1038.97,185.26,0.0000,1043.97,159.32,0.0000,1026.23,160.69,0.0000,1055.35,159.32,0.0000,983.90,117.00,0.0000,1056.26,203.92,0.0000,993.46,184.81,0.0000,1020.77,264.45,0.0000,925.20,270.82,0.0000,925.20,246.70,0.0000,1023.50,253.98,0.0000,1066.27,288.56,0.0000,1029.87,283.56,0.0000,1014.85,284.01,0.0000,1000.74,283.56,0.0000,975.71,349.54,0.0000,983.90,349.54,0.0000
213,0,Elm,0.6646,832.0,86.7,1058.2,428.6,0.9043,774.55,86.00,0.0000,1047.09,161.48,0.0000,1030.39,162.82,0.0000,1056.44,126.08,0.0000,976.28,134.76,0.0000,1001.66,169.50,0.0000,774.55,86.00,0.0000,1024.38,238.30,0.0000,942.21,274.37,0.0000,1045.08,237.63,0.0000,774.55,86.00,0.0000,852.04,313.11,0.0000,886.11,335.15,0.0000,1008.34,280.38,0.0000,774.55,86.00,0.0000,979.62,337.16,0.0000,774.55,86.00,0.0000
213,1,Jok,0.5425,988.8,102.8,1101.9,354.3,0.9096,1041.16,191.58,0.0000,1047.06,163.03,0.0000,1034.27,165.49,0.0000,1047.55,124.15,0.0000,980.62,102.00,0.0000,1051.00,199.95,0.0000,1002.27,170.91,0.0000,1036.23,260.48,0.0000,918.11,280.17,0.0000,1020.48,249.66,0.0000,1019.50,253.10,0.0000,1060.84,316.59,0.0000,1052.97,307.24,0.0000,1027.87,282.63,0.0000,1014.58,280.17,0.0000,983.57,353.51,0.0000,984.06,353.51,0.0000
214,0,Elm,0.5400,834.4,74.0,1070.0,428.5,0.9176,774.54,74.00,0.0000,1048.34,169.41,0.0000,774.54,74.00,0.0000,1019.99,97.51,0.0000,983.34,137.61,0.0000,1008.93,171.49,0.0000,774.54,74.00,0.0000,1008.23,254.46,0.0000,937.71,275.89,0.0000,1033.12,231.64,0.0000,774.54,74.00,0.0000,854.05,319.45,0.0000,890.00,340.19,0.0000,1006.16,287.64,0.0000,774.54,74.00,0.0000,976.43,334.66,0.0000,774.54,74.00,0.0000
214,1,Jok,0.5435,984.4,74.2,1101.3,361.5,0.8797,898.80,74.00,0.0000,1046.78,164.25,0.0000,1032.77,167.05,0.0000,1046.22,116.60,0.0000,1009.79,99.79,0.0000,1057.99,191.71,0.0000,982.88,153.04,0.0000,1036.69,256.18,0.0000,898.80,276.36,0.0000,1019.88,242.16,0.0000,1019.31,245.53,0.0000,898.80,74.00,0.0000,1033.33,319.52,0.0000,1023.80,297.66,0.0000,1001.94,279.16,0.0000,986.80,360.44,0.0000,973.35,360.44,0.0000
215,0,Elm,0.5321,835.9,69.8,1088.6,429.1,0.9201,781.56,69.00,0.0000,1048.05,170.25,0.0000,1033.98,173.77,0.0000,1034.69,121.73,0.0000,986.88,148.45,0.0000,993.20,156.89,0.0000,937.66,168.14,0.0000,998.83,235.64,0.0000,939.77,276.42,0.0000,1033.28,229.31,0.0000,781.56,69.00,0.0000,862.42,317.91,0.0000,892.66,340.41,0.0000,1000.23,286.27,0.0000,781.56,69.00,0.0000,998.12,346.73,0.0000,781.56,69.00,0.0000
215,0,Elm,0.6092,976.0,67.6,1102.4,376.5,0.8586,884.27,67.00,0.0000,1048.42,176.24,0.0000,1036.35,176.84,0.0000,1020.06,100.19,0.0000,1026.70,118.30,0.0000,1065.32,152.70,0.0000,995.31,152.10,0.0000,1014.62,277.02,0.0000,942.20,284.27,0.0000,1015.23,248.05,0.0000,1020.06,251.68,0.0000,884.27,67.00,0.0000,1047.82,319.27,0.0000,1019.45,287.89,0.0000,1002.55,286.08,0.0000,983.85,345.82,0.0000,976.60,354.88,0.0000
216,1,Jok,0.5115,835.8,66.9,1086.0,429.0,0.9099,779.85,66.00,0.0000,1050.64,177.00,0.0000,1037.92,179.12,0.0000,1003.98,109.13,0.0000,991.25,153.67,0.0000,964.39,145.89,0.0000,946.71,172.76,0.0000,1016.71,249.83,0.0000,938.23,278.11,0.0000,1027.31,234.27,0.0000,779.85,66.00,0.0000,860.45,320.53,0.0000,897.93,343.16,0.0000,999.74,292.96,0.0000,779.85,66.00,0.0000,975.70,353.05,0.0000,779.85,66.00,0.0000
216,0,Elm,0.5716,972.7,63.4,1105.4,378.1,0.8272,880.95,63.00,0.0000,1047.67,184.82,0.0000,1042.14,185.43,0.0000,1018.76,88.84,0.0000,1056.90,97.45,0.0000,1060.59,158.98,0.0000,1042.14,149.75,0.0000,1061.21,288.79,0.0000,949.85,287.56,0.0000,1019.99,239.57,0.0000,1020.60,253.72,0.0000,1048.29,331.24,0.0000,1048.90,332.47,0.0000,1042.14,294.94,0.0000,1001.53,288.79,0.0000,1048.90,343.55,0.0000,972.62,357.08,0.0000
217,1,Jok,0.5143,836.3,67.7,1076.1,430.4,0.9166,775.03,67.00,0.0000,1050.82,181.15,0.0000,1038.06,188.24,0.0000,997.65,93.23,0.0000,997.65,170.51,0.0000,959.36,144.99,0.0000,943.06,174.77,0.0000,994.10,235.03,0.0000,936.68,278.99,0.0000,1029.55,235.03,0.0000,775.03,67.00,0.0000,863.65,317.27,0.0000,893.43,340.67,0.0000,1002.61,286.79,0.0000,775.03,67.00,0.0000,1043.73,328.62,0.0000,967.87,366.90,0.0000
217,1,Jok,0.5628,974.8,57.0,1098.1,371.2,0.7980,1043.52,211.04,0.0000,1049.67,182.74,0.0000,1048.44,107.06,0.0000,1001.69,88.61,0.0000,1053.37,102.76,0.0000,975.23,126.14,0.0000,1023.83,137.21,0.0000,1025.68,281.79,0.0000,1046.60,273.79,0.0000,1025.68,263.95,0.0000,1026.29,253.49,0.0000,1039.21,325.47,0.0000,1038.60,325.47,0.0000,1025.68,293.48,0.0000,998.61,287.94,0.0000,1025.68,326.09,0.0000,978.31,350.08,0.0000
218,0,Elm,0.5026,840.1,80.4,1084.1,431.4,0.9128,786.53,80.00,0.0000,1049.78,185.57,0.0000,786.53,80.00,0.0000,994.25,110.85,0.0000,992.88,165.01,0.0000,964.77,148.55,0.0000,786.53,80.00,0.0000,1018.93,258.24,0.0000,935.98,276.75,0.0000,1027.15,236.30,0.0000,786.53,80.00,0.0000,865.37,320.63,0.0000,894.84,343.94,0.0000,1006.59,286.35,0.0000,786.53,80.00,0.0000,985.34,350.11,0.0000,786.53,80.00,0.0000
218,0,Elm,0.5280,972.4,69.5,1099.9,379.0,0.8895,1042.01,210.22,0.0000,1051.06,190.91,0.0000,1044.42,188.50,0.0000,1003.38,101.59,0.0000,1054.08,125.13,0.0000,972.00,136.59,0.0000,1015.45,161.34,0.0000,1026.32,290.49,0.0000,949.67,286.27,0.0000,1018.47,222.90,0.0000,1025.71,255.49,0.0000,1038.99,331.53,0.0000,946.65,332.13,0.0000,1026.32,290.49,0.0000,995.54,289.89,0.0000,988.29,343.60,0.0000,970.79,364.12,0.0000
219,0,Elm,0.6547,837.3,98.5,1070.5,432.5,0.9076,786.12,98.00,0.0000,1053.58,191.94,0.0000,786.12,98.00,0.0000,1004.00,120.18,0.0000,1003.35,146.93,0.0000,956.38,158.02,0.0000,786.12,98.00,0.0000,1007.26,246.73,0.0000,936.16,275.44,0.0000,1039.88,246.08,0.0000,786.12,98.00,0.0000,868.31,319.80,0.0000,895.06,336.11,0.0000,1004.65,287.83,0.0000,786.12,98.00,0.0000,978.56,355.02,0.0000,786.12,98.00,0.0000
219,0,Elm,0.5720,966.9,69.0,1103.4,378.3,0.8990,880.02,68.00,0.0000,1055.00,191.52,0.0000,880.02,68.00,0.0000,1008.38,113.41,0.0000,1038.66,153.37,0.0000,970.24,143.68,0.0000,973.27,181.83,0.0000,1025.34,289.00,0.0000,949.05,274.46,0.0000,1056.82,225.42,0.0000,880.02,68.00,0.0000,1038.66,331.38,0.0000,936.33,344.70,0.0000,1025.34,289.00,0.0000,996.27,289.00,0.0000,986.59,343.49,0.0000,970.84,364.07,0.0000
220,0,Elm,0.6874,839.3,103.0,1073.5,431.8,0.9032,1041.44,216.39,0.0000,1056.81,197.17,0.0000,1045.92,196.53,0.0000,1022.22,126.06,0.0000,1006.84,142.72,0.0000,964.56,155.53,0.0000,791.59,103.00,0.0000,1020.94,249.06,0.0000,937.66,283.02,0.0000,1041.44,238.81,0.0000,791.59,103.00,0.0000,872.31,320.81,0.0000,892.81,341.31,0.0000,1008.77,286.22,0.0000,791.59,103.00,0.0000,979.30,350.92,0.0000,791.59,103.00,0.0000
220,0,Elm,0.5725,969.9,74.6,1107.2,379.5,0.8951,1046.44,216.37,0.0000,1058.36,195.52,0.0000,1051.80,192.54,0.0000,885.60,74.00,0.0000,1055.97,157.99,0.0000,974.96,141.91,0.0000,976.15,178.84,0.0000,1019.63,290.84,0.0000,953.51,274.16,0.0000,1009.51,228.88,0.0000,1026.78,253.31,0.0000,1029.17,333.73,0.0000,940.41,378.40,0.0000,1028.57,291.43,0.0000,999.38,290.84,0.0000,990.45,345.64,0.0000,967.21,359.34,0.0000
221,0,Elm,0.6130,841.0,106.2,1078.8,431.6,0.8987,1044.12,221.53,0.0000,1057.46,200.58,0.0000,1048.57,201.21,0.0000,1033.33,132.66,0.0000,1011.12,163.76,0.0000,978.11,164.40,0.0000,796.57,106.00,0.0000,1023.81,250.73,0.0000,938.12,278.02,0.0000,1044.12,238.67,0.0000,796.57,106.00,0.0000,870.20,321.82,0.0000,891.78,338.32,0.0000,1009.21,291.35,0.0000,796.57,106.00,0.0000,981.92,351.65,0.0000,796.57,106.00,0.0000
221,1,Jok,0.5799,973.7,93.2,1102.8,377.5,0.9004,1045.66,220.58,0.0000,1056.20,206.16,0.0000,895.34,93.00,0.0000,1034.02,127.39,0.0000,1053.43,170.66,0.0000,991.30,145.70,0.0000,979.66,177.87,0.0000,1028.47,280.48,0.0000,958.58,274.38,0.0000,1063.41,237.22,0.0000,1031.80,259.41,0.0000,1027.91,327.63,0.0000,895.34,342.05,0.0000,1019.04,281.04,0.0000,1001.29,289.36,0.0000,992.97,345.94,0.0000,969.67,358.70,0.0000
222,1,Jok,0.5138,842.4,112.2,1088.1,432.0,0.9106,1038.88,222.90,0.0000,1053.21,205.46,0.0000,1048.85,206.70,0.0000,1046.36,150.01,0.0000,1012.71,169.32,0.0000,973.46,158.11,0.0000,805.86,112.00,0.0000,1028.91,243.46,0.0000,941.06,280.22,0.0000,1048.23,236.61,0.0000,805.86,112.00,0.0000,884.99,320.72,0.0000,888.11,340.04,0.0000,1014.58,287.70,0.0000,805.86,112.00,0.0000,986.55,346.89,0.0000,805.86,112.00,0.0000
222,1,Jok,0.5090,972.8,106.8,1106.2,377.8,0.9011,1050.34,227.74,0.0000,1056.16,211.86,0.0000,903.19,106.00,0.0000,1054.57,135.11,0.0000,1014.34,175.34,0.0000,999.52,145.17,0.0000,982.59,186.45,0.0000,1030.22,261.61,0.0000,954.00,277.49,0.0000,1061.98,227.21,0.0000,1024.40,262.67,0.0000,1029.69,310.31,0.0000,903.19,336.24,0.0000,1022.28,284.90,0.0000,1001.11,293.37,0.0000,996.35,376.47,0.0000,970.41,359.53,0.0000
223,0,Elm,0.6084,974.7,111.1,1108.2,378.5,0.9170,1043.88,229.90,0.0000,1056.92,211.65,0.0000,907.25,111.00,0.0000,1066.30,160.02,0.0000,1011.55,176.19,0.0000,1010.50,155.33,0.0000,974.52,184.01,0.0000,1023.54,301.34,0.0000,953.66,281.00,0.0000,1057.96,230.42,0.0000,1026.15,258.06,0.0000,1025.63,312.29,0.0000,907.25,331.07,0.0000,1024.06,286.74,0.0000,999.55,288.30,0.0000,993.29,348.28,0.0000,974.00,360.27,0.0000
223,0,Elm,0.7121,841.8,113.3,1088.8,433.4,0.9147,1038.50,223.62,0.0000,1052.88,206.75,0.0000,1048.50,208.00,0.0000,1058.50,169.25,0.0000,1012.25,169.88,0.0000,982.88,158.62,0.0000,804.75,113.00,0.0000,1028.50,244.88,0.0000,939.75,282.38,0.0000,1048.50,229.88,0.0000,804.75,113.00,0.0000,884.75,318.62,0.0000,804.75,113.00,0.0000,1014.12,289.25,0.0000,804.75,113.00,0.0000,986.00,343.62,0.0000,804.75,113.00,0.0000
224,1,Jok,0.5548,977.9,112.5,1105.7,378.8,0.9198,908.42,112.00,0.0000,1054.41,217.46,0.0000,1045.58,211.75,0.0000,1067.40,184.73,0.0000,1004.02,176.42,0.0000,1023.76,156.16,0.0000,975.44,184.73,0.0000,1022.20,304.23,0.0000,954.14,282.41,0.0000,1064.80,247.60,0.0000,1031.03,252.79,0.0000,1024.28,312.54,0.0000,908.42,330.20,0.0000,1024.28,287.08,0.0000,1000.90,288.64,0.0000,994.14,340.07,0.0000,966.61,360.34,0.0000
224,0,Elm,0.6663,841.1,111.6,1087.1,434.7,0.9185,1037.83,227.71,0.0000,1052.34,206.89,0.0000,1047.92,211.31,0.0000,1058.02,168.41,0.0000,1011.33,174.09,0.0000,982.31,158.31,0.0000,801.89,111.00,0.0000,1027.73,244.11,0.0000,937.52,281.33,0.0000,1047.29,237.17,0.0000,801.89,111.00,0.0000,882.01,317.92,0.0000,801.89,111.00,0.0000,1005.02,288.90,0.0000,801.89,111.00,0.0000,984.84,348.83,0.0000,801.89,111.00,0.0000
225,1,Jok,0.6147,980.7,118.6,1100.4,378.0,0.9151,1042.46,234.29,0.0000,1055.16,218.55,0.0000,1043.48,209.91,0.0000,1070.39,189.09,0.0000,1011.48,168.78,0.0000,1023.67,161.16,0.0000,975.94,188.59,0.0000,1023.16,307.41,0.0000,954.61,282.53,0.0000,1063.79,250.54,0.0000,909.92,118.00,0.0000,1023.16,314.02,0.0000,909.92,331.28,0.0000,1023.67,282.02,0.0000,1000.82,290.66,0.0000,989.14,340.93,0.0000,966.80,360.23,0.0000
225,1,Jok,0.5164,841.3,114.6,1082.7,434.7,0.9182,1035.38,227.12,0.0000,1054.12,208.38,0.0000,1044.75,208.38,0.0000,1049.12,166.50,0.0000,1008.50,170.88,0.0000,979.75,159.62,0.0000,801.00,114.00,0.0000,1024.75,246.50,0.0000,936.62,282.12,0.0000,1048.50,224.62,0.0000,801.00,114.00,0.0000,880.38,319.00,0.0000,801.00,114.00,0.0000,1009.75,289.62,0.0000,801.00,114.00,0.0000,982.88,344.62,0.0000,801.00,114.00,0.0000
226,1,Jok,0.5380,980.6,122.3,1099.2,377.9,0.9142,1042.75,235.55,0.0000,1055.21,215.13,0.0000,1043.25,207.66,0.0000,1069.15,159.35,0.0000,1011.38,164.33,0.0000,1042.75,216.63,0.0000,977.01,180.27,0.0000,1026.32,290.34,0.0000,956.09,273.90,0.0000,1065.66,251.99,0.0000,1031.80,254.98,0.0000,1023.83,314.25,0.0000,912.27,331.18,0.0000,1023.83,282.37,0.0000,1000.92,287.85,0.0000,993.95,340.64,0.0000,967.55,359.57,0.0000
226,0,Elm,0.6056,839.3,115.4,1084.4,435.8,0.9218,1039.62,230.62,0.0000,1054.62,209.38,0.0000,1045.25,209.38,0.0000,1065.25,171.88,0.0000,1009.00,171.88,0.0000,980.25,153.12,0.0000,801.50,115.00,0.0000,1025.88,245.00,0.0000,937.75,283.12,0.0000,1049.00,240.00,0.0000,801.50,115.00,0.0000,880.88,320.00,0.0000,801.50,115.00,0.0000,1006.50,291.25,0.0000,801.50,115.00,0.0000,983.38,345.62,0.0000,801.50,115.00,0.0000
227,1,Jok,0.5606,982.3,117.4,1100.2,377.1,0.9116,1043.45,237.86,0.0000,1052.08,218.05,0.0000,1040.91,208.91,0.0000,1070.36,205.87,0.0000,1012.47,167.78,0.0000,1038.37,159.66,0.0000,987.08,173.37,0.0000,1024.15,302.35,0.0000,955.09,271.88,0.0000,1064.77,249.54,0.0000,1032.78,253.09,0.0000,1024.15,319.11,0.0000,910.91,330.79,0.0000,1024.15,281.02,0.0000,1001.30,289.15,0.0000,994.19,339.93,0.0000,975.40,359.73,0.0000
227,0,Elm,0.6004,837.3,112.3,1083.1,435.7,0.9180,1043.92,233.12,0.0000,1064.11,211.68,0.0000,1048.34,207.89,0.0000,1069.16,175.09,0.0000,1007.33,168.78,0.0000,997.24,158.05,0.0000,797.89,112.00,0.0000,1023.73,245.11,0.0000,936.04,281.70,0.0000,1043.92,238.80,0.0000,797.89,112.00,0.0000,871.07,319.55,0.0000,888.10,339.11,0.0000,1008.59,289.90,0.0000,797.89,112.00,0.0000,982.10,349.83,0.0000,797.89,112.00,0.0000
228,0,Elm,0.5268,985.7,123.0,1097.3,378.1,0.8937,1043.27,237.05,0.0000,1047.75,222.11,0.0000,1038.79,213.15,0.0000,1070.17,170.81,0.0000,1012.39,165.83,0.0000,1024.35,152.88,0.0000,978.03,178.78,0.0000,1024.35,271.92,0.0000,960.60,274.41,0.0000,1068.17,210.16,0.0000,1043.77,245.52,0.0000,1024.84,321.22,0.0000,913.28,377.50,0.0000,1021.86,277.89,0.0000,999.44,285.86,0.0000,994.96,341.64,0.0000,968.07,361.07,0.0000
228,0,Elm,0.6077,836.8,112.8,1084.5,435.7,0.9203,1039.14,230.60,0.0000,1056.80,211.68,0.0000,1047.34,207.89,0.0000,1064.37,170.04,0.0000,1006.96,164.36,0.0000,988.04,170.04,0.0000,798.15,112.00,0.0000,1024.00,245.74,0.0000,936.31,281.70,0.0000,1048.60,238.80,0.0000,798.15,112.00,0.0000,871.33,318.92,0.0000,892.78,341.63,0.0000,1008.86,289.90,0.0000,798.15,112.00,0.0000,981.73,349.83,0.0000,798.15,112.00,0.0000
229,0,Elm,0.6134,836.8,111.7,1084.6,436.1,0.9232,1035.95,230.97,0.0000,1053.09,211.29,0.0000,1041.66,208.75,0.0000,1065.15,174.48,0.0000,1000.40,169.40,0.0000,998.50,157.97,0.0000,797.91,111.00,0.0000,1024.53,255.73,0.0000,936.29,281.75,0.0000,1054.99,223.35,0.0000,797.91,111.00,0.0000,878.53,319.20,0.0000,888.69,339.52,0.0000,1009.93,290.00,0.0000,797.91,111.00,0.0000,982.00,350.94,0.0000,797.91,111.00,0.0000
229,0,Elm,0.5371,984.8,121.4,1098.6,377.8,0.8897,1043.00,235.50,0.0000,1048.00,220.50,0.0000,1039.00,211.50,0.0000,1071.00,190.50,0.0000,1013.00,168.50,0.0000,1024.50,226.00,0.0000,978.00,163.50,0.0000,1024.50,304.50,0.0000,957.00,273.00,0.0000,1068.00,232.00,0.0000,1032.50,254.00,0.0000,1024.50,324.50,0.0000,913.00,331.00,0.0000,1022.00,290.00,0.0000,1002.50,291.00,0.0000,989.00,348.50,0.0000,968.50,360.00,0.0000
230,0,Elm,0.5751,982.9,115.7,1098.7,377.3,0.8914,1042.38,232.18,0.0000,1052.11,216.32,0.0000,1042.89,203.53,0.0000,1070.53,159.01,0.0000,1002.98,158.50,0.0000,1023.45,158.50,0.0000,975.86,172.31,0.0000,1020.89,305.36,0.0000,954.37,282.84,0.0000,1063.88,248.56,0.0000,1031.64,259.30,0.0000,1023.45,323.78,0.0000,909.34,330.43,0.0000,1023.45,287.45,0.0000,1000.93,288.98,0.0000,993.26,340.16,0.0000,966.65,359.60,0.0000
230,0,Elm,0.5603,836.8,109.9,1083.7,435.4,0.9220,1035.29,227.43,0.0000,1049.94,205.14,0.0000,1041.02,205.14,0.0000,1049.94,166.30,0.0000,1000.27,161.85,0.0000,978.62,167.58,0.0000,796.52,109.00,0.0000,1024.47,254.17,0.0000,938.51,281.55,0.0000,1049.94,224.25,0.0000,796.52,109.00,0.0000,877.39,317.84,0.0000,887.57,338.22,0.0000,1009.19,291.10,0.0000,796.52,109.00,0.0000,981.81,349.04,0.0000,796.52,109.00,0.0000
231,0,Elm,0.6683,981.4,118.0,1096.1,375.2,0.8817,1041.74,214.38,0.0000,1049.27,191.79,0.0000,1036.21,188.27,0.0000,1068.34,178.23,0.0000,1068.34,145.61,0.0000,1009.11,134.56,0.0000,1009.61,194.80,0.0000,1033.20,268.59,0.0000,1041.23,259.55,0.0000,1062.32,214.38,0.0000,1058.30,223.41,0.0000,909.72,330.33,0.0000,1002.58,327.82,0.0000,1033.20,274.61,0.0000,1037.72,275.11,0.0000,964.44,344.38,0.0000,1038.72,330.83,0.0000
231,0,Elm,0.6451,842.4,109.9,1070.3,432.8,0.9046,1035.04,209.94,0.0000,1049.55,189.75,0.0000,1035.67,186.60,0.0000,1065.96,156.31,0.0000,995.93,147.48,0.0000,975.11,155.68,0.0000,794.05,109.00,0.0000,1030.00,264.19,0.0000,967.54,293.21,0.0000,1045.14,223.82,0.0000,1030.00,220.66,0.0000,867.23,301.41,0.0000,876.70,335.48,0.0000,1030.63,273.65,0.0000,996.56,286.27,0.0000,1040.09,335.48,0.0000,964.39,366.39,0.0000
232,0,Elm,0.7147,841.1,109.7,1082.1,432.5,0.9157,800.62,109.00,0.0000,1050.45,178.39,0.0000,1032.15,179.66,0.0000,1044.77,130.45,0.0000,982.31,147.48,0.0000,944.46,146.85,0.0000,800.62,109.00,0.0000,1033.41,252.84,0.0000,800.62,109.00,0.0000,1051.08,209.94,0.0000,1011.33,367.65,0.0000,856.14,300.78,0.0000,883.90,336.11,0.0000,1027.10,273.65,0.0000,991.14,286.27,0.0000,1020.79,347.46,0.0000,958.97,372.70,0.0000
232,0,Elm,0.7079,985.2,115.7,1095.1,373.5,0.8813,1031.86,199.15,0.0000,1043.45,186.05,0.0000,1037.41,181.52,0.0000,1065.12,194.11,0.0000,1070.16,186.05,0.0000,1031.86,199.15,0.0000,1043.45,220.82,0.0000,1025.31,271.71,0.0000,1020.78,277.26,0.0000,1031.86,372.50,0.0000,1023.30,372.50,0.0000,1032.87,325.63,0.0000,1032.87,334.20,0.0000,1032.37,278.27,0.0000,1032.87,285.32,0.0000,1019.77,344.28,0.0000,1010.20,354.86,0.0000
233,0,Elm,0.6937,988.7,120.4,1094.0,369.2,0.8983,1031.28,193.92,0.0000,1030.80,179.82,0.0000,1068.73,188.57,0.0000,1042.96,165.23,0.0000,916.02,120.00,0.0000,1023.99,208.51,0.0000,1047.82,218.24,0.0000,1021.56,266.38,0.0000,1025.45,277.08,0.0000,1007.94,368.51,0.0000,1005.51,368.51,0.0000,1037.12,333.01,0.0000,916.02,368.51,0.0000,1032.26,301.89,0.0000,1026.42,298.48,0.0000,916.02,368.51,0.0000,1005.02,352.46,0.0000
233,0,Elm,0.5722,841.7,113.1,1076.3,430.6,0.9111,800.14,113.00,0.0000,1037.27,169.34,0.0000,800.14,113.00,0.0000,964.21,113.00,0.0000,978.45,146.43,0.0000,941.30,150.15,0.0000,800.14,113.00,0.0000,1010.03,260.36,0.0000,800.14,113.00,0.0000,1045.32,212.68,0.0000,1008.79,382.33,0.0000,854.62,301.84,0.0000,881.86,335.89,0.0000,1022.41,286.98,0.0000,975.35,294.41,0.0000,1014.36,357.56,0.0000,956.16,374.90,0.0000
234,1,Jok,0.5309,840.1,106.4,1076.5,428.6,0.9165,797.23,106.00,0.0000,1036.22,158.20,0.0000,797.23,106.00,0.0000,978.99,106.00,0.0000,978.99,139.96,0.0000,940.62,144.36,0.0000,797.23,106.00,0.0000,1007.92,270.14,0.0000,797.23,106.00,0.0000,1046.91,200.96,0.0000,1008.55,387.12,0.0000,856.35,297.82,0.0000,880.25,332.41,0.0000,1023.01,283.35,0.0000,987.16,295.30,0.0000,1014.84,349.39,0.0000,960.12,378.32,0.0000
234,1,Jok,0.6059,987.8,111.2,1096.5,371.1,0.8943,1032.20,181.59,0.0000,1032.70,167.37,0.0000,1064.70,188.70,0.0000,1056.57,168.89,0.0000,1074.34,199.87,0.0000,1032.20,195.30,0.0000,1053.52,206.98,0.0000,1033.72,268.93,0.0000,1037.27,263.85,0.0000,1032.20,370.49,0.0000,1005.28,370.49,0.0000,1038.80,333.42,0.0000,976.34,370.49,0.0000,1036.77,274.52,0.0000,1033.21,297.37,0.0000,1025.09,370.49,0.0000,1010.87,354.24,0.0000
235,1,Jok,0.5555,843.1,110.6,1079.3,429.4,0.9204,801.88,110.00,0.0000,1033.03,154.24,0.0000,801.88,110.00,0.0000,981.94,110.00,0.0000,983.81,133.68,0.0000,926.49,147.38,0.0000,801.88,110.00,0.0000,1001.88,291.93,0.0000,801.88,110.00,0.0000,1049.23,188.50,0.0000,1003.75,389.12,0.0000,856.71,300.03,0.0000,890.97,334.92,0.0000,1019.95,285.70,0.0000,990.04,292.55,0.0000,1013.09,345.51,0.0000,970.72,382.89,0.0000
235,1,Jok,0.6136,989.4,113.7,1095.1,373.0,0.8883,1039.27,176.98,0.0000,1039.27,169.37,0.0000,1039.27,163.78,0.0000,1057.05,175.97,0.0000,1074.31,199.33,0.0000,1032.16,197.30,0.0000,1053.49,215.07,0.0000,1026.07,271.44,0.0000,1034.20,270.93,0.0000,1039.27,372.49,0.0000,1004.74,372.49,0.0000,1037.75,284.64,0.0000,1033.69,334.91,0.0000,1033.69,298.86,0.0000,1027.59,299.37,0.0000,1024.55,372.49,0.0000,1005.25,355.73,0.0000
236,0,Elm,0.5557,842.0,108.8,1082.4,430.1,0.9232,800.75,108.00,0.0000,1033.45,146.99,0.0000,800.75,108.00,0.0000,975.59,108.00,0.0000,984.39,131.90,0.0000,925.27,146.99,0.0000,800.75,108.00,0.0000,996.34,292.27,0.0000,800.75,108.00,0.0000,1050.43,185.98,0.0000,1003.26,397.93,0.0000,856.09,299.82,0.0000,883.14,334.41,0.0000,1020.87,285.35,0.0000,990.68,292.27,0.0000,1020.24,351.39,0.0000,958.61,380.95,0.0000
236,1,Jok,0.5872,986.1,112.6,1095.1,375.4,0.8875,1048.15,229.63,0.0000,1030.18,169.02,0.0000,1065.62,210.62,0.0000,1043.02,170.04,0.0000,908.95,112.00,0.0000,1030.69,190.08,0.0000,1052.26,210.11,0.0000,1020.42,277.92,0.0000,1025.04,270.72,0.0000,1037.88,374.49,0.0000,999.87,374.49,0.0000,1037.37,277.92,0.0000,1032.74,286.65,0.0000,1031.72,300.52,0.0000,1025.55,299.49,0.0000,1019.90,345.72,0.0000,1003.46,357.02,0.0000
237,0,Elm,0.6283,842.0,106.8,1084.0,429.8,0.9224,800.62,106.00,0.0000,1033.41,143.85,0.0000,1027.10,145.74,0.0000,967.80,106.00,0.0000,990.51,140.70,0.0000,916.70,145.11,0.0000,800.62,106.00,0.0000,996.82,290.84,0.0000,991.14,317.34,0.0000,1051.08,176.66,0.0000,1003.76,396.20,0.0000,856.14,309.77,0.0000,883.27,335.00,0.0000,1021.43,283.90,0.0000,995.56,295.89,0.0000,1018.90,350.14,0.0000,972.22,389.26,0.0000
237,1,Jok,0.5778,986.5,112.4,1096.9,375.7,0.9017,1054.83,233.23,0.0000,1044.56,211.14,0.0000,1066.65,214.22,0.0000,1031.72,170.04,0.0000,909.98,112.00,0.0000,1024.53,190.59,0.0000,1049.18,208.57,0.0000,1025.04,271.75,0.0000,1033.77,271.24,0.0000,1044.56,243.50,0.0000,1057.91,229.63,0.0000,1036.85,285.11,0.0000,1033.26,336.99,0.0000,1033.26,300.52,0.0000,1027.09,300.00,0.0000,1020.42,345.72,0.0000,1004.49,357.02,0.0000
238,0,Elm,0.5769,843.2,106.7,1083.3,432.6,0.9183,1028.92,169.04,0.0000,1028.92,144.20,0.0000,1025.74,145.48,0.0000,966.52,106.00,0.0000,983.71,153.75,0.0000,916.22,146.75,0.0000,981.17,196.41,0.0000,997.09,292.56,0.0000,799.70,106.00,0.0000,1052.48,184.95,0.0000,1004.09,391.89,0.0000,855.73,311.66,0.0000,895.21,335.22,0.0000,951.88,291.92,0.0000,991.99,292.56,0.0000,1021.28,352.41,0.0000,972.25,382.34,0.0000
238,1,Jok,0.6192,988.1,111.4,1096.0,374.7,0.9036,1055.29,228.63,0.0000,1004.95,216.82,0.0000,1067.62,215.79,0.0000,1032.18,168.02,0.0000,910.95,111.00,0.0000,1024.47,189.08,0.0000,1047.07,207.06,0.0000,1022.42,270.75,0.0000,1034.74,270.75,0.0000,1046.04,241.47,0.0000,1059.91,228.12,0.0000,1038.85,284.62,0.0000,1034.23,373.49,0.0000,1034.23,299.52,0.0000,1027.55,299.00,0.0000,910.95,373.49,0.0000,1001.87,356.54,0.0000
239,0,Elm,0.6114,845.3,104.9,1080.6,431.1,0.9138,1028.30,162.12,0.0000,1028.94,126.35,0.0000,1025.74,143.60,0.0000,956.77,104.00,0.0000,989.34,133.38,0.0000,913.34,150.62,0.0000,981.04,194.05,0.0000,997.00,291.13,0.0000,799.02,104.00,0.0000,1052.57,182.56,0.0000,1004.67,397.79,0.0000,855.22,310.93,0.0000,894.82,334.56,0.0000,952.30,296.24,0.0000,991.89,296.24,0.0000,1020.63,358.83,0.0000,964.43,383.74,0.0000
239,1,Jok,0.6115,987.8,111.4,1096.0,372.7,0.9054,1058.37,221.62,0.0000,1004.33,196.13,0.0000,1066.01,212.95,0.0000,1038.49,169.11,0.0000,910.54,111.00,0.0000,1024.21,182.88,0.0000,1049.19,206.84,0.0000,1021.15,269.54,0.0000,1033.39,270.05,0.0000,1044.60,227.74,0.0000,1053.27,227.23,0.0000,1039.00,283.30,0.0000,966.61,371.49,0.0000,1032.88,298.08,0.0000,1032.37,298.08,0.0000,1023.19,371.49,0.0000,1010.45,346.51,0.0000
240,0,Elm,0.5795,845.5,104.7,1083.2,429.3,0.9126,1027.81,150.34,0.0000,1027.18,104.00,0.0000,1021.46,131.29,0.0000,951.64,104.00,0.0000,992.90,138.91,0.0000,915.46,150.97,0.0000,982.74,197.31,0.0000,999.25,289.35,0.0000,801.84,104.00,0.0000,1053.84,175.73,0.0000,1006.23,396.63,0.0000,850.71,310.30,0.0000,897.05,335.05,0.0000,976.40,295.06,0.0000,993.54,300.14,0.0000,954.18,359.81,0.0000,961.16,382.66,0.0000
240,1,Jok,0.6077,989.0,110.7,1096.9,373.7,0.9060,1055.26,227.63,0.0000,1005.44,202.97,0.0000,1067.59,213.76,0.0000,1031.63,168.04,0.0000,910.92,110.00,0.0000,1024.44,188.08,0.0000,1049.61,208.62,0.0000,1025.98,270.27,0.0000,1034.72,271.29,0.0000,1039.85,240.99,0.0000,1054.75,372.49,0.0000,1039.34,283.62,0.0000,967.43,372.49,0.0000,1034.20,298.00,0.0000,1033.69,298.52,0.0000,1015.71,372.49,0.0000,1008.52,356.05,0.0000
241,1,Jok,0.5801,986.5,110.5,1096.9,373.4,0.9089,1055.35,227.12,0.0000,1004.49,199.89,0.0000,1066.13,213.25,0.0000,1031.20,167.53,0.0000,909.98,110.00,0.0000,1024.01,188.59,0.0000,1048.67,208.11,0.0000,1025.55,270.27,0.0000,1033.77,275.40,0.0000,1044.56,230.20,0.0000,1058.94,372.49,0.0000,1038.39,334.99,0.0000,966.99,372.49,0.0000,1033.26,298.52,0.0000,1026.58,298.52,0.0000,1024.01,372.49,0.0000,1007.57,356.05,0.0000
241,0,Elm,0.6010,845.5,103.2,1083.4,429.7,0.9118,1026.46,149.48,0.0000,1020.73,103.00,0.0000,1020.10,131.02,0.0000,950.06,110.64,0.0000,992.08,132.29,0.0000,914.40,150.12,0.0000,981.89,200.42,0.0000,998.45,288.92,0.0000,800.43,103.00,0.0000,1053.21,181.32,0.0000,1008.00,395.89,0.0000,849.46,309.93,0.0000,900.39,335.40,0.0000,953.24,294.65,0.0000,992.72,299.75,0.0000,953.24,358.96,0.0000,965.34,382.52,0.0000
242,0,Elm,0.6042,845.2,103.2,1083.3,429.1,0.9141,1026.46,142.48,0.0000,1021.37,103.00,0.0000,1020.10,124.65,0.0000,950.06,110.64,0.0000,993.36,132.93,0.0000,913.77,150.12,0.0000,982.53,196.60,0.0000,998.45,288.92,0.0000,800.43,103.00,0.0000,1053.21,181.32,0.0000,1008.64,395.89,0.0000,849.46,311.84,0.0000,901.03,335.40,0.0000,953.24,294.65,0.0000,992.72,299.75,0.0000,953.24,359.60,0.0000,964.70,381.88,0.0000
242,1,Jok,0.6093,985.8,109.4,1096.7,372.4,0.9083,1058.46,220.47,0.0000,1003.49,198.89,0.0000,1068.21,212.25,0.0000,1030.20,167.04,0.0000,908.98,109.00,0.0000,1030.20,181.43,0.0000,1051.26,207.62,0.0000,1032.26,268.75,0.0000,1035.85,268.75,0.0000,1043.56,229.20,0.0000,1052.80,226.63,0.0000,1037.39,333.47,0.0000,974.21,371.49,0.0000,1032.26,297.52,0.0000,1032.26,297.52,0.0000,1024.04,371.49,0.0000,1010.17,355.05,0.0000
243,0,Elm,0.6834,841.9,97.8,1084.4,429.6,0.9156,1027.10,170.92,0.0000,1020.62,136.55,0.0000,1021.27,151.47,0.0000,957.07,109.97,0.0000,994.03,156.01,0.0000,912.98,151.47,0.0000,796.91,97.00,0.0000,997.92,244.84,0.0000,796.91,97.00,0.0000,1054.34,178.05,0.0000,1013.48,386.20,0.0000,853.97,307.09,0.0000,894.17,333.68,0.0000,952.53,291.53,0.0000,993.38,292.18,0.0000,952.53,359.62,0.0000,960.31,378.42,0.0000
243,1,Jok,0.6271,982.0,100.5,1097.3,369.9,0.8828,1059.23,213.48,0.0000,1001.44,191.42,0.0000,1065.54,206.13,0.0000,1041.89,168.83,0.0000,905.29,100.00,0.0000,1022.46,174.08,0.0000,1047.67,209.81,0.0000,1022.98,263.40,0.0000,1032.44,270.23,0.0000,1037.17,235.03,0.0000,1048.72,242.38,0.0000,1035.59,330.12,0.0000,963.09,339.58,0.0000,1031.39,292.82,0.0000,1030.34,293.34,0.0000,1022.46,368.47,0.0000,1010.37,368.47,0.0000
244,0,Elm,0.6383,843.1,98.8,1078.1,431.6,0.8893,1028.36,170.19,0.0000,1027.71,138.32,0.0000,1027.71,152.63,0.0000,965.92,110.36,0.0000,1010.15,138.32,0.0000,921.05,147.43,0.0000,793.57,98.00,0.0000,995.19,236.53,0.0000,983.48,298.32,0.0000,1047.22,180.60,0.0000,1025.76,356.86,0.0000,856.01,308.73,0.0000,879.42,335.39,0.0000,1021.21,281.41,0.0000,982.18,284.66,0.0000,1037.47,359.46,0.0000,956.82,373.12,0.0000
244,1,Jok,0.5990,988.1,111.3,1097.6,382.0,0.8463,1054.45,222.27,0.0000,1004.35,211.20,0.0000,1068.16,210.67,0.0000,1032.30,170.06,0.0000,907.84,111.00,0.0000,1023.86,191.68,0.0000,1046.01,205.92,0.0000,1021.75,281.86,0.0000,1034.93,269.73,0.0000,1051.28,221.21,0.0000,1033.88,358.32,0.0000,1034.41,331.96,0.0000,907.84,380.47,0.0000,1034.41,281.86,0.0000,1028.08,289.24,0.0000,1027.02,363.60,0.0000,1027.02,360.96,0.0000
245,0,Elm,0.6445,832.7,96.7,1069.8,432.0,0.8946,1019.13,170.59,0.0000,1019.13,135.91,0.0000,1019.78,155.54,0.0000,783.58,96.00,0.0000,1008.66,136.57,0.0000,783.58,96.00,0.0000,975.95,182.37,0.0000,964.82,215.74,0.0000,783.58,96.00,0.0000,1019.13,192.18,0.0000,1028.29,306.68,0.0000,847.70,307.99,0.0000,909.21,340.71,0.0000,954.35,285.75,0.0000,982.49,306.68,0.0000,962.21,354.45,0.0000,960.90,372.11,0.0000
245,1,Jok,0.6252,985.0,114.2,1097.4,374.6,0.8834,1043.92,221.15,0.0000,1010.41,195.76,0.0000,1070.33,202.87,0.0000,1027.16,164.78,0.0000,910.88,114.00,0.0000,1023.10,185.60,0.0000,1051.03,209.47,0.0000,1032.75,310.02,0.0000,1044.43,300.88,0.0000,1052.55,335.41,0.0000,1059.16,321.19,0.0000,1032.75,328.80,0.0000,1025.64,321.70,0.0000,1033.26,300.88,0.0000,1036.30,300.88,0.0000,990.60,337.44,0.0000,996.70,336.42,0.0000
246,0,Elm,0.6208,832.4,87.9,1080.4,427.3,0.8954,1021.26,168.68,0.0000,1011.30,144.11,0.0000,1021.26,147.43,0.0000,785.52,87.00,0.0000,1007.31,128.17,0.0000,785.52,87.00,0.0000,974.77,170.01,0.0000,990.71,228.45,0.0000,785.52,87.00,0.0000,1023.25,187.94,0.0000,785.52,87.00,0.0000,844.62,311.45,0.0000,908.37,343.33,0.0000,979.42,280.91,0.0000,785.52,87.00,0.0000,969.46,343.99,0.0000,965.48,367.90,0.0000
246,1,Jok,0.6001,987.3,107.7,1097.6,375.6,0.8953,1049.81,217.97,0.0000,1014.22,187.61,0.0000,1068.13,199.12,0.0000,1032.02,171.91,0.0000,1071.80,191.80,0.0000,1032.54,187.61,0.0000,1045.10,230.53,0.0000,1009.51,297.01,0.0000,983.86,284.97,0.0000,1061.85,243.09,0.0000,1056.62,249.38,0.0000,1033.59,325.80,0.0000,908.48,374.48,0.0000,1027.30,298.05,0.0000,995.38,298.58,0.0000,1005.84,342.02,0.0000,975.48,347.26,0.0000
247,0,Elm,0.6765,850.5,84.9,1081.1,415.4,0.8740,1041.36,178.39,0.0000,969.60,123.44,0.0000,1041.36,148.65,0.0000,979.94,102.10,0.0000,1038.77,131.19,0.0000,799.57,84.00,0.0000,1010.97,174.51,0.0000,870.04,202.95,0.0000,1007.10,277.30,0.0000,1055.58,201.66,0.0000,799.57,84.00,0.0000,856.46,325.14,0.0000,943.09,353.58,0.0000,1012.27,283.76,0.0000,799.57,84.00,0.0000,1002.57,357.46,0.0000,799.57,84.00,0.0000
247,1,Jok,0.6413,998.6,113.6,1102.7,364.6,0.8544,1065.65,216.44,0.0000,1064.18,215.95,0.0000,1068.59,210.56,0.0000,1052.91,174.28,0.0000,1073.99,191.93,0.0000,1033.30,173.79,0.0000,1047.51,207.12,0.0000,1027.90,278.70,0.0000,1018.10,275.27,0.0000,1060.26,225.26,0.0000,1057.32,225.75,0.0000,924.46,363.51,0.0000,971.53,363.51,0.0000,1035.75,291.94,0.0000,1015.16,297.33,0.0000,1011.24,352.72,0.0000,1006.33,352.72,0.0000
248,0,Elm,0.6679,861.4,93.9,1097.5,413.1,0.8892,1070.38,203.00,0.0000,999.12,93.00,0.0000,1087.25,170.50,0.0000,818.50,93.00,0.0000,1082.25,161.12,0.0000,818.50,93.00,0.0000,1052.25,186.12,0.0000,906.00,180.50,0.0000,1039.75,291.75,0.0000,946.62,225.50,0.0000,1052.88,234.25,0.0000,874.12,321.12,0.0000,944.75,349.25,0.0000,856.00,233.62,0.0000,1009.12,276.75,0.0000,1003.50,353.00,0.0000,818.50,93.00,0.0000
248,1,Jok,0.6070,1003.9,105.4,1108.6,377.3,0.6960,1077.38,212.31,0.0000,1078.97,179.91,0.0000,1081.09,179.38,0.0000,919.06,105.00,0.0000,1081.09,159.19,0.0000,989.19,136.34,0.0000,1058.25,180.44,0.0000,1046.03,257.47,0.0000,1041.25,284.56,0.0000,1058.25,236.22,0.0000,1046.56,230.91,0.0000,919.06,328.66,0.0000,978.56,336.09,0.0000,919.06,277.12,0.0000,1015.22,264.91,0.0000,1006.72,358.41,0.0000,1000.34,358.41,0.0000
249,0,Elm,0.7109,871.3,90.9,1106.0,407.3,0.9288,1145.28,181.01,0.0000,1027.02,90.00,0.0000,1098.22,159.96,0.0000,1050.55,117.86,0.0000,1097.61,160.58,0.0000,828.90,90.00,0.0000,1070.98,184.73,0.0000,828.90,90.00,0.0000,828.90,90.00,0.0000,970.68,148.20,0.0000,1067.27,252.21,0.0000,888.96,315.37,0.0000,977.49,348.18,0.0000,855.52,230.54,0.0000,1026.40,298.03,0.0000,828.90,351.28,0.0000,1002.26,359.95,0.0000
250,0,Elm,0.6176,875.2,70.1,1111.8,405.4,0.9384,1075.21,168.80,0.0000,1001.28,109.91,0.0000,1090.92,141.97,0.0000,825.27,70.00,0.0000,825.27,70.00,0.0000,825.27,70.00,0.0000,1066.71,173.38,0.0000,924.07,200.86,0.0000,825.27,70.00,0.0000,956.13,247.31,0.0000,1077.83,241.43,0.0000,825.27,70.00,0.0000,994.74,346.77,0.0000,901.83,240.77,0.0000,1044.46,300.31,0.0000,825.27,345.46,0.0000,1016.33,357.24,0.0000
251,1,Jok,0.5649,882.5,69.7,1118.6,404.0,0.9488,1075.75,123.80,0.0000,1003.99,105.53,0.0000,1064.66,129.02,0.0000,832.42,69.00,0.0000,832.42,69.00,0.0000,832.42,69.00,0.0000,1051.61,167.50,0.0000,917.23,218.39,0.0000,832.42,69.00,0.0000,1080.31,223.61,0.0000,1065.96,223.61,0.0000,832.42,69.00,0.0000,999.42,345.59,0.0000,872.21,248.39,0.0000,1047.70,292.10,0.0000,832.42,351.46,0.0000,1019.64,356.03,0.0000
252,0,Elm,0.6714,891.6,79.1,1131.0,402.3,0.9570,1059.44,133.88,0.0000,990.68,106.13,0.0000,1063.22,125.68,0.0000,849.36,79.00,0.0000,849.36,79.00,0.0000,849.36,79.00,0.0000,1034.21,167.32,0.0000,898.57,221.57,0.0000,849.36,79.00,0.0000,1063.22,180.57,0.0000,1063.86,199.49,0.0000,897.94,330.08,0.0000,1000.14,349.64,0.0000,882.17,263.84,0.0000,849.36,79.00,0.0000,849.36,355.32,0.0000,1020.33,360.99,0.0000
253,0,Elm,0.6943,879.3,79.0,1128.9,404.2,0.9597,1052.82,136.58,0.0000,984.06,113.66,0.0000,1056.64,125.12,0.0000,840.80,78.00,0.0000,840.80,78.00,0.0000,840.80,78.00,0.0000,1029.90,168.41,0.0000,840.80,78.00,0.0000,840.80,78.00,0.0000,1068.74,180.51,0.0000,840.80,78.00,0.0000,903.83,337.14,0.0000,999.98,347.33,0.0000,873.91,270.29,0.0000,840.80,78.00,0.0000,840.80,347.33,0.0000,1019.08,356.88,0.0000
254,0,Elm,0.6794,888.6,79.6,1132.5,403.2,0.9640,1053.80,137.22,0.0000,989.88,114.44,0.0000,1062.02,136.59,0.0000,847.50,79.00,0.0000,847.50,79.00,0.0000,847.50,79.00,0.0000,1032.91,170.76,0.0000,847.50,79.00,0.0000,847.50,79.00,0.0000,1061.39,189.74,0.0000,1061.39,213.79,0.0000,896.86,336.55,0.0000,1000.01,350.48,0.0000,880.41,270.11,0.0000,847.50,79.00,0.0000,847.50,354.27,0.0000,1024.69,356.80,0.0000
255,0,Elm,0.6204,887.9,77.6,1130.9,402.8,0.9612,1061.56,135.40,0.0000,986.66,115.09,0.0000,1062.20,134.76,0.0000,846.38,77.00,0.0000,846.38,77.00,0.0000,846.38,77.00,0.0000,1038.71,170.31,0.0000,908.58,233.15,0.0000,846.38,77.00,0.0000,1069.18,188.72,0.0000,1064.10,212.21,0.0000,846.38,77.00,0.0000,998.72,349.31,0.0000,879.38,257.91,0.0000,1039.34,292.82,0.0000,846.38,353.76,0.0000,1018.40,361.38,0.0000
256,0,Elm,0.6831,889.5,80.3,1128.7,402.9,0.9617,1060.06,137.86,0.0000,987.11,115.85,0.0000,1061.32,137.23,0.0000,847.49,80.00,0.0000,847.49,80.00,0.0000,847.49,80.00,0.0000,1036.79,171.82,0.0000,908.50,231.57,0.0000,847.49,80.00,0.0000,1068.24,190.69,0.0000,1063.84,205.15,0.0000,847.49,80.00,0.0000,999.06,346.66,0.0000,880.20,259.24,0.0000,1039.94,293.20,0.0000,847.49,354.83,0.0000,1017.93,356.72,0.0000
257,0,Elm,0.5996,890.6,77.5,1131.7,401.3,0.9650,1052.00,136.48,0.0000,982.39,115.60,0.0000,1058.33,135.85,0.0000,848.23,77.00,0.0000,848.23,77.00,0.0000,848.23,77.00,0.0000,1033.02,171.92,0.0000,908.98,229.51,0.0000,848.23,77.00,0.0000,1061.49,188.38,0.0000,1064.02,211.79,0.0000,896.96,334.55,0.0000,999.48,348.48,0.0000,881.14,267.48,0.0000,1039.98,298.48,0.0000,1007.70,353.54,0.0000,1013.40,359.87,0.0000
258,0,Elm,0.5733,889.0,77.5,1131.5,401.5,0.9663,1051.63,135.85,0.0000,982.66,115.60,0.0000,1055.43,135.85,0.0000,848.50,77.00,0.0000,848.50,77.00,0.0000,848.50,77.00,0.0000,1033.28,171.92,0.0000,904.19,228.88,0.0000,848.50,77.00,0.0000,1060.49,188.38,0.0000,1062.39,211.79,0.0000,897.23,334.55,0.0000,999.74,348.48,0.0000,881.41,257.35,0.0000,1040.24,300.38,0.0000,848.50,352.91,0.0000,1013.66,359.87,0.0000
259,0,Elm,0.5580,889.9,78.6,1131.8,402.2,0.9652,1052.27,167.86,0.0000,982.66,116.60,0.0000,1055.43,136.85,0.0000,848.50,78.00,0.0000,848.50,78.00,0.0000,848.50,78.00,0.0000,1032.65,172.29,0.0000,909.88,229.88,0.0000,848.50,78.00,0.0000,1060.49,189.38,0.0000,1062.39,212.79,0.0000,897.23,329.86,0.0000,999.11,348.84,0.0000,881.41,262.78,0.0000,1040.24,300.75,0.0000,1007.97,353.91,0.0000,1013.66,360.23,0.0000
260,0,Elm,0.6885,887.8,78.9,1129.9,401.5,0.9654,1049.76,137.93,0.0000,986.68,116.48,0.0000,1052.92,136.67,0.0000,846.62,78.00,0.0000,846.62,78.00,0.0000,846.62,78.00,0.0000,1031.47,174.52,0.0000,884.48,223.10,0.0000,846.62,78.00,0.0000,1058.59,189.03,0.0000,1060.49,219.31,0.0000,895.20,334.76,0.0000,998.03,348.64,0.0000,873.12,267.89,0.0000,1039.04,300.06,0.0000,846.62,353.05,0.0000,1017.59,360.62,0.0000
261,0,Elm,0.6028,889.3,78.8,1131.3,401.9,0.9646,1051.13,189.03,0.0000,988.68,116.48,0.0000,1054.92,136.04,0.0000,848.62,78.00,0.0000,848.62,78.00,0.0000,848.62,78.00,0.0000,1031.57,172.00,0.0000,904.14,229.41,0.0000,848.62,78.00,0.0000,1057.44,189.03,0.0000,1060.59,213.00,0.0000,897.20,334.76,0.0000,999.40,348.64,0.0000,881.43,267.89,0.0000,1040.41,300.69,0.0000,848.62,353.69,0.0000,1018.96,359.99,0.0000
262,0,Elm,0.6346,887.3,79.3,1132.0,401.9,0.9652,1053.03,138.75,0.0000,981.34,117.36,0.0000,1053.66,136.86,0.0000,848.01,79.00,0.0000,848.01,79.00,0.0000,848.01,79.00,0.0000,1031.65,172.71,0.0000,902.72,229.94,0.0000,848.01,79.00,0.0000,1059.95,189.69,0.0000,1062.46,219.88,0.0000,848.01,79.00,0.0000,998.95,348.80,0.0000,880.71,268.30,0.0000,1039.20,301.00,0.0000,848.01,353.83,0.0000,1018.44,360.12,0.0000
263,0,Elm,0.5901,887.0,79.6,1132.0,401.4,0.9649,1050.52,137.49,0.0000,980.71,117.36,0.0000,1053.66,136.86,0.0000,848.01,79.00,0.0000,848.01,79.00,0.0000,848.01,79.00,0.0000,1032.28,173.96,0.0000,903.35,230.57,0.0000,848.01,79.00,0.0000,1059.32,189.69,0.0000,1061.21,213.59,0.0000,848.01,79.00,0.0000,998.95,348.80,0.0000,880.71,257.61,0.0000,1039.20,293.46,0.0000,848.01,353.20,0.0000,1018.44,360.12,0.0000
264,0,Elm,0.7110,888.4,80.5,1130.8,402.0,0.9661,1049.75,139.56,0.0000,980.79,118.24,0.0000,1052.89,137.68,0.0000,847.88,80.00,0.0000,847.88,80.00,0.0000,847.88,80.00,0.0000,1030.95,172.79,0.0000,896.78,231.10,0.0000,847.88,80.00,0.0000,1058.53,190.34,0.0000,1061.04,214.17,0.0000,896.15,335.17,0.0000,998.34,348.96,0.0000,880.48,258.68,0.0000,1038.47,300.69,0.0000,847.88,353.35,0.0000,1017.78,360.88,0.0000
265,0,Elm,0.6486,888.7,78.4,1135.1,402.5,0.9676,1050.00,167.86,0.0000,983.55,117.23,0.0000,1056.96,137.48,0.0000,850.03,78.00,0.0000,850.03,78.00,0.0000,850.03,78.00,0.0000,1031.65,172.29,0.0000,899.39,233.67,0.0000,850.03,78.00,0.0000,1058.23,194.44,0.0000,1061.39,213.42,0.0000,850.03,78.00,0.0000,993.05,349.48,0.0000,876.61,268.48,0.0000,1041.77,298.22,0.0000,850.03,345.68,0.0000,1015.20,361.50,0.0000
266,0,Elm,0.6135,889.7,79.5,1131.1,401.9,0.9650,1050.63,138.75,0.0000,981.45,117.99,0.0000,1047.48,137.49,0.0000,848.75,79.00,0.0000,848.75,79.00,0.0000,848.75,79.00,0.0000,1028.62,172.08,0.0000,897.18,233.71,0.0000,848.75,79.00,0.0000,1058.80,194.72,0.0000,1060.06,213.59,0.0000,848.75,79.00,0.0000,999.06,348.80,0.0000,874.54,268.93,0.0000,1039.94,300.38,0.0000,1007.86,353.20,0.0000,1019.18,360.12,0.0000
267,0,Elm,0.6919,889.0,79.5,1128.2,402.3,0.9667,1046.71,138.30,0.0000,981.11,125.05,0.0000,1046.71,137.67,0.0000,847.36,79.00,0.0000,847.36,79.00,0.0000,847.36,79.00,0.0000,1027.79,173.63,0.0000,895.31,234.19,0.0000,847.36,79.00,0.0000,1056.18,190.03,0.0000,1059.96,214.00,0.0000,847.36,79.00,0.0000,998.77,349.64,0.0000,873.86,269.52,0.0000,1039.78,301.69,0.0000,847.36,354.69,0.0000,1018.33,361.62,0.0000
268,0,Elm,0.5870,884.5,80.2,1127.8,402.8,0.9678,1046.89,137.86,0.0000,978.34,118.36,0.0000,1043.74,137.86,0.0000,845.01,80.00,0.0000,845.01,80.00,0.0000,845.01,80.00,0.0000,1028.02,173.71,0.0000,905.38,234.71,0.0000,845.01,80.00,0.0000,1056.32,190.69,0.0000,1059.46,214.59,0.0000,845.01,80.00,0.0000,996.57,349.80,0.0001,877.71,269.93,0.0000,1037.45,299.49,0.0000,845.01,353.57,0.0000,1021.10,361.12,0.0000
269,0,Elm,0.6964,884.6,78.9,1127.1,403.2,0.9677,1043.33,124.97,0.0000,977.95,124.34,0.0000,1043.33,137.03,0.0000,843.38,78.00,0.0000,843.38,78.00,0.0000,843.38,78.00,0.0000,1028.09,173.21,0.0000,904.31,234.15,0.0000,843.38,78.00,0.0000,1056.02,194.80,0.0000,1057.93,213.21,0.0000,843.38,78.00,0.0000,996.35,350.31,0.0000,876.38,269.70,0.0000,1037.61,299.53,0.0000,843.38,354.12,0.0000,1021.11,361.74,0.0000
270,0,Elm,0.6669,884.8,80.0,1126.5,403.0,0.9675,1042.98,126.68,0.0000,977.37,118.48,0.0000,1042.35,138.04,0.0000,843.62,80.00,0.0000,843.62,80.00,0.0000,843.62,80.00,0.0000,1027.21,174.00,0.0000,904.82,235.19,0.0000,843.62,80.00,0.0000,1054.96,191.03,0.0000,1058.12,214.37,0.0000,843.62,80.00,0.0000,995.66,350.64,0.0001,876.43,269.89,0.0000,1036.67,300.17,0.0000,843.62,354.42,0.0000,1020.27,357.58,0.0000
271,0,Elm,0.6413,883.1,80.2,1126.4,402.4,0.9662,1042.11,134.09,0.0000,977.34,118.36,0.0000,1042.74,137.86,0.0000,844.01,80.00,0.0000,844.01,80.00,0.0000,844.01,80.00,0.0000,1027.65,173.08,0.0000,905.01,235.34,0.0000,844.01,80.00,0.0000,1055.32,190.69,0.0000,1058.46,213.96,0.0000,844.01,80.00,0.0000,995.57,349.80,0.0001,876.71,269.93,0.0000,1040.23,299.49,0.0000,844.01,352.32,0.0000,1020.10,361.12,0.0000
272,0,Elm,0.6848,885.4,81.4,1125.4,402.8,0.9668,1042.37,139.31,0.0000,977.79,119.24,0.0000,1042.37,138.05,0.0000,844.88,81.00,0.0000,844.88,81.00,0.0000,844.88,81.00,0.0000,1027.32,173.16,0.0000,891.90,235.23,0.0000,844.88,81.00,0.0000,1052.40,191.34,0.0000,1058.04,214.54,0.0000,844.88,81.00,0.0000,995.97,349.96,0.0000,876.85,269.71,0.0000,1036.72,301.06,0.0000,844.88,353.72,0.0000,1020.42,361.88,0.0000
273,0,Elm,0.6818,885.0,81.6,1125.1,402.7,0.9675,1042.99,138.68,0.0000,977.79,119.24,0.0000,1042.99,138.68,0.0000,844.88,81.00,0.0000,844.88,81.00,0.0000,844.88,81.00,0.0000,1027.95,173.79,0.0000,884.37,235.23,0.0000,844.88,81.00,0.0000,1054.90,191.34,0.0000,1058.04,214.54,0.0000,844.88,81.00,0.0000,995.97,349.96,0.0001,876.85,270.34,0.0000,1037.35,301.69,0.0000,844.88,353.72,0.0000,1020.42,361.88,0.0000
274,0,Elm,0.6138,885.6,81.0,1126.5,402.6,0.9672,1042.99,134.92,0.0000,977.79,126.77,0.0000,1042.99,138.05,0.0000,844.88,81.00,0.0000,844.88,81.00,0.0000,844.88,81.00,0.0000,1027.95,174.42,0.0000,899.42,235.23,0.0000,844.88,81.00,0.0000,1055.53,191.34,0.0000,1059.29,214.54,0.0000,844.88,81.00,0.0000,995.97,349.96,0.0001,877.48,269.71,0.0000,1040.48,301.69,0.0000,844.88,353.10,0.0000,1015.41,361.88,0.0000
275,0,Elm,0.6769,886.1,81.4,1129.9,402.1,0.9680,1044.62,139.31,0.0000,980.04,126.77,0.0000,1044.62,139.31,0.0000,847.13,81.00,0.0000,847.13,81.00,0.0000,847.13,81.00,0.0000,1028.32,174.42,0.0000,885.37,234.60,0.0000,847.13,81.00,0.0000,1057.79,191.34,0.0000,1061.55,221.44,0.0000,847.13,81.00,0.0000,997.60,349.96,0.0000,873.46,270.34,0.0000,1038.35,299.81,0.0000,847.13,354.98,0.0000,1017.03,361.88,0.0000
276,0,Elm,0.7060,881.4,80.6,1123.3,403.0,0.9681,1043.13,138.04,0.0000,974.37,126.68,0.0000,1046.92,138.04,0.0000,840.62,80.00,0.0000,840.62,80.00,0.0000,840.62,80.00,0.0000,1025.47,173.37,0.0000,911.28,235.82,0.0000,840.62,80.00,0.0000,1057.01,191.66,0.0000,1060.79,214.37,0.0000,840.62,80.00,0.0000,993.29,350.01,0.0000,873.43,283.77,0.0000,1039.35,300.80,0.0000,840.62,354.42,0.0000,1017.27,362.62,0.0000
277,1,Jok,0.5176,885.3,80.8,1126.9,402.6,0.9690,1043.48,137.86,0.0000,978.08,126.54,0.0000,1043.48,138.49,0.0000,844.75,80.00,0.0000,844.75,80.00,0.0000,844.75,80.00,0.0000,1028.39,173.08,0.0000,905.75,234.71,0.0000,844.75,80.00,0.0000,1056.06,190.69,0.0000,1060.46,220.88,0.0000,844.75,80.00,0.0000,996.32,349.17,0.0000,882.48,252.95,0.0000,1040.97,293.83,0.0000,844.75,353.57,0.0000,1021.47,356.72,0.0000
278,0,Elm,0.5651,881.2,80.0,1126.4,403.3,0.9683,1041.24,138.04,0.0000,975.63,126.68,0.0000,1041.87,138.67,0.0000,841.89,80.00,0.0000,841.89,80.00,0.0000,841.89,80.00,0.0000,1026.73,173.37,0.0000,912.54,235.82,0.0000,841.89,80.00,0.0000,1054.49,191.03,0.0000,1058.27,214.37,0.0000,841.89,80.00,0.0000,993.92,350.64,0.0001,879.74,270.52,0.0000,1039.35,300.80,0.0000,841.89,354.42,0.0000,1013.48,362.62,0.0000
279,0,Elm,0.6750,882.8,81.4,1124.4,402.8,0.9677,1043.13,138.68,0.0000,974.79,127.39,0.0000,1039.99,138.68,0.0000,841.88,81.00,0.0000,841.88,81.00,0.0000,841.88,81.00,0.0000,1025.57,173.16,0.0000,903.32,235.86,0.0000,841.88,81.00,0.0000,1053.16,191.34,0.0000,1060.05,214.54,0.0000,841.88,81.00,0.0000,993.60,349.96,0.0001,874.48,270.34,0.0000,1038.74,300.43,0.0000,841.88,354.35,0.0000,1017.42,361.88,0.0000
280,0,Elm,0.6915,882.5,81.2,1123.3,403.1,0.9676,1043.63,138.86,0.0000,975.08,127.54,0.0000,1040.48,138.86,0.0000,841.75,81.00,0.0000,841.75,81.00,0.0000,841.75,81.00,0.0000,1026.02,173.45,0.0000,902.75,236.34,0.0000,841.75,81.00,0.0000,1054.32,191.69,0.0000,1061.24,214.96,0.0000,841.75,81.00,0.0000,993.95,350.17,0.0001,879.48,270.93,0.0000,1038.60,301.12,0.0000,841.75,354.57,0.0000,1017.84,357.72,0.0000
281,0,Elm,0.5885,883.5,80.8,1125.3,402.8,0.9671,1044.63,137.86,0.0000,982.37,126.54,0.0000,1042.11,137.86,0.0000,842.75,80.00,0.0000,842.75,80.00,0.0000,842.75,80.00,0.0000,1026.39,173.08,0.0000,913.19,235.97,0.0000,842.75,80.00,0.0000,1055.32,190.69,0.0000,1062.24,220.88,0.0000,842.75,80.00,0.0000,994.95,349.80,0.0000,881.11,269.30,0.0000,1040.23,299.49,0.0000,842.75,351.69,0.0000,1018.84,356.72,0.0000
282,0,Elm,0.6242,885.3,81.0,1125.5,402.9,0.9663,1042.23,137.86,0.0000,976.82,126.54,0.0000,1042.23,138.49,0.0000,843.49,80.00,0.0000,843.49,80.00,0.0000,843.49,80.00,0.0000,1027.13,173.08,0.0000,904.50,235.34,0.0000,843.49,80.00,0.0000,1055.43,190.69,0.0000,1059.21,213.96,0.0000,843.49,80.00,0.0000,995.06,349.80,0.0000,876.20,269.93,0.0000,843.49,80.00,0.0000,843.49,353.57,0.0000,1019.59,356.72,0.0000
283,0,Elm,0.5593,886.3,82.2,1125.5,402.1,0.9659,1046.62,139.50,0.0000,978.50,128.25,0.0000,1043.50,140.12,0.0000,846.00,82.00,0.0000,846.00,82.00,0.0000,846.00,82.00,0.0000,1028.50,174.50,0.0000,906.00,232.62,0.0000,846.00,82.00,0.0000,1056.62,192.00,0.0000,1063.50,222.62,0.0000,846.00,82.00,0.0000,996.62,350.12,0.0000,878.50,270.75,0.0000,1037.25,295.12,0.0000,846.00,355.12,0.0000,1020.38,362.00,0.0000
284,0,Elm,0.6892,885.9,82.5,1123.9,402.2,0.9664,1044.38,139.50,0.0000,976.25,127.62,0.0000,1048.12,140.12,0.0000,843.75,82.00,0.0000,843.75,82.00,0.0000,843.75,82.00,0.0000,1026.88,173.88,0.0000,898.12,232.62,0.0000,843.75,82.00,0.0000,1055.00,192.00,0.0000,1061.25,215.12,0.0000,843.75,82.00,0.0000,994.38,350.12,0.0000,876.25,260.12,0.0000,1038.75,295.12,0.0000,843.75,353.88,0.0000,1013.75,362.62,0.0000
285,0,Elm,0.6259,885.7,81.5,1123.9,402.7,0.9663,1044.87,135.54,0.0000,976.54,127.39,0.0000,1041.74,139.31,0.0000,843.62,81.00,0.0000,843.62,81.00,0.0000,843.62,81.00,0.0000,1026.69,173.79,0.0000,898.17,235.23,0.0000,843.62,81.00,0.0000,1054.90,191.34,0.0000,1058.67,221.44,0.0000,843.62,81.00,0.0000,994.72,349.96,0.0000,876.22,269.71,0.0000,1035.47,299.81,0.0000,843.62,353.72,0.0000,1014.15,362.50,0.0000
286,0,Elm,0.6325,886.1,80.9,1126.3,402.7,0.9663,1042.60,138.49,0.0000,977.82,125.91,0.0000,1034.42,138.49,0.0000,844.49,80.00,0.0000,844.49,80.00,0.0000,844.49,80.00,0.0000,1027.50,173.08,0.0000,905.50,234.71,0.0000,844.49,80.00,0.0000,1055.18,195.72,0.0000,1058.95,220.88,0.0000,844.49,80.00,0.0000,996.06,349.80,0.0001,877.20,269.30,0.0000,1036.94,294.46,0.0000,844.49,354.20,0.0000,1015.55,361.12,0.0000
287,0,Elm,0.6418,887.1,80.6,1127.3,402.3,0.9663,1043.60,138.49,0.0000,978.82,126.54,0.0000,1044.23,138.49,0.0000,845.49,80.00,0.0000,845.49,80.00,0.0000,845.49,80.00,0.0000,1025.99,173.08,0.0000,907.12,234.71,0.0000,845.49,80.00,0.0000,1056.18,190.69,0.0000,1059.32,214.59,0.0000,845.49,80.00,0.0000,997.06,349.80,0.0000,878.20,269.30,0.0000,1037.31,300.12,0.0000,845.49,354.20,0.0000,1016.55,361.75,0.0000
288,0,Elm,0.6974,888.8,80.7,1129.6,402.5,0.9665,1045.86,138.49,0.0000,981.08,125.91,0.0000,1037.68,138.49,0.0000,847.75,80.00,0.0000,847.75,80.00,0.0000,847.75,80.00,0.0000,1026.99,173.08,0.0000,918.19,235.34,0.0000,847.75,80.00,0.0000,1055.29,200.12,0.0000,1059.69,214.59,0.0000,847.75,80.00,0.0000,998.69,349.17,0.0001,880.45,269.30,0.0000,1038.94,299.49,0.0000,1007.49,354.20,0.0000,1017.55,360.49,0.0000
289,0,Elm,0.6267,887.5,82.1,1127.5,402.9,0.9665,1047.62,141.38,0.0000,979.50,128.25,0.0000,1045.12,140.75,0.0000,847.00,82.00,0.0000,847.00,82.00,0.0000,847.00,82.00,0.0000,1026.38,174.50,0.0000,895.75,235.12,0.0000,847.00,82.00,0.0000,1057.62,192.00,0.0000,1061.38,222.00,0.0000,847.00,82.00,0.0000,997.00,350.12,0.0000,878.88,270.75,0.0000,1038.25,302.00,0.0000,847.00,354.50,0.0000,1017.00,362.00,0.0000
290,0,Elm,0.6451,884.5,81.5,1124.1,402.5,0.9665,1045.13,138.68,0.0000,983.06,126.77,0.0000,1048.89,139.93,0.0000,843.88,81.00,0.0000,843.88,81.00,0.0000,843.88,81.00,0.0000,1027.57,173.79,0.0000,904.06,235.23,0.0000,843.88,81.00,0.0000,1055.79,200.12,0.0000,1058.92,214.54,0.0000,843.88,81.00,0.0000,994.97,349.96,0.0000,876.48,259.05,0.0000,1039.48,301.69,0.0000,843.88,346.20,0.0000,1014.41,361.88,0.0000
291,0,Elm,0.6559,887.1,82.0,1126.0,402.0,0.9653,1046.38,140.12,0.0000,983.88,127.62,0.0000,1049.50,140.75,0.0000,845.75,82.00,0.0000,845.75,82.00,0.0000,845.75,82.00,0.0000,1028.88,174.50,0.0000,893.88,232.62,0.0000,845.75,82.00,0.0000,1057.00,192.00,0.0000,1060.12,222.00,0.0000,893.88,336.38,0.0000,995.75,350.12,0.0001,872.00,270.75,0.0000,1037.00,302.00,0.0000,845.75,354.50,0.0000,1015.12,362.00,0.0000
292,0,Elm,0.6294,887.5,81.7,1125.4,402.3,0.9663,1043.11,127.39,0.0000,987.94,126.77,0.0000,1044.37,139.31,0.0000,845.62,81.00,0.0000,845.62,81.00,0.0000,845.62,81.00,0.0000,1028.69,174.42,0.0000,900.17,232.10,0.0000,845.62,81.00,0.0000,1056.90,191.34,0.0000,1059.41,221.44,0.0000,893.90,336.17,0.0000,996.09,349.96,0.0001,877.60,269.71,0.0000,1037.47,299.81,0.0000,845.62,354.35,0.0000,1015.53,362.50,0.0000
293,0,Elm,0.6605,884.8,81.3,1126.9,402.7,0.9672,1041.99,135.54,0.0000,983.06,119.87,0.0000,1048.26,139.31,0.0000,843.88,81.00,0.0000,843.88,81.00,0.0000,843.88,81.00,0.0000,1027.57,173.79,0.0000,902.81,235.86,0.0000,843.88,81.00,0.0000,1055.16,191.34,0.0000,1058.92,221.44,0.0000,843.88,81.00,0.0000,994.97,349.96,0.0000,876.48,269.71,0.0000,1035.72,299.81,0.0000,843.88,353.72,0.0000,1013.78,361.88,0.0000
294,0,Elm,0.7034,884.8,81.5,1126.6,402.3,0.9677,1041.99,127.39,0.0000,986.19,119.24,0.0000,1048.26,138.68,0.0000,843.88,81.00,0.0000,843.88,81.00,0.0000,843.88,81.00,0.0000,1027.57,173.79,0.0000,891.52,235.86,0.0000,843.88,81.00,0.0000,1055.79,200.75,0.0000,1058.92,221.44,0.0000,900.30,336.17,0.0000,994.97,349.96,0.0001,875.85,270.34,0.0000,1038.86,301.06,0.0000,843.88,353.10,0.0000,1014.41,361.88,0.0000
295,0,Elm,0.6624,886.2,82.8,1126.2,402.5,0.9673,1043.50,139.50,0.0000,987.88,127.00,0.0000,1044.12,140.12,0.0000,846.00,82.00,0.0000,846.00,82.00,0.0000,846.00,82.00,0.0000,1028.50,174.50,0.0000,884.12,235.75,0.0000,846.00,82.00,0.0000,1056.62,201.38,0.0000,1059.12,222.00,0.0000,894.75,336.38,0.0000,996.62,350.12,0.0001,872.25,260.12,0.0000,1037.25,300.75,0.0000,846.00,353.88,0.0000,1016.00,362.00,0.0000
296,0,Elm,0.6628,885.9,81.7,1125.1,403.4,0.9683,1042.23,139.49,0.0000,986.25,126.91,0.0000,1048.52,140.12,0.0000,843.49,81.00,0.0000,843.49,81.00,0.0000,843.49,81.00,0.0000,1027.13,174.08,0.0000,904.50,235.71,0.0000,843.49,81.00,0.0000,1056.06,201.12,0.0000,1059.21,215.59,0.0000,843.49,81.00,0.0000,995.06,350.17,0.0001,875.57,270.93,0.0000,1035.94,295.46,0.0000,843.49,347.66,0.0000,1014.55,357.72,0.0000
297,0,Elm,0.6711,885.7,81.9,1124.2,402.7,0.9670,1041.74,138.68,0.0000,986.57,126.77,0.0000,1048.63,139.93,0.0000,843.62,81.00,0.0000,843.62,81.00,0.0000,843.62,81.00,0.0000,1026.69,174.42,0.0000,904.44,235.23,0.0000,843.62,81.00,0.0000,1055.53,196.36,0.0000,1058.04,214.54,0.0000,900.05,336.17,0.0000,994.72,349.96,0.0001,876.22,259.68,0.0000,1039.23,300.43,0.0000,843.62,353.10,0.0000,1013.53,361.88,0.0000
298,0,Elm,0.5448,886.3,81.5,1125.7,403.1,0.9675,1043.23,138.86,0.0000,987.25,126.91,0.0000,1043.86,139.49,0.0000,844.49,81.00,0.0000,844.49,81.00,0.0000,844.49,81.00,0.0000,1028.13,174.08,0.0000,904.87,235.71,0.0000,844.49,81.00,0.0000,1057.06,201.12,0.0000,1059.58,221.88,0.0000,844.49,81.00,0.0000,996.06,350.17,0.0000,877.20,257.72,0.0000,1036.31,295.46,0.0000,844.49,347.66,0.0000,1015.55,357.72,0.0000
299,0,Elm,0.5417,885.4,82.1,1126.3,402.6,0.9674,1042.50,139.50,0.0000,986.88,127.00,0.0000,1043.12,140.12,0.0000,845.00,82.00,0.0000,845.00,82.00,0.0000,845.00,82.00,0.0000,1027.50,173.88,0.0000,883.75,232.62,0.0000,845.00,82.00,0.0000,1056.25,197.00,0.0000,1058.75,215.12,0.0000,893.75,336.38,0.0000,995.62,349.50,0.0001,871.25,260.12,0.0000,1036.25,299.50,0.0000,845.00,353.88,0.0000,1019.38,362.00,0.0000
300,0,Elm,0.6533,886.8,82.6,1126.3,402.5,0.9673,1043.50,139.50,0.0000,987.88,120.75,0.0000,1043.50,140.12,0.0000,846.00,82.00,0.0000,846.00,82.00,0.0000,846.00,82.00,0.0000,1028.50,174.50,0.0000,906.00,235.75,0.0000,846.00,82.00,0.0000,1057.25,197.00,0.0000,1059.75,222.00,0.0000,894.75,336.38,0.0000,996.62,350.12,0.0001,877.88,270.12,0.0000,1037.88,300.12,0.0000,846.00,355.12,0.0000,1020.38,362.00,0.0000
